cell_id,stratum,inv_dod,c_dis,recovery_index,overshoot_Ah
G14C1,S_partial,1.5078407720144755,0.5,-0.0089164514802149,-0.002002453077574795
G14C1,S_partial,1.5078407720144755,0.5,0.003443747404335325,0.000881918558097633
G14C1,S_partial,1.5078407720144755,0.5,-0.0088552667822914,-0.001832089922413016
G14C1,S_partial,1.5078407720144755,0.5,-0.01196604025876137,-0.0023589292214380997
G16C1,S_full,1.0243802499487809,0.5,-0.00010084469470011465,-8.772397454626102e-05
G16C1,S_full,1.0243802499487809,0.5,-0.006519255184791173,-0.0017882158604612952
G16C1,S_full,1.0243802499487809,0.5,-0.003650670302124801,-0.0010011331538359869
G16C1,S_full,1.0243802499487809,0.5,-0.006612917974253116,-0.0017252166699918137
G16C1,S_full,1.0243802499487809,0.5,0.0022787022259800095,0.0006169316518095935
G16C1,S_full,1.0243802499487809,0.5,-0.006122019720673812,-0.0015346783828026345
G16C1,S_full,1.0243802499487809,0.5,-0.005334782078758647,-0.0012409763357710824
G16C1,S_full,1.0243802499487809,0.5,0.007921734732616864,0.00201946490983429
G16C1,S_full,1.0243802499487809,0.5,-0.003641351162581434,-0.0008656207051845888
G16C1,S_full,1.0243802499487809,0.5,0.01596214418197237,0.003719744412712833
G16C1,S_full,1.0243802499487809,0.5,-0.005026830869373004,-0.0011485947764692528
G16C1,S_full,1.0243802499487809,0.5,-0.011259530864248342,-0.002263253670573312
G16C1,S_full,1.0243802499487809,0.5,-0.014289574327621362,-0.002490427582559407
G16C1,S_full,1.0243802499487809,0.5,-0.03272916401258515,-0.00483600032305298
G16C1,S_full,1.0243802499487809,0.5,0.07612646167222806,0.010923411295059193
G16C2,S_full,1.0243802499487809,0.5,0.0038998491577261563,0.0011069623334866163
G16C2,S_full,1.0243802499487809,0.5,-0.0005856401489492443,-0.00018032677046703194
G16C2,S_full,1.0243802499487809,0.5,0.002703607317314093,0.0007923329239429844
G16C2,S_full,1.0243802499487809,0.5,0.000290243706539869,6.677603797733411e-05
G16C2,S_full,1.0243802499487809,0.5,-0.0045449425160438775,-0.0012255880411133346
G16C2,S_full,1.0243802499487809,0.5,-0.003285056504845515,-0.0008734854826526472
G16C2,S_full,1.0243802499487809,0.5,0.0012334804185137455,0.0003950384092198944
G16C2,S_full,1.0243802499487809,0.5,0.004775303193147815,0.0012410375647180505
G16C2,S_full,1.0243802499487809,0.5,-0.01212033346908808,-0.002998701316677621
G16C2,S_full,1.0243802499487809,0.5,0.012919573370615221,0.0032345911685665585
G16C2,S_full,1.0243802499487809,0.5,-0.0017543411867138475,-0.000394032950275236
G16C2,S_full,1.0243802499487809,0.5,0.0060580864762233184,0.001716120069425342
G16C2,S_full,1.0243802499487809,0.5,-0.016300874050698876,-0.003451617349643582
G16C2,S_full,1.0243802499487809,0.5,-0.039432883027778844,-0.007415094848715581
G16C2,S_full,1.0243802499487809,0.5,0.0028232312702624065,0.000947492481651796
G16C3,S_full,1.0243802499487809,0.5,0.008717667069414282,0.0024443780680081795
G16C3,S_full,1.0243802499487809,0.5,0.0024781508787263457,0.0005424050049250284
G16C3,S_full,1.0243802499487809,0.5,5.929334196808517e-05,4.102795933996761e-05
G16C3,S_full,1.0243802499487809,0.5,-0.0010695849564634353,-0.000275498077527081
G16C3,S_full,1.0243802499487809,0.5,-0.00020222350636598253,-6.278704528434043e-05
G16C3,S_full,1.0243802499487809,0.5,-0.0005779599916339757,-0.00019049266026388567
G16C3,S_full,1.0243802499487809,0.5,-0.004468584123255947,-0.0011246358707492354
G16C3,S_full,1.0243802499487809,0.5,0.008610544468361134,0.0021376221522257377
G16C3,S_full,1.0243802499487809,0.5,-0.0056072062048178216,-0.0013403386134992756
G16C3,S_full,1.0243802499487809,0.5,0.014897222787088944,0.003575387370795269
G16C3,S_full,1.0243802499487809,0.5,0.0020392240354380154,0.0004770577688428812
G16C3,S_full,1.0243802499487809,0.5,0.009991951088847961,0.0023275850709401913
G16C3,S_full,1.0243802499487809,0.5,-0.0034953643798771726,-0.0006220864161451956
G16C3,S_full,1.0243802499487809,0.5,-0.055712069004698175,-0.009674937551381907
G16C3,S_full,1.0243802499487809,0.5,0.008308515982568042,0.0015711942664470568
G16C4,S_full,1.0243802499487809,0.5,0.006753499047401104,0.0018080951239194398
G16C4,S_full,1.0243802499487809,0.5,-0.003558629943443444,-0.001000357068464519
G16C4,S_full,1.0243802499487809,0.5,0.0015668402892110957,0.0004895891371445305
G16C4,S_full,1.0243802499487809,0.5,0.00541230186379456,0.001569756088797447
G16C4,S_full,1.0243802499487809,0.5,0.003548386605446481,0.0009609765698156969
G16C4,S_full,1.0243802499487809,0.5,0.0007040675853605539,0.00017306058099980648
G16C4,S_full,1.0243802499487809,0.5,-0.0007640160058708092,-0.0001349512647765283
G16C4,S_full,1.0243802499487809,0.5,0.00949023639826725,0.002487406451334495
G16C4,S_full,1.0243802499487809,0.5,0.0016478906959169876,0.0006454538343480531
G16C4,S_full,1.0243802499487809,0.5,0.02513016827326974,0.006202130823302343
G16C4,S_full,1.0243802499487809,0.5,0.002923994040349995,0.0006838564948795367
G16C4,S_full,1.0243802499487809,0.5,0.001873114780407719,0.0004986395290622891
G16C4,S_full,1.0243802499487809,0.5,-0.04848481789264026,-0.009389126800178171
G16C4,S_full,1.0243802499487809,0.5,-0.06097918155975038,-0.010066928834366662
G16C4,S_full,1.0243802499487809,0.5,0.06948345670516107,0.010462769299085739
G17C1,S_partial,1.4808233377758033,0.5,0.011046215573340021,0.0030515258997835804
G17C1,S_partial,1.4808233377758033,0.5,0.00289413683037868,0.0007665208645484811
G17C1,S_partial,1.4808233377758033,0.5,0.004840225809180038,0.0013003593792289547
G17C1,S_partial,1.4808233377758033,0.5,0.002417337885714629,0.0006873010570473959
G17C1,S_partial,1.4808233377758033,0.5,0.002188497307126819,0.0005723276380436015
G17C1,S_partial,1.4808233377758033,0.5,0.0052040441678804375,0.001347408453352572
G17C1,S_partial,1.4808233377758033,0.5,0.0029996967388692996,0.0007662247012459322
G17C1,S_partial,1.4808233377758033,0.5,0.012113730636440287,0.0030808091923824055
G17C1,S_partial,1.4808233377758033,0.5,-0.0007256321236780394,-7.159153169800092e-05
G17C1,S_partial,1.4808233377758033,0.5,0.027516252630633023,0.006892963120443102
G17C1,S_partial,1.4808233377758033,0.5,0.013576726800002816,0.003371240954660404
G17C1,S_partial,1.4808233377758033,0.5,0.021033188780378288,0.005176414721995287
G17C1,S_partial,1.4808233377758033,0.5,0.022796172660305397,0.005427465318792485
G17C1,S_partial,1.4808233377758033,0.5,0.06344232647151546,0.014284220594377062
G17C1,S_partial,1.4808233377758033,0.5,0.06629434194226685,0.013875822431370588
G17C1,S_partial,1.4808233377758033,0.5,0.10650146147187017,0.02038991167296461
G17C1,S_partial,1.4808233377758033,0.5,0.23022683228103025,0.03514212399648228
G17C2,S_partial,1.4808233377758033,0.5,0.007704634889786208,0.0023002529934552096
G17C2,S_partial,1.4808233377758033,0.5,0.01995026518671172,0.005512392897093432
G17C2,S_partial,1.4808233377758033,0.5,0.00516625278197806,0.0014017926644783185
G17C2,S_partial,1.4808233377758033,0.5,0.003629963301332687,0.0010163139249680375
G17C2,S_partial,1.4808233377758033,0.5,-0.00031710358795514524,-8.555702125812026e-05
G17C2,S_partial,1.4808233377758033,0.5,0.007468945083099264,0.0019517155720394919
G17C2,S_partial,1.4808233377758033,0.5,-0.005211179778287916,-0.0013416138575868541
G17C2,S_partial,1.4808233377758033,0.5,0.018613653352293643,0.004823419179611932
G17C2,S_partial,1.4808233377758033,0.5,-0.012857030518011596,-0.003158910259740133
G17C2,S_partial,1.4808233377758033,0.5,0.03882680496626383,0.009920744098960765
G17C2,S_partial,1.4808233377758033,0.5,0.014259604448976431,0.0035345641686168328
G17C2,S_partial,1.4808233377758033,0.5,0.025193808446206917,0.006238000904007501
G17C2,S_partial,1.4808233377758033,0.5,0.0060604230666241226,0.0014979708924436341
G17C2,S_partial,1.4808233377758033,0.5,0.00484078328749125,0.001213855264514091
G17C2,S_partial,1.4808233377758033,0.5,-0.025601806546649522,-0.004872815632013638
G17C3,S_partial,1.4808233377758033,0.5,0.005755173481360896,0.001609398924668548
G17C3,S_partial,1.4808233377758033,0.5,-0.0009292411443130196,-0.00020314578558161545
G17C3,S_partial,1.4808233377758033,0.5,0.012432973980691469,0.003469558058312172
G17C3,S_partial,1.4808233377758033,0.5,-3.976758708531325e-05,1.1526874744538507e-05
G17C3,S_partial,1.4808233377758033,0.5,0.008950468563550022,0.002384904845839808
G17C3,S_partial,1.4808233377758033,0.5,0.007500607361600856,0.0019867644393879447
G17C3,S_partial,1.4808233377758033,0.5,0.000820021866433764,0.0003083375049848236
G17C3,S_partial,1.4808233377758033,0.5,0.012577095740205284,0.003370231955680758
G17C3,S_partial,1.4808233377758033,0.5,-0.005153772535727405,-0.0010909774428943253
G17C3,S_partial,1.4808233377758033,0.5,0.03874771260416489,0.009947213034230129
G17C3,S_partial,1.4808233377758033,0.5,0.003071788248814931,0.000632040642502607
G17C3,S_partial,1.4808233377758033,0.5,0.010772105589026708,0.0027038034558020674
G17C3,S_partial,1.4808233377758033,0.5,0.011868696065296362,0.0029817878892724747
G17C3,S_partial,1.4808233377758033,0.5,0.0060948742730241425,0.0015162934557314545
G17C3,S_partial,1.4808233377758033,0.5,0.013295521947198161,0.0033081330050433455
G17C3,S_partial,1.4808233377758033,0.5,0.03453641636929505,0.008282494774689453
G17C3,S_partial,1.4808233377758033,0.5,-0.013664172230547627,-0.0029312405998244417
G17C4,S_partial,1.4808233377758033,0.5,0.0006828169281050398,0.00018836107315073347
G17C4,S_partial,1.4808233377758033,0.5,-0.006584335756844707,-0.001772591163935744
G17C4,S_partial,1.4808233377758033,0.5,0.015557728422544511,0.004302637993845504
G17C4,S_partial,1.4808233377758033,0.5,0.0028409223264117224,0.0008508703473656953
G17C4,S_partial,1.4808233377758033,0.5,0.0023688356618253056,0.0007197353359178482
G17C4,S_partial,1.4808233377758033,0.5,0.009646736506606126,0.0025297909693006715
G17C4,S_partial,1.4808233377758033,0.5,0.006887801578183721,0.0017960618914731885
G17C4,S_partial,1.4808233377758033,0.5,0.019826119066353693,0.005081225698359226
G17C4,S_partial,1.4808233377758033,0.5,-0.008452459298747845,-0.002026275233677738
G17C4,S_partial,1.4808233377758033,0.5,0.04175230231990803,0.010426211901991306
G17C4,S_partial,1.4808233377758033,0.5,0.009297748087966724,0.0022655366791648757
G17C4,S_partial,1.4808233377758033,0.5,0.040532263296113404,0.009923240268759181
G17C4,S_partial,1.4808233377758033,0.5,0.04027461819346764,0.008865474256522288
G19C1,S_partial,1.5220700152207,0.5,-0.00030008864652737884,-5.8358016375770205e-05
G19C1,S_partial,1.5220700152207,0.5,0.009357142826863668,0.002354242613221341
G19C1,S_partial,1.5220700152207,0.5,0.006466623820114036,0.0016913457733010728
G19C1,S_partial,1.5220700152207,0.5,-0.001571369081902698,-0.0002438163283193795
G19C1,S_partial,1.5220700152207,0.5,-0.008266031864315473,-0.0018081474093020744
G19C1,S_partial,1.5220700152207,0.5,-0.006813089579033394,-0.0014485600200105087
G19C1,S_partial,1.5220700152207,0.5,-0.018473582884497356,-0.0038100041324249934
G19C1,S_partial,1.5220700152207,0.5,-0.0023112889049478947,-0.00046556881527667904
G19C1,S_partial,1.5220700152207,0.5,-0.023641715341771397,-0.004517488741538733
G19C1,S_partial,1.5220700152207,0.5,0.02725822761056121,0.005102962515286635
G19C2,S_partial,1.5220700152207,0.5,0.011816269072864219,0.002737924503876249
G19C2,S_partial,1.5220700152207,0.5,0.007633630737886981,0.0019134895229449556
G19C2,S_partial,1.5220700152207,0.5,0.008155635970166128,0.001994452581532219
G19C2,S_partial,1.5220700152207,0.5,-0.0015903630317729484,-0.0003043263308420696
G19C2,S_partial,1.5220700152207,0.5,-0.00933714138258121,-0.0019066682525988587
G19C2,S_partial,1.5220700152207,0.5,-0.014551593298923894,-0.0029314765822720523
G19C2,S_partial,1.5220700152207,0.5,-0.014978257106560021,-0.0027754785507273227
G19C2,S_partial,1.5220700152207,0.5,0.007777142734031081,0.001543069570667882
G19C3,S_partial,1.5220700152207,0.5,0.006929321192031385,0.0017058547322515716
G19C3,S_partial,1.5220700152207,0.5,-0.0019559036871204826,-0.0003187126599136503
G19C3,S_partial,1.5220700152207,0.5,0.009871137000716975,0.002715980377068078
G19C3,S_partial,1.5220700152207,0.5,0.009777798710763624,0.002486694982738291
G19C3,S_partial,1.5220700152207,0.5,0.0004392110651319661,0.0001961698005579493
G19C3,S_partial,1.5220700152207,0.5,0.0032802578252298146,0.0009602643378658349
G19C3,S_partial,1.5220700152207,0.5,0.004851457346043207,0.0013187477770907619
G19C3,S_partial,1.5220700152207,0.5,0.02518793905819724,0.0059137359900864606
G19C3,S_partial,1.5220700152207,0.5,0.0009340561259332969,0.0004712240661481626
G19C3,S_partial,1.5220700152207,0.5,0.06017199864165373,0.012523299414967437
G19C3,S_partial,1.5220700152207,0.5,0.027743911702120917,0.005432396760395447
G19C4,S_partial,1.5220700152207,0.5,0.003803842206917882,0.0009047613884635153
G19C4,S_partial,1.5220700152207,0.5,-0.00583343420791739,-0.0012843821821802992
G19C4,S_partial,1.5220700152207,0.5,-0.024909052439692332,-0.005356253388839133
G19C4,S_partial,1.5220700152207,0.5,-0.03744734180488564,-0.007217539894166181
G20C1,S_full,1.0187449062754688,0.5,0.0012140729329714378,0.00029110607979782044
G20C1,S_full,1.0187449062754688,0.5,0.0014947898238294008,0.00041653896879328967
G20C1,S_full,1.0187449062754688,0.5,-0.001581061863679152,-0.0004263961778309122
G20C1,S_full,1.0187449062754688,0.5,-0.002291398494818516,-0.0005778524895801995
G20C1,S_full,1.0187449062754688,0.5,-0.0015608040002474321,-0.006552814386021788
G20C1,S_full,1.0187449062754688,0.5,1.4224460286386222e-05,0.00010491969729048423
G20C1,S_full,1.0187449062754688,0.5,0.0018493247171941201,0.0005974620351408833
G20C1,S_full,1.0187449062754688,0.5,-0.02037347280235161,-0.004147656724746207
G20C2,S_full,1.0187449062754688,0.5,5.425975964774755e-05,-1.05983967215173e-05
G20C2,S_full,1.0187449062754688,0.5,-0.0001680185779921607,-5.3048667301991426e-05
G20C2,S_full,1.0187449062754688,0.5,-0.001831770615683981,-0.0005125830406145782
G20C2,S_full,1.0187449062754688,0.5,-0.0015331144113488475,-0.00041759808326330417
G20C2,S_full,1.0187449062754688,0.5,-0.0025568939841073804,-0.005779514476291214
G20C2,S_full,1.0187449062754688,0.5,-0.0010980906251832796,-0.00023942632177287315
G20C2,S_full,1.0187449062754688,0.5,-0.0015608171047743074,-0.00034297441526193184
G20C2,S_full,1.0187449062754688,0.5,-0.005673666262316782,-0.0012911966185496226
G20C2,S_full,1.0187449062754688,0.5,-0.008297390654152519,-0.00137075406447551
G20C3,S_full,1.0187449062754688,0.5,0.0018706019605423947,0.0003849706740802761
G20C3,S_full,1.0187449062754688,0.5,0.002435256344765674,0.0005867798787638767
G20C3,S_full,1.0187449062754688,0.5,-0.003408835581996728,-0.0009365480806863835
G20C3,S_full,1.0187449062754688,0.5,-0.003279689646416345,-0.0008388657996916127
G20C3,S_full,1.0187449062754688,0.5,-0.002183908483558021,-0.008409802729913401
G20C3,S_full,1.0187449062754688,0.5,-0.0010083486579562527,-0.0002411856279034008
G20C3,S_full,1.0187449062754688,0.5,-0.0008140024822061307,-0.00016654446670749667
G20C3,S_full,1.0187449062754688,0.5,0.0002801401340207129,8.257110814549606e-05
G20C3,S_full,1.0187449062754688,0.5,-0.00035886716200145405,-6.181103593308479e-05
G20C3,S_full,1.0187449062754688,0.5,0.001410718724875936,0.00034152929625699824
G20C3,S_full,1.0187449062754688,0.5,0.000557093984239385,0.00016365933144751876
G20C3,S_full,1.0187449062754688,0.5,-0.00043900027486688093,-4.291981714910076e-05
G20C3,S_full,1.0187449062754688,0.5,0.0013976124273109797,0.0003614775081858812
G20C3,S_full,1.0187449062754688,0.5,-0.0059095761256150355,-0.0010895928524286003
G20C3,S_full,1.0187449062754688,0.5,-0.01912962859893948,-0.0031943387844039772
G20C4,S_full,1.0187449062754688,0.5,0.0009378738159520434,0.0002427683641870182
G20C4,S_full,1.0187449062754688,0.5,0.0005848096113753035,0.00012816943745685982
G20C4,S_full,1.0187449062754688,0.5,-0.0015184621176535713,-0.00042396718183640436
G20C4,S_full,1.0187449062754688,0.5,-0.0025956462396447984,-0.0007077055205436111
G20C4,S_full,1.0187449062754688,0.5,-0.001489138374964024,-0.00570145910798231
G20C4,S_full,1.0187449062754688,0.5,-0.0007495355390414734,-0.0001882941705947938
G20C4,S_full,1.0187449062754688,0.5,-0.0004310015570032558,-6.305914319831851e-05
G20C4,S_full,1.0187449062754688,0.5,-0.0012523672800519654,-0.0002809648332842696
G20C4,S_full,1.0187449062754688,0.5,-0.0009473322299481275,-0.0001894878370725106
G20C4,S_full,1.0187449062754688,0.5,-0.00024011226895645512,1.1743184645807148e-05
G20C4,S_full,1.0187449062754688,0.5,0.0005118714602479102,0.0002022961684770841
G20C4,S_full,1.0187449062754688,0.5,0.0011094901762368913,0.00034943711140611455
G20C4,S_full,1.0187449062754688,0.5,0.0044384550428336455,0.001044887870429806
G20C4,S_full,1.0187449062754688,0.5,0.007620259971575481,0.0018239378142139995
G20C4,S_full,1.0187449062754688,0.5,-0.04422078180537874,-0.008449174685103894
G21C1,S_full,1.0206164523372117,0.5,0.0016767626374321614,0.00042034489347775317
G21C1,S_full,1.0206164523372117,0.5,0.0029427840789399834,0.0008163185421375396
G21C1,S_full,1.0206164523372117,0.5,-0.0013287389981520294,-0.00034647752278199606
G21C1,S_full,1.0206164523372117,0.5,-0.0005209020391885893,-0.00010892063104733785
G21C1,S_full,1.0206164523372117,0.5,-0.00046571780307454977,-0.004850081849976151
G21C1,S_full,1.0206164523372117,0.5,0.001665749689015874,0.0004951817674662129
G21C1,S_full,1.0206164523372117,0.5,0.004123095154633522,0.0010878153283918057
G21C1,S_full,1.0206164523372117,0.5,0.002522483586947507,0.0006401545694318111
G21C1,S_full,1.0206164523372117,0.5,-0.0053190779894259875,-0.0012117318644654929
G21C1,S_full,1.0206164523372117,0.5,-0.01793642340967712,-0.0038296464465723823
G21C1,S_full,1.0206164523372117,0.5,-0.014640495483463979,-0.002169361095590794
G21C2,S_full,1.0206164523372117,0.5,0.0018935610325354364,0.00046874746983172066
G21C2,S_full,1.0206164523372117,0.5,0.0024640131319481283,0.0006907641450283886
G21C2,S_full,1.0206164523372117,0.5,0.00042671117540172545,0.00012677860639420668
G21C2,S_full,1.0206164523372117,0.5,-0.0003833939504689954,-9.764391476668743e-05
G21C2,S_full,1.0206164523372117,0.5,-0.0012805327787994572,-0.004741580346343366
G21C2,S_full,1.0206164523372117,0.5,-0.001256819640731599,-0.0002727588630325184
G21C2,S_full,1.0206164523372117,0.5,-0.0015486779723282872,-0.00034692832031540943
G21C2,S_full,1.0206164523372117,0.5,-0.0020247479911981382,-0.0004564775838472035
G21C2,S_full,1.0206164523372117,0.5,-0.0018958604401624164,-0.0004142325818086712
G21C2,S_full,1.0206164523372117,0.5,-0.0013132716066419862,-0.00024287574773329546
G21C2,S_full,1.0206164523372117,0.5,-0.0009262056129069287,-0.00020129171512961452
G21C2,S_full,1.0206164523372117,0.5,0.00023591980512972937,0.00012300469683440562
G21C2,S_full,1.0206164523372117,0.5,0.005439148062538549,0.0013484870945981997
G21C2,S_full,1.0206164523372117,0.5,0.007838382814951923,0.0018765061165313124
G21C2,S_full,1.0206164523372117,0.5,0.011577435921731273,0.0027202980615017858
G21C2,S_full,1.0206164523372117,0.5,-0.009962429842783317,-0.0016297999212561143
G21C2,S_full,1.0206164523372117,0.5,0.029758968627367217,0.0038200151643958957
G21C3,S_full,1.0206164523372117,0.5,0.001756564931087625,0.00038352323442486513
G21C3,S_full,1.0206164523372117,0.5,0.0032221533915017166,0.0008967507280436271
G21C3,S_full,1.0206164523372117,0.5,9.977661314483982e-05,2.8878503596396765e-05
G21C3,S_full,1.0206164523372117,0.5,-0.0005532912847324315,-0.00013209807843289623
G21C3,S_full,1.0206164523372117,0.5,-0.0011377523798465755,-0.004991853678145086
G21C3,S_full,1.0206164523372117,0.5,4.3457319486848416e-05,7.585324140618743e-05
G21C3,S_full,1.0206164523372117,0.5,9.25923117652356e-05,9.618554713147764e-05
G21C3,S_full,1.0206164523372117,0.5,-0.0013644435232568464,-0.00026933282658542224
G21C3,S_full,1.0206164523372117,0.5,-0.0015816421187091279,-0.00029551669091348876
G21C3,S_full,1.0206164523372117,0.5,-5.4322266765109066e-05,0.000540018175256618
G21C3,S_full,1.0206164523372117,0.5,0.0013113272381567375,0.00039328913575170654
G21C3,S_full,1.0206164523372117,0.5,0.0043540214663597525,0.0010471793212188107
G21C3,S_full,1.0206164523372117,0.5,-0.05642389961890146,-0.010809167740965409
G21C4,S_full,1.0206164523372117,0.5,0.0026052563374309654,0.0006417752976972668
G21C4,S_full,1.0206164523372117,0.5,0.002340246074667396,0.0006323235264319993
G21C4,S_full,1.0206164523372117,0.5,-0.0015327289072754444,-0.0004186078043902919
G21C4,S_full,1.0206164523372117,0.5,-0.001242639727668278,-0.0003124964155393761
G21C4,S_full,1.0206164523372117,0.5,-0.0016291574421287125,-0.004701374891011079
G21C4,S_full,1.0206164523372117,0.5,-0.000728160674117465,-0.0001731947796875244
G21C4,S_full,1.0206164523372117,0.5,-7.517939797979492e-05,3.131596463423758e-06
G21C4,S_full,1.0206164523372117,0.5,0.0004777060797206201,0.00018403162451041677
G21C4,S_full,1.0206164523372117,0.5,0.0014568644690076368,0.00037497034527719797
G21C4,S_full,1.0206164523372117,0.5,0.003438785499165974,0.0008604151264647031
G21C4,S_full,1.0206164523372117,0.5,0.0016579884939269083,0.0006046830298165884
G21C4,S_full,1.0206164523372117,0.5,-0.05464485115699163,-0.008892629684959907
G22C1,S_full,1.021659174499387,0.5,0.0009574678823611173,0.00020349659845997348
G22C1,S_full,1.021659174499387,0.5,0.001801708203423125,0.0005084942136370785
G22C1,S_full,1.021659174499387,0.5,-0.0007577317209541246,-0.0002014886900925661
G22C1,S_full,1.021659174499387,0.5,-0.001704070934093361,-0.0004546788454070083
G22C1,S_full,1.021659174499387,0.5,-0.0006693538786624658,-0.004475761752751717
G22C1,S_full,1.021659174499387,0.5,-0.0007477372825883463,-0.00014318237212690432
G22C1,S_full,1.021659174499387,0.5,-0.000525268970245999,-0.00011503413221403136
G22C1,S_full,1.021659174499387,0.5,0.00010392547954843859,8.983068054274623e-05
G22C1,S_full,1.021659174499387,0.5,0.00013986788282213257,6.15271509171178e-05
G22C1,S_full,1.021659174499387,0.5,-0.009649143584490188,-0.002190659935801198
G22C1,S_full,1.021659174499387,0.5,-0.021242032679902968,-0.0037642684947941096
G22C2,S_full,1.021659174499387,0.5,-0.00018797043918877327,-4.544624298391531e-05
G22C2,S_full,1.021659174499387,0.5,0.0019454863664288414,0.0005516443546469962
G22C2,S_full,1.021659174499387,0.5,-0.000371421630684701,-8.734691843298448e-05
G22C2,S_full,1.021659174499387,0.5,-0.000713848048572068,-0.00017842262484080162
G22C2,S_full,1.021659174499387,0.5,-0.001281330032163137,-0.006355184433448402
G22C2,S_full,1.021659174499387,0.5,-0.009726021386750801,-0.0022787128145399793
G22C2,S_full,1.021659174499387,0.5,-0.01765226442999753,-0.003627536124414993
G22C2,S_full,1.021659174499387,0.5,-0.018342762352970568,-0.0027702768428048974
G22C2,S_full,1.021659174499387,0.5,0.008640524594120909,0.0010186513847904033
G22C3,S_full,1.021659174499387,0.5,0.0023861404086549386,0.0005973408520733581
G22C3,S_full,1.021659174499387,0.5,0.002618008486512266,0.0007134225997830757
G22C3,S_full,1.021659174499387,0.5,2.5234790813947867e-06,8.608880989191547e-06
G22C3,S_full,1.021659174499387,0.5,-0.00040367577615078767,-0.00010164132238549284
G22C3,S_full,1.021659174499387,0.5,-0.0016506558520618826,-0.004755290324231276
G22C3,S_full,1.021659174499387,0.5,-0.0004992467002211727,-0.00010285421460809463
G22C3,S_full,1.021659174499387,0.5,-0.002749710311850587,-0.0006688266005928922
G22C3,S_full,1.021659174499387,0.5,-0.006789359098659882,-0.0015689493027259138
G22C3,S_full,1.021659174499387,0.5,-0.009730532831189836,-0.0021475836587702968
G22C3,S_full,1.021659174499387,0.5,-0.014163522340100786,-0.002959765708920592
G22C3,S_full,1.021659174499387,0.5,-0.020340542221062723,-0.0038445181208063006
G22C3,S_full,1.021659174499387,0.5,-0.013626054341723707,-0.002398260856739387
G22C4,S_full,1.021659174499387,0.5,0.0007056891189917599,0.00015881451052429663
G22C4,S_full,1.021659174499387,0.5,0.0015446393191902374,0.0004415868025159919
G22C4,S_full,1.021659174499387,0.5,-0.0004116794635081447,-0.00010853530696630642
G22C4,S_full,1.021659174499387,0.5,-0.001472747602600506,-0.00038176703075792906
G22C4,S_full,1.021659174499387,0.5,-0.00156875667949742,-0.004550158503494828
G22C4,S_full,1.021659174499387,0.5,-0.0008247003567689142,-0.00015112412209311588
G22C4,S_full,1.021659174499387,0.5,-0.0003736383203882728,-7.12502606038945e-05
G22C4,S_full,1.021659174499387,0.5,-0.003798159943789937,-0.0008289198186672841
G22C4,S_full,1.021659174499387,0.5,-0.008022917672350234,-0.001765088827181377
G22C4,S_full,1.021659174499387,0.5,-0.014922568318141958,-0.002676548198004308
G23C1,S_full,1.0244851961889152,0.5,0.000572995171255615,0.00015400936963538836
G23C1,S_full,1.0244851961889152,0.5,0.0024884218288099657,0.0006691628632747304
G23C1,S_full,1.0244851961889152,0.5,-0.0015844550127175308,-0.0004167520530737878
G23C1,S_full,1.0244851961889152,0.5,-0.0012950665147308234,-0.0003299692289259193
G23C1,S_full,1.0244851961889152,0.5,-0.002490203327738133,-0.006724507714906236
G23C1,S_full,1.0244851961889152,0.5,-0.0016212720967263804,-0.00038280036394630623
G23C1,S_full,1.0244851961889152,0.5,-0.0028411660767559497,-0.0006539087025547174
G23C1,S_full,1.0244851961889152,0.5,-0.0061894814816738,-0.0013832792304434016
G23C1,S_full,1.0244851961889152,0.5,-0.01084529090376598,-0.002322851946969795
G23C1,S_full,1.0244851961889152,0.5,-0.016160844082977886,-0.003263348508852182
G23C1,S_full,1.0244851961889152,0.5,-0.016826636561192616,-0.0031591755098120955
G23C1,S_full,1.0244851961889152,0.5,-0.017044945390542392,-0.0030163401476935026
G23C2,S_full,1.0244851961889152,0.5,0.0015745967579596561,0.0004271382225194964
G23C2,S_full,1.0244851961889152,0.5,0.0047210065761757875,0.0012405094202048161
G23C2,S_full,1.0244851961889152,0.5,0.0010168758632375196,0.0002625408283744024
G23C2,S_full,1.0244851961889152,0.5,0.001852872134292886,0.0004785306007388801
G23C2,S_full,1.0244851961889152,0.5,-0.00027427945907457804,-0.0037061766151886832
G23C2,S_full,1.0244851961889152,0.5,0.0009591110266545866,0.0002504531952723099
G23C2,S_full,1.0244851961889152,0.5,-0.0010870187517085979,-0.00023427921004751107
G23C2,S_full,1.0244851961889152,0.5,-0.0016896246152112182,-0.00035938076742128566
G23C2,S_full,1.0244851961889152,0.5,-0.004625806306740324,-0.0010207911067775244
G23C2,S_full,1.0244851961889152,0.5,-0.00866780280039405,-0.0018362674357682018
G23C2,S_full,1.0244851961889152,0.5,-0.012680558900478957,-0.0025556843885414238
G23C2,S_full,1.0244851961889152,0.5,-0.014674150295525781,-0.002753602732800786
G23C2,S_full,1.0244851961889152,0.5,-0.006640275684485044,-0.0011736393602513884
G23C3,S_full,1.0244851961889152,0.5,0.002471708300991097,0.0006408760332771157
G23C3,S_full,1.0244851961889152,0.5,0.0030339186599276213,0.0008022797560644501
G23C3,S_full,1.0244851961889152,0.5,0.0014776337981162507,0.0003845345596567018
G23C3,S_full,1.0244851961889152,0.5,6.547335353344193e-05,2.3287152165901714e-05
G23C3,S_full,1.0244851961889152,0.5,-0.0005027246878004039,-0.004646365671777897
G23C3,S_full,1.0244851961889152,0.5,0.0015514118559786139,0.0003982417813598038
G23C3,S_full,1.0244851961889152,0.5,0.00014184689770570683,7.366074223680297e-05
G23C3,S_full,1.0244851961889152,0.5,-0.01029001132765681,-0.002332485016182495
G23C3,S_full,1.0244851961889152,0.5,-0.014587028765951231,-0.0030426127650063917
G23C3,S_full,1.0244851961889152,0.5,-0.017589046110750652,-0.003388238506618013
G23C3,S_full,1.0244851961889152,0.5,-0.019457348734989055,-0.003441635245085811
G23C4,S_full,1.0244851961889152,0.5,0.0025066165277905406,0.0006738297473347643
G23C4,S_full,1.0244851961889152,0.5,0.00572645624956087,0.0015297868683006866
G23C4,S_full,1.0244851961889152,0.5,0.0022489618722398674,0.0006007566719442026
G23C4,S_full,1.0244851961889152,0.5,0.0003884149374767353,0.00011877910218327514
G23C4,S_full,1.0244851961889152,0.5,-0.0009376389423913527,-0.002853507045472936
G23C4,S_full,1.0244851961889152,0.5,0.0001568900421439817,9.208160141577215e-05
G23C4,S_full,1.0244851961889152,0.5,-0.00038689302348704285,-2.1862871988687083e-05
G23C4,S_full,1.0244851961889152,0.5,-0.0020248141419221834,-0.00047421924179841257
G23C4,S_full,1.0244851961889152,0.5,-0.0042513050411387004,-0.0009727686535662972
G23C4,S_full,1.0244851961889152,0.5,-0.004267358786073528,-0.0009314619748058972
G23C4,S_full,1.0244851961889152,0.5,-0.009008292454875791,-0.0018403302803191024
G23C4,S_full,1.0244851961889152,0.5,-0.010076642330386952,-0.0019150321266377945
G23C4,S_full,1.0244851961889152,0.5,-0.00564622771487051,-0.0009681929062089201
G24C1,S_full,1.0255358424776946,0.5,0.0011496513308895343,0.0003074163888288073
G24C1,S_full,1.0255358424776946,0.5,0.005607076441022769,0.0014334980257362795
G24C1,S_full,1.0255358424776946,0.5,0.0008841187735886874,0.0002228911783551113
G24C1,S_full,1.0255358424776946,0.5,0.0008752043023106019,0.00022462512496970732
G24C1,S_full,1.0255358424776946,0.5,-0.0008855731971073087,-0.002626053207972101
G24C1,S_full,1.0255358424776946,0.5,0.000792760978568884,0.00023014131847098884
G24C1,S_full,1.0255358424776946,0.5,-0.0002846923101001575,1.5218765123947708e-06
G24C1,S_full,1.0255358424776946,0.5,-0.007982347129977327,-0.0017405728531379172
G24C1,S_full,1.0255358424776946,0.5,-0.011686897908290934,-0.002452142977417582
G24C1,S_full,1.0255358424776946,0.5,-0.015410568603403183,-0.00304060100830178
G24C1,S_full,1.0255358424776946,0.5,-0.013644113891085339,-0.002501805626438286
G24C2,S_full,1.0255358424776946,0.5,0.0020362598119199726,0.0005470571045357864
G24C2,S_full,1.0255358424776946,0.5,0.005512805708065606,0.0014455224023675606
G24C2,S_full,1.0255358424776946,0.5,0.0020454325108599635,0.0005250654156088719
G24C2,S_full,1.0255358424776946,0.5,0.002340954634748329,0.0005925063895712013
G24C2,S_full,1.0255358424776946,0.5,-0.0002514489385536978,-0.004069895303966176
G24C2,S_full,1.0255358424776946,0.5,0.0004969445705028141,0.00012023851869830127
G24C2,S_full,1.0255358424776946,0.5,-0.0010450617508660632,-0.00024571680617641034
G24C2,S_full,1.0255358424776946,0.5,-0.0019539120232788176,-0.00045062322544878186
G24C2,S_full,1.0255358424776946,0.5,-0.003089872622724572,-0.0006863157783778273
G24C2,S_full,1.0255358424776946,0.5,-0.004881445550381527,-0.0010766946512963949
G24C2,S_full,1.0255358424776946,0.5,-0.012226438985585165,-0.002521534921881924
G24C2,S_full,1.0255358424776946,0.5,-0.017551641344926455,-0.0033882926595336926
G24C2,S_full,1.0255358424776946,0.5,-0.014599412258164766,-0.002616813219587899
G24C3,S_full,1.0255358424776946,0.5,0.003938267508879077,0.0010388403613196817
G24C3,S_full,1.0255358424776946,0.5,0.004786649017519054,0.0012720839196743716
G24C3,S_full,1.0255358424776946,0.5,0.0006837426550784032,0.00018310890567613258
G24C3,S_full,1.0255358424776946,0.5,-0.0008985782642478922,-0.00022421366056807335
G24C3,S_full,1.0255358424776946,0.5,-0.00044366411418537055,-0.002808998565932197
G24C3,S_full,1.0255358424776946,0.5,0.001831468311578234,0.0004974526592206874
G24C3,S_full,1.0255358424776946,0.5,-0.00037150247552830847,-1.6305287103113297e-05
G24C3,S_full,1.0255358424776946,0.5,-0.007447284500986546,-0.0016271816092440217
G24C3,S_full,1.0255358424776946,0.5,-0.008784559625115141,-0.001681335083432406
G24C3,S_full,1.0255358424776946,0.5,-0.0004573877352103289,5.4365156381797064e-05
G24C4,S_full,1.0255358424776946,0.5,0.0007123578621201558,0.00019178780382589355
G24C4,S_full,1.0255358424776946,0.5,0.00241742698935534,0.0006363101018063144
G24C4,S_full,1.0255358424776946,0.5,0.002341461615381967,0.0005952547366449013
G24C4,S_full,1.0255358424776946,0.5,0.0007458009432440064,0.00019611984704290264
G24C4,S_full,1.0255358424776946,0.5,-0.000822880519673558,-0.0030830130716612003
G24C4,S_full,1.0255358424776946,0.5,-0.0007344960279916933,-0.0001349815877408067
G24C4,S_full,1.0255358424776946,0.5,-0.0103701594909169,-0.002291522141102814
G24C4,S_full,1.0255358424776946,0.5,-0.015199170081676296,-0.0031972932432372814
G24C4,S_full,1.0255358424776946,0.5,-0.018978469968471554,-0.0037806995232177176
G24C4,S_full,1.0255358424776946,0.5,-0.01608380545962918,-0.003055379094454691
G24C4,S_full,1.0255358424776946,0.5,-0.01669694899434999,-0.002994868345286811
G25C1,S_partial,1.9443904335990667,0.6,0.0117898021145269,0.003337833613222707
G25C1,S_partial,1.9443904335990667,0.6,0.009538707547613968,0.0027445069383489895
G25C1,S_partial,1.9443904335990667,0.6,0.013319498818852698,0.003679345384521915
G25C1,S_partial,1.9443904335990667,0.6,0.011845795446506067,0.003234605977612104
G25C1,S_partial,1.9443904335990667,0.6,0.014599956595297973,0.00036060188901632095
G25C1,S_partial,1.9443904335990667,0.6,0.02409325552482122,0.0064232653330237865
G25C1,S_partial,1.9443904335990667,0.6,0.041246015520935445,0.010918110425497729
G25C1,S_partial,1.9443904335990667,0.6,0.04759259200003738,0.012282994115668189
G25C1,S_partial,1.9443904335990667,0.6,0.04918330275995197,0.012441499136695289
G25C1,S_partial,1.9443904335990667,0.6,0.056461684721485425,0.014103906641880964
G25C1,S_partial,1.9443904335990667,0.6,0.05609030778381716,0.013463326208882104
G25C1,S_partial,1.9443904335990667,0.6,0.0851807724450645,0.018919387191414505
G25C1,S_partial,1.9443904335990667,0.6,0.16736799566581995,0.032494246530255094
G25C2,S_partial,1.9443904335990667,0.6,0.02889518387698536,0.008173700686379126
G25C2,S_partial,1.9443904335990667,0.6,0.00991311221952471,0.0027868255657723107
G25C2,S_partial,1.9443904335990667,0.6,0.013008061784232089,0.0036757566583126566
G25C2,S_partial,1.9443904335990667,0.6,0.013210758398445361,0.003713617348462317
G25C2,S_partial,1.9443904335990667,0.6,0.009917877404590646,-0.0008834945379729287
G25C2,S_partial,1.9443904335990667,0.6,0.022249307516368173,0.006058714412027988
G25C2,S_partial,1.9443904335990667,0.6,0.026587265129960975,0.00711803277097367
G25C2,S_partial,1.9443904335990667,0.6,0.026218390875157375,0.00691932892187852
G25C2,S_partial,1.9443904335990667,0.6,0.0334102050694767,0.00869315796866238
G25C2,S_partial,1.9443904335990667,0.6,0.04829517815270777,0.012401831327827989
G25C2,S_partial,1.9443904335990667,0.6,0.06398582570326106,0.016543518455781697
G25C2,S_partial,1.9443904335990667,0.6,0.0979027705690706,0.02456562644216781
G25C2,S_partial,1.9443904335990667,0.6,0.05161823291112466,0.012021501189664802
G25C2,S_partial,1.9443904335990667,0.6,0.1258397800859883,0.025999318532816312
G25C3,S_partial,1.9443904335990667,0.6,0.010803161209910758,0.0029832989259214737
G25C3,S_partial,1.9443904335990667,0.6,0.01110351116462875,0.003032940364982084
G25C3,S_partial,1.9443904335990667,0.6,0.012774148251263663,0.0035310687388648843
G25C3,S_partial,1.9443904335990667,0.6,0.014397743396230251,0.003844317599285607
G25C3,S_partial,1.9443904335990667,0.6,0.015990000716213742,0.0008859165392852697
G25C3,S_partial,1.9443904335990667,0.6,0.019394946207368455,0.005111926880067008
G25C3,S_partial,1.9443904335990667,0.6,0.022934518813113834,0.005961756675156471
G25C3,S_partial,1.9443904335990667,0.6,0.022795034387359407,0.0058605303383721385
G25C3,S_partial,1.9443904335990667,0.6,0.027262994099348847,0.006989876465872069
G25C3,S_partial,1.9443904335990667,0.6,0.03874092403299499,0.009846723740502578
G25C3,S_partial,1.9443904335990667,0.6,0.048442391262855905,0.011976785146022684
G25C3,S_partial,1.9443904335990667,0.6,0.05181879123550505,0.012353125265018
G25C3,S_partial,1.9443904335990667,0.6,0.06161262423318802,0.014271877669084693
G25C3,S_partial,1.9443904335990667,0.6,0.06871016433418622,0.015377388056483893
G25C3,S_partial,1.9443904335990667,0.6,0.0815898908010091,0.01766269784559621
G25C3,S_partial,1.9443904335990667,0.6,0.09276488143810768,0.019296573268425987
G25C3,S_partial,1.9443904335990667,0.6,0.09345528109638795,0.018312477658078002
G25C3,S_partial,1.9443904335990667,0.6,0.0991860876180563,0.017311900223789894
G25C3,S_partial,1.9443904335990667,0.6,0.10610250146257702,0.015576959110836397
G25C3,S_partial,1.9443904335990667,0.6,0.055067911001012146,0.007051003906524786
G25C3,S_partial,1.9443904335990667,0.6,0.028285393352521608,0.0034318142575962968
G25C3,S_partial,1.9443904335990667,0.6,0.018327021118043997,0.0022550615712031985
G25C4,S_partial,1.9443904335990667,0.6,0.015648020260982633,0.0042974805610414
G25C4,S_partial,1.9443904335990667,0.6,0.014094679960146546,0.003892046124659987
G25C4,S_partial,1.9443904335990667,0.6,0.014767770476642043,0.00401440178788437
G25C4,S_partial,1.9443904335990667,0.6,0.01591621017691573,0.004255331212742908
G25C4,S_partial,1.9443904335990667,0.6,0.01582598107020838,0.0005138681420583935
G25C4,S_partial,1.9443904335990667,0.6,0.019002517290636994,0.004945814598502296
G25C4,S_partial,1.9443904335990667,0.6,0.016019022587289378,0.004147355793333696
G25C4,S_partial,1.9443904335990667,0.6,0.021347895683039547,0.005443775192039285
G25C4,S_partial,1.9443904335990667,0.6,0.018777876413091598,0.004767478425166477
G25C4,S_partial,1.9443904335990667,0.6,0.021409076654383317,0.00542799567842972
G25C4,S_partial,1.9443904335990667,0.6,0.021487112298282242,0.005381874739867815
G25C4,S_partial,1.9443904335990667,0.6,0.01054628387967701,0.0026505044289868995
G25C4,S_partial,1.9443904335990667,0.6,0.027383969910703958,0.0067473532703341
G25C4,S_partial,1.9443904335990667,0.6,0.028880419259682908,0.007023901996324716
G25C4,S_partial,1.9443904335990667,0.6,0.03097297658409068,0.007454067707309497
G25C4,S_partial,1.9443904335990667,0.6,0.03141765940743286,0.007478299485160295
G25C4,S_partial,1.9443904335990667,0.6,0.028279127662977802,0.0066432141034094006
G25C4,S_partial,1.9443904335990667,0.6,0.035403142000600164,0.00829638123024401
G25C4,S_partial,1.9443904335990667,0.6,0.03240054509664931,0.007534815391530003
G25C4,S_partial,1.9443904335990667,0.6,0.03715708126990426,0.008599219983425
G25C4,S_partial,1.9443904335990667,0.6,0.04061979849203586,0.009294425873740103
G25C4,S_partial,1.9443904335990667,0.6,0.04355808048050683,0.009832496982885797
G25C4,S_partial,1.9443904335990667,0.6,0.0007852596354293634,0.00029296371273210275
G25C4,S_partial,1.9443904335990667,0.6,0.059204770225462874,0.00144272591188771
G25C4,S_partial,1.9443904335990667,0.6,0.06285512234810063,0.013465065508229707
G25C4,S_partial,1.9443904335990667,0.6,0.0698339734782337,0.014739866759722886
G25C4,S_partial,1.9443904335990667,0.6,0.07326212209556199,0.015240396151595226
G25C4,S_partial,1.9443904335990667,0.6,0.06825041207046632,0.013937297727357606
G25C4,S_partial,1.9443904335990667,0.6,0.12236775259000116,0.025407975633362
G25C4,S_partial,1.9443904335990667,0.6,0.0934461093837011,0.019137086747403886
G25C4,S_partial,1.9443904335990667,0.6,0.10055392652422324,0.0199728867299879
G25C4,S_partial,1.9443904335990667,0.6,0.1442682671057054,0.02861687929877621
G25C4,S_partial,1.9443904335990667,0.6,0.10037598846060276,0.019176350187638885
G25C4,S_partial,1.9443904335990667,0.6,0.10723044399913137,0.020267724287046096
G25C4,S_partial,1.9443904335990667,0.6,0.11432453512252243,0.02126923267220479
G25C4,S_partial,1.9443904335990667,0.6,0.12297805591024154,0.022568097313208496
G25C4,S_partial,1.9443904335990667,0.6,0.12133509966509345,0.021825797379089906
G25C4,S_partial,1.9443904335990667,0.6,0.09884129736863742,0.0174520734039377
G25C4,S_partial,1.9443904335990667,0.6,0.1411923539427866,0.0246090272291071
G25C4,S_partial,1.9443904335990667,0.6,0.14447505831945512,0.024772473857385513
G25C4,S_partial,1.9443904335990667,0.6,0.14509608971177237,0.024408290614700096
G25C4,S_partial,1.9443904335990667,0.6,0.15016549350805292,0.02489241521329258
G25C4,S_partial,1.9443904335990667,0.6,0.17015130028824632,0.027851375832692316
G25C4,S_partial,1.9443904335990667,0.6,0.16679874658115826,0.02669813064120541
G25C4,S_partial,1.9443904335990667,0.6,0.1688278925075955,0.02653304377314658
G25C4,S_partial,1.9443904335990667,0.6,0.17866544365766843,0.027532428161927802
G27C1,S_partial,1.7286084701815039,2.4,0.015181991655569039,0.0043527205008438985
G27C1,S_partial,1.7286084701815039,2.4,0.013285854818411085,0.0038894526892549464
G27C1,S_partial,1.7286084701815039,2.4,0.011406561546389275,0.003201872498458991
G27C1,S_partial,1.7286084701815039,2.4,0.012188514872824213,0.0034264697619809104
G27C1,S_partial,1.7286084701815039,2.4,-0.026416465466691897,-0.006791371882773289
G27C1,S_partial,1.7286084701815039,2.4,0.016674493474470364,0.004627770891206806
G27C1,S_partial,1.7286084701815039,2.4,0.034706850157273206,0.009063698532046138
G27C1,S_partial,1.7286084701815039,2.4,0.028208753989807506,0.007278373537726035
G27C1,S_partial,1.7286084701815039,2.4,0.03152226014336022,0.008107523792965088
G27C1,S_partial,1.7286084701815039,2.4,0.03449689654876204,0.008781450464580398
G27C1,S_partial,1.7286084701815039,2.4,0.033300924381253885,0.008382154578487316
G27C1,S_partial,1.7286084701815039,2.4,0.021466510961464454,0.005436588535971704
G27C1,S_partial,1.7286084701815039,2.4,0.08064133092063049,0.020180625528169988
G27C1,S_partial,1.7286084701815039,2.4,0.060394171539931624,0.015147380101693309
G27C1,S_partial,1.7286084701815039,2.4,0.0045513329095025175,0.0023556066098837924
G27C1,S_partial,1.7286084701815039,2.4,0.10546209067808347,0.024157064968367697
G27C1,S_partial,1.7286084701815039,2.4,0.10751274637461898,0.023283547748595618
G27C1,S_partial,1.7286084701815039,2.4,-0.007331241075174395,-0.001296679734611117
G27C1,S_partial,1.7286084701815039,2.4,0.09971977747935586,0.019092199706590596
G27C1,S_partial,1.7286084701815039,2.4,0.04729972591573976,0.00823304837806052
G27C1,S_partial,1.7286084701815039,2.4,0.11635331289240233,0.019267048875282605
G27C1,S_partial,1.7286084701815039,2.4,0.19324979652324437,0.02854142576359331
G27C2,S_partial,1.7286084701815039,2.4,0.02125514705373074,0.006215329916716195
G27C2,S_partial,1.7286084701815039,2.4,0.017559217515488675,0.005083398024008312
G27C2,S_partial,1.7286084701815039,2.4,0.018859076663508934,0.005323922541663251
G27C2,S_partial,1.7286084701815039,2.4,0.0199657706959334,0.0054903901823019075
G27C2,S_partial,1.7286084701815039,2.4,0.008508816687440902,-0.0015108159622500006
G27C2,S_partial,1.7286084701815039,2.4,0.016594386283357705,0.004363699726316617
G27C2,S_partial,1.7286084701815039,2.4,0.023533563736835208,0.006133603446719177
G27C2,S_partial,1.7286084701815039,2.4,0.031045786028695458,0.008033681119341912
G27C2,S_partial,1.7286084701815039,2.4,0.06085078838627067,0.015406538167720668
G27C2,S_partial,1.7286084701815039,2.4,0.05556686650627382,0.013847806210477903
G27C2,S_partial,1.7286084701815039,2.4,0.053317254017393595,0.013789311360596301
G27C2,S_partial,1.7286084701815039,2.4,0.020314063387721352,0.006057246890726314
G27C2,S_partial,1.7286084701815039,2.4,0.14986574451378365,0.036765126486009186
G27C2,S_partial,1.7286084701815039,2.4,0.056788546324911586,0.012765278777496086
G27C2,S_partial,1.7286084701815039,2.4,0.10292307146651242,0.02196280670891579
G27C2,S_partial,1.7286084701815039,2.4,0.06562879137358091,0.013035830258542908
G27C2,S_partial,1.7286084701815039,2.4,0.015542846700655128,0.0028594806258512018
G27C2,S_partial,1.7286084701815039,2.4,-0.019583406354769427,-0.0032679993452774947
G27C2,S_partial,1.7286084701815039,2.4,0.03183017931283317,0.005040904927616385
G27C2,S_partial,1.7286084701815039,2.4,0.07983805803018958,0.011804671621434698
G27C2,S_partial,1.7286084701815039,2.4,0.101317255026607,0.013916289433892087
G27C2,S_partial,1.7286084701815039,2.4,0.16381405857308293,0.020741679542857897
G27C3,S_partial,1.7286084701815039,2.4,0.03117584917163681,0.008797171846111618
G27C3,S_partial,1.7286084701815039,2.4,0.01692304034482037,0.004680857614818512
G27C3,S_partial,1.7286084701815039,2.4,0.022255304210082618,0.006214240701835905
G27C3,S_partial,1.7286084701815039,2.4,0.02386182115900977,0.00650923128630615
G27C3,S_partial,1.7286084701815039,2.4,0.02689751857920366,1.9400613023246027e-05
G27C3,S_partial,1.7286084701815039,2.4,0.027633417074576925,0.007224277396135681
G27C3,S_partial,1.7286084701815039,2.4,0.04290046191966288,0.010825945008798521
G27C3,S_partial,1.7286084701815039,2.4,0.035611291475460785,0.008797558855491106
G27C3,S_partial,1.7286084701815039,2.4,0.05139450603295757,0.012419472607924198
G27C3,S_partial,1.7286084701815039,2.4,0.07883414449010569,0.01854434254609519
G27C3,S_partial,1.7286084701815039,2.4,-0.02725441269985411,-0.005357098105119307
G27C3,S_partial,1.7286084701815039,2.4,0.08590938157770359,0.0192676223870549
G27C3,S_partial,1.7286084701815039,2.4,0.20256572079141885,0.04387768288861829
G27C3,S_partial,1.7286084701815039,2.4,0.09561207615373297,0.01857072228289519
G27C4,S_partial,1.7286084701815039,2.4,0.009785257145864305,0.0027801002701748345
G27C4,S_partial,1.7286084701815039,2.4,0.0025040078434855647,0.0008129236326333
G27C4,S_partial,1.7286084701815039,2.4,0.0016255921804073344,0.0006060013950618948
G27C4,S_partial,1.7286084701815039,2.4,0.005589823489681892,0.001609070201241125
G27C4,S_partial,1.7286084701815039,2.4,-0.002553291421410809,-0.0038926870907657896
G27C4,S_partial,1.7286084701815039,2.4,0.005785496672799034,0.0017112529442492308
G27C4,S_partial,1.7286084701815039,2.4,0.014092506992813428,0.0038705868368634766
G27C4,S_partial,1.7286084701815039,2.4,0.02568615317944882,0.006814663953574884
G27C4,S_partial,1.7286084701815039,2.4,0.052623730430477814,0.013764929188796987
G27C4,S_partial,1.7286084701815039,2.4,0.1121442345046354,0.029180122086512023
G27C4,S_partial,1.7286084701815039,2.4,0.1423989483845615,0.034840761447523794
G27C4,S_partial,1.7286084701815039,2.4,0.01249274331094917,0.0034791604220252847
G27C4,S_partial,1.7286084701815039,2.4,0.15069010977153682,0.03325307357820448
G27C4,S_partial,1.7286084701815039,2.4,0.20795786153251627,0.044029975319781284
G27C4,S_partial,1.7286084701815039,2.4,0.14953587268482893,0.030711323802023405
G27C4,S_partial,1.7286084701815039,2.4,0.1088011458119736,0.0218039785630961
G27C4,S_partial,1.7286084701815039,2.4,0.08427358012838447,0.016437153729134707
G27C4,S_partial,1.7286084701815039,2.4,0.07454279065693409,0.014233721275060618
G27C4,S_partial,1.7286084701815039,2.4,0.04965324316727066,0.009120958786053707
G27C4,S_partial,1.7286084701815039,2.4,0.10473454038207196,0.018951532902525492
G27C4,S_partial,1.7286084701815039,2.4,0.140668346548289,0.024933073260546196
G27C4,S_partial,1.7286084701815039,2.4,0.1350219606854123,0.02271301206963472
G28C1,S_partial,1.2347203358439314,1.6,0.011524247377949107,0.002774681981196181
G28C1,S_partial,1.2347203358439314,1.6,0.014092002484578143,0.0034063339513625
G28C1,S_partial,1.2347203358439314,1.6,0.010095047494315581,0.0024683157361136965
G28C1,S_partial,1.2347203358439314,1.6,0.01221609903741064,0.002991612231560997
G28C1,S_partial,1.2347203358439314,1.6,0.013103523202040793,0.002886701006187792
G28C1,S_partial,1.2347203358439314,1.6,0.026189885242284244,0.006303511676302498
G28C1,S_partial,1.2347203358439314,1.6,0.03344184096499645,0.007836738385807507
G28C1,S_partial,1.2347203358439314,1.6,0.03800302617340126,0.008102715625487006
G28C1,S_partial,1.2347203358439314,1.6,0.0439709270020946,0.008749407877535392
G28C1,S_partial,1.2347203358439314,1.6,0.04530626216074663,0.008563864488927292
G28C1,S_partial,1.2347203358439314,1.6,0.04817724756350254,0.008652637641855893
G28C2,S_partial,1.2347203358439314,1.6,0.015444690528935705,0.004061835985771922
G28C2,S_partial,1.2347203358439314,1.6,0.014751723553416397,0.003906577313063486
G28C2,S_partial,1.2347203358439314,1.6,0.009699166519402275,0.002811219565501233
G28C2,S_partial,1.2347203358439314,1.6,0.011301115758753057,0.0031486554001944056
G28C2,S_partial,1.2347203358439314,1.6,0.014151754127016603,-0.005853406586859816
G28C2,S_partial,1.2347203358439314,1.6,0.026385182016664673,0.006287718391623398
G28C2,S_partial,1.2347203358439314,1.6,0.01664268336333664,0.003849903871926297
G28C2,S_partial,1.2347203358439314,1.6,0.013162490960440266,0.0030517842977006993
G28C2,S_partial,1.2347203358439314,1.6,0.019709036317931083,0.004312972814431909
G28C2,S_partial,1.2347203358439314,1.6,0.03076054555178986,0.006537942662426188
G28C2,S_partial,1.2347203358439314,1.6,0.03914708653548462,0.007989484703168709
G28C2,S_partial,1.2347203358439314,1.6,0.03477996846800819,0.006813753569708786
G28C2,S_partial,1.2347203358439314,1.6,0.04813830834124759,0.00905819067878219
G28C2,S_partial,1.2347203358439314,1.6,0.038499678646619725,0.00686815466238519
G28C3,S_partial,1.2347203358439314,1.6,0.013967791484534147,0.003443690160008922
G28C3,S_partial,1.2347203358439314,1.6,0.012101102260121517,0.0030220791900507082
G28C3,S_partial,1.2347203358439314,1.6,0.008703527858514401,0.002218556012830386
G28C3,S_partial,1.2347203358439314,1.6,0.008283158951242263,0.002135328042380591
G28C3,S_partial,1.2347203358439314,1.6,0.01912716961315989,0.0021007541086847936
G28C3,S_partial,1.2347203358439314,1.6,0.029994754366041813,0.007360091602951008
G28C3,S_partial,1.2347203358439314,1.6,0.028464804833977154,0.0068292067299415005
G28C3,S_partial,1.2347203358439314,1.6,0.01109717239818042,0.0026350974311902253
G28C3,S_partial,1.2347203358439314,1.6,0.015559486152916888,0.003543424711248383
G28C3,S_partial,1.2347203358439314,1.6,0.0076148666374003865,0.001800646403450512
G28C3,S_partial,1.2347203358439314,1.6,0.01217331048713319,0.002673587379501491
G28C3,S_partial,1.2347203358439314,1.6,0.018914599666601067,0.0038706149789212163
G28C3,S_partial,1.2347203358439314,1.6,0.037083060449304664,0.007114995763222609
G28C3,S_partial,1.2347203358439314,1.6,0.037653650797803674,0.006937890332227886
G28C4,S_partial,1.2347203358439314,1.6,0.01197861060660161,0.0029551022249884873
G28C4,S_partial,1.2347203358439314,1.6,0.01296938982141198,0.003266456670264012
G28C4,S_partial,1.2347203358439314,1.6,0.010115925239245666,0.002601072329347781
G28C4,S_partial,1.2347203358439314,1.6,0.009939388050506499,0.0026455201772788983
G28C4,S_partial,1.2347203358439314,1.6,0.012052151174480436,0.004303199455849782
G28C4,S_partial,1.2347203358439314,1.6,0.04592910549593749,0.010471614217807595
G28C4,S_partial,1.2347203358439314,1.6,0.0489564752123168,0.010056583916794315
G28C4,S_partial,1.2347203358439314,1.6,0.07048000739703182,0.013149907259530386
G28C4,S_partial,1.2347203358439314,1.6,-0.024180955193367597,-0.0028059886954694135
G29C1,S_partial,1.905487804878049,1.8,0.02389133200266848,0.006711769824125913
G29C1,S_partial,1.905487804878049,1.8,0.018132762467132156,0.005000854233543406
G29C1,S_partial,1.905487804878049,1.8,0.015876569652479564,0.004345702197560919
G29C1,S_partial,1.905487804878049,1.8,0.016106142591283398,0.004327645191458396
G29C1,S_partial,1.905487804878049,1.8,0.011600927071745844,-0.0011084874239570275
G29C1,S_partial,1.905487804878049,1.8,0.01777799089389429,0.004657434094370305
G29C1,S_partial,1.905487804878049,1.8,0.022684564441896912,0.005927866800222392
G29C1,S_partial,1.905487804878049,1.8,0.031225823360195908,0.008044509433775465
G29C1,S_partial,1.905487804878049,1.8,0.08823640965607281,0.021635486082596384
G29C1,S_partial,1.905487804878049,1.8,0.16179971322060582,0.03895390490497119
G29C1,S_partial,1.905487804878049,1.8,0.23206179474938857,0.05416879598383739
G29C1,S_partial,1.905487804878049,1.8,0.02512169702811816,0.005489611302897296
G29C1,S_partial,1.905487804878049,1.8,-0.05024183609310848,-0.008404779090049497
G29C2,S_partial,1.905487804878049,1.8,0.01889585076752056,0.005325851203785981
G29C2,S_partial,1.905487804878049,1.8,0.012929112500050537,0.003588437785882581
G29C2,S_partial,1.905487804878049,1.8,0.016875801583743088,0.004574016682451665
G29C2,S_partial,1.905487804878049,1.8,0.00992381136773753,0.0026209276862084185
G29C2,S_partial,1.905487804878049,1.8,0.01110127682897689,-0.0017341021229944076
G29C2,S_partial,1.905487804878049,1.8,0.010772402676955383,0.0027966094345883152
G29C2,S_partial,1.905487804878049,1.8,0.008810064114596002,0.002280579854484488
G29C2,S_partial,1.905487804878049,1.8,0.014038704118834278,0.0035435580825486646
G29C2,S_partial,1.905487804878049,1.8,0.017121851231450724,0.004272805860361606
G29C2,S_partial,1.905487804878049,1.8,0.017178994516199503,0.004287921802927308
G29C2,S_partial,1.905487804878049,1.8,0.015600181909415383,0.00391107560227219
G29C2,S_partial,1.905487804878049,1.8,0.006498587028774412,0.0016871608101035052
G29C2,S_partial,1.905487804878049,1.8,0.04536286488043468,0.011160948001526894
G29C2,S_partial,1.905487804878049,1.8,0.07068426459769646,0.017158307133911088
G29C2,S_partial,1.905487804878049,1.8,0.09004766035530358,0.021723633694190392
G29C2,S_partial,1.905487804878049,1.8,0.12299653671978888,0.02958454074231301
G29C2,S_partial,1.905487804878049,1.8,0.15998872194850353,0.037408300401493205
G29C2,S_partial,1.905487804878049,1.8,0.16830442045509014,0.03689645610221429
G29C2,S_partial,1.905487804878049,1.8,0.08491361973790006,0.017026356035027806
G29C2,S_partial,1.905487804878049,1.8,-0.08805404840730512,-0.014510340207704003
G29C2,S_partial,1.905487804878049,1.8,-0.047873946733249184,-0.007177193912327601
G29C2,S_partial,1.905487804878049,1.8,0.1620745175422224,0.025294662987958516
G29C3,S_partial,1.905487804878049,1.8,0.02628280097957668,0.007392759892307199
G29C3,S_partial,1.905487804878049,1.8,0.021873923547659213,0.006081657931100826
G29C3,S_partial,1.905487804878049,1.8,0.021843840749223218,0.005889639233684019
G29C3,S_partial,1.905487804878049,1.8,0.01906382728293048,0.005054398787278203
G29C3,S_partial,1.905487804878049,1.8,0.022189645546214047,-0.00035147464080120816
G29C3,S_partial,1.905487804878049,1.8,0.016665392763455907,0.004247377040033196
G29C3,S_partial,1.905487804878049,1.8,0.022993881293463508,0.005809274803444814
G29C3,S_partial,1.905487804878049,1.8,0.02102073250998398,0.005252448503070495
G29C3,S_partial,1.905487804878049,1.8,0.025299263178175477,0.0062332302020706165
G29C3,S_partial,1.905487804878049,1.8,0.029603458715407364,0.007245670742606819
G29C3,S_partial,1.905487804878049,1.8,0.04050293777910963,0.009831634999295513
G29C3,S_partial,1.905487804878049,1.8,0.040304227926727144,0.009647738039441106
G29C3,S_partial,1.905487804878049,1.8,0.058939671445243945,0.013906713233588497
G29C3,S_partial,1.905487804878049,1.8,0.09733576895795405,0.022338118284166597
G29C3,S_partial,1.905487804878049,1.8,0.0501140609894349,0.011064552288144514
G29C3,S_partial,1.905487804878049,1.8,0.025105302888559063,0.005567425697718009
G29C3,S_partial,1.905487804878049,1.8,-0.021765999352426492,-0.0030903617632405955
G29C4,S_partial,1.905487804878049,1.8,0.021449126590606837,0.006161511500504868
G29C4,S_partial,1.905487804878049,1.8,0.01818219067686178,0.0051185219957252115
G29C4,S_partial,1.905487804878049,1.8,0.01768881167004445,0.004846366267212798
G29C4,S_partial,1.905487804878049,1.8,0.020878339156758994,0.005634672376903793
G29C4,S_partial,1.905487804878049,1.8,0.021276158022731254,0.0018030064479666041
G29C4,S_partial,1.905487804878049,1.8,0.02508484509398349,0.006561344864278229
G29C4,S_partial,1.905487804878049,1.8,0.03175716378618571,0.00821407501086907
G29C4,S_partial,1.905487804878049,1.8,0.0395582254153902,0.010112159762763584
G29C4,S_partial,1.905487804878049,1.8,0.04512862020731441,0.01138639200558969
G29C4,S_partial,1.905487804878049,1.8,0.06216469555420815,0.015544410476032833
G29C4,S_partial,1.905487804878049,1.8,0.11791427680579879,0.02870187011885142
G29C4,S_partial,1.905487804878049,1.8,0.16365871936319024,0.037049035718232703
G29C4,S_partial,1.905487804878049,1.8,0.07086606841149236,0.014556903494822304
G29C4,S_partial,1.905487804878049,1.8,-0.0052597802571812124,-0.0004847974150576917
G30C1,S_partial,1.2888258796236627,0.8,0.005393800695780722,0.001559070486504499
G30C1,S_partial,1.2888258796236627,0.8,0.0045032410874989515,0.0013150648743577298
G30C1,S_partial,1.2888258796236627,0.8,0.004000007210552633,0.0012295036056290676
G30C1,S_partial,1.2888258796236627,0.8,0.004012075132996294,0.0012444823291690166
G30C1,S_partial,1.2888258796236627,0.8,0.003859531526293563,0.0011597402726939987
G30C1,S_partial,1.2888258796236627,0.8,0.007773962166609929,0.002168319138747099
G30C1,S_partial,1.2888258796236627,0.8,0.008843238434565451,0.0024649472481206025
G30C1,S_partial,1.2888258796236627,0.8,0.01685656447585095,0.004336267431816726
G30C1,S_partial,1.2888258796236627,0.8,-0.007429598417201416,-0.0013165365965268905
G30C1,S_partial,1.2888258796236627,0.8,0.04016628634920479,0.009356540723004902
G30C1,S_partial,1.2888258796236627,0.8,0.1438052109890399,0.026052060042764086
G30C1,S_partial,1.2888258796236627,0.8,0.19269009003899773,0.03158600661423561
G30C1,S_partial,1.2888258796236627,0.8,0.11810644347492845,0.0182355117592371
G30C1,S_partial,1.2888258796236627,0.8,0.08365700595406682,0.012680297229546694
G30C2,S_partial,1.2888258796236627,0.8,0.00513641839771351,0.001501413544175989
G30C2,S_partial,1.2888258796236627,0.8,0.003344863651443555,0.0010080249808805952
G30C2,S_partial,1.2888258796236627,0.8,0.0020267988604113925,0.0006459665758405952
G30C2,S_partial,1.2888258796236627,0.8,0.0032782663230667376,0.0009376794945014089
G30C2,S_partial,1.2888258796236627,0.8,0.001484642127029218,0.0004874287505655661
G30C2,S_partial,1.2888258796236627,0.8,0.004638458654460779,0.0012867194246349856
G30C2,S_partial,1.2888258796236627,0.8,0.0027838430273154184,0.0007846243922199903
G30C2,S_partial,1.2888258796236627,0.8,0.0032755245581122805,0.0009219557406129897
G30C2,S_partial,1.2888258796236627,0.8,0.0029005982771111486,0.000826339782872193
G30C2,S_partial,1.2888258796236627,0.8,0.005574241392056643,0.0013059940148661964
G30C2,S_partial,1.2888258796236627,0.8,0.004683962201170992,0.001133715276706998
G30C2,S_partial,1.2888258796236627,0.8,0.0028012666028895206,0.0009882827361787916
G30C2,S_partial,1.2888258796236627,0.8,-0.01627479592415115,-0.0027584604627652887
G30C2,S_partial,1.2888258796236627,0.8,0.004171321012594975,0.0016378862235061908
G30C2,S_partial,1.2888258796236627,0.8,0.0861142897996715,0.014456045229280706
G30C3,S_partial,1.2888258796236627,0.8,0.003989130174438017,0.0012548914182599624
G30C3,S_partial,1.2888258796236627,0.8,0.0025214974910296437,0.0008241683102867547
G30C3,S_partial,1.2888258796236627,0.8,0.002202505372687947,0.0007256032467565232
G30C3,S_partial,1.2888258796236627,0.8,0.003327005969874361,0.0010099204174131016
G30C3,S_partial,1.2888258796236627,0.8,0.0020017315789356473,0.0006931825329513086
G30C3,S_partial,1.2888258796236627,0.8,0.00502047792327256,0.0014603421334754008
G30C3,S_partial,1.2888258796236627,0.8,0.0017982174907473169,0.0005950939964237123
G30C3,S_partial,1.2888258796236627,0.8,0.0024420514465220374,0.0007578176492180067
G30C3,S_partial,1.2888258796236627,0.8,0.0026440974241992645,0.0008036779334277822
G30C3,S_partial,1.2888258796236627,0.8,0.002867134981410623,0.0008274191779992224
G30C3,S_partial,1.2888258796236627,0.8,0.003996337644649291,0.0010283583774504945
G30C3,S_partial,1.2888258796236627,0.8,0.003547811902231721,0.0009906171497871818
G30C3,S_partial,1.2888258796236627,0.8,0.011228293319890083,0.002863839276182195
G30C3,S_partial,1.2888258796236627,0.8,0.010826798592210104,0.0026772586108625984
G30C3,S_partial,1.2888258796236627,0.8,-0.0039820830363027785,-0.0007210351964571093
G30C3,S_partial,1.2888258796236627,0.8,0.0037311286851019307,0.0013876570590962978
G30C3,S_partial,1.2888258796236627,0.8,-0.0059341661269777385,-0.0007464693060646177
G30C3,S_partial,1.2888258796236627,0.8,0.02190143506166827,0.004564729933138584
G30C3,S_partial,1.2888258796236627,0.8,-0.15006802459393068,0.008130002187425017
G30C3,S_partial,1.2888258796236627,0.8,-0.016397066114744053,-0.001967882059838
G30C4,S_partial,1.2888258796236627,0.8,0.0037025871287478794,0.0010542301838919466
G30C4,S_partial,1.2888258796236627,0.8,0.0008214717294003273,0.0002531955979575007
G30C4,S_partial,1.2888258796236627,0.8,-0.001182624476588377,-0.0002369013093239669
G30C4,S_partial,1.2888258796236627,0.8,-0.0010849350103256576,-0.00020993625822429696
G30C4,S_partial,1.2888258796236627,0.8,-0.0017918643738746038,-0.00037761623170590175
G30C4,S_partial,1.2888258796236627,0.8,0.0010279137306314428,0.00034959137779011495
G30C4,S_partial,1.2888258796236627,0.8,-0.001742335300810889,-0.0003055405248063858
G30C4,S_partial,1.2888258796236627,0.8,-0.0023455664289023285,-0.00023222543409129326
G30C4,S_partial,1.2888258796236627,0.8,0.00944473905736183,0.0029948732688462043
G30C4,S_partial,1.2888258796236627,0.8,0.07536945132876309,0.017134305965619406
G30C4,S_partial,1.2888258796236627,0.8,0.13759919546158034,0.02261019717925669
G31C1,S_partial,1.6278691193228065,1.0,0.0004043054781165716,0.00018074481419283472
G31C1,S_partial,1.6278691193228065,1.0,-0.004719582481328115,-0.0011984342353926758
G31C1,S_partial,1.6278691193228065,1.0,-0.007178608863367714,-0.001865833468417788
G31C1,S_partial,1.6278691193228065,1.0,-0.011364701779912782,-0.0028709342505615076
G31C1,S_partial,1.6278691193228065,1.0,-0.019529415152004,-0.004729067557949607
G31C1,S_partial,1.6278691193228065,1.0,-0.005605542463822839,-0.0012919322644538989
G31C1,S_partial,1.6278691193228065,1.0,0.006539229174498841,0.0017990249331306107
G31C1,S_partial,1.6278691193228065,1.0,0.010396184713318034,0.0026796584003810076
G31C1,S_partial,1.6278691193228065,1.0,0.011589377124062085,0.0029240744730328894
G31C1,S_partial,1.6278691193228065,1.0,0.02749582408109918,0.006855502364288585
G31C1,S_partial,1.6278691193228065,1.0,0.049412797574921764,0.012096830524747804
G31C1,S_partial,1.6278691193228065,1.0,0.03997198273745887,0.009689642195140513
G31C1,S_partial,1.6278691193228065,1.0,0.01180873094516626,0.003156271994705001
G31C1,S_partial,1.6278691193228065,1.0,-0.03956955009477595,-0.00681025038183769
G31C1,S_partial,1.6278691193228065,1.0,0.056793446412155196,0.011315064576373601
G31C1,S_partial,1.6278691193228065,1.0,0.0250498767175636,0.004641515080577585
G31C2,S_partial,1.6278691193228065,1.0,0.0070435664152362736,0.0020118508525365786
G31C2,S_partial,1.6278691193228065,1.0,0.004166650866595402,0.0011885579299489302
G31C2,S_partial,1.6278691193228065,1.0,0.006436583432096971,0.00186812508170342
G31C2,S_partial,1.6278691193228065,1.0,0.008274348740315138,0.0023337424953592256
G31C2,S_partial,1.6278691193228065,1.0,0.011033766276791668,0.003038297526410161
G31C2,S_partial,1.6278691193228065,1.0,0.017502382688174303,0.004687098714267868
G31C2,S_partial,1.6278691193228065,1.0,0.018971869977936772,0.004986457741660788
G31C2,S_partial,1.6278691193228065,1.0,0.025558589222344393,0.006678996056650399
G31C2,S_partial,1.6278691193228065,1.0,0.06689122728440171,0.017085014346470084
G31C2,S_partial,1.6278691193228065,1.0,0.02734685285883913,0.006780052290560085
G31C2,S_partial,1.6278691193228065,1.0,0.13984021404633662,0.027320844156787705
G31C2,S_partial,1.6278691193228065,1.0,0.14220480007805317,0.0245794756233442
G31C2,S_partial,1.6278691193228065,1.0,0.16424203780321567,0.027174287558910798
G31C2,S_partial,1.6278691193228065,1.0,0.20976130031861812,0.03363338970586169
G31C3,S_partial,1.6278691193228065,1.0,0.008677845381973739,0.002435495157489309
G31C3,S_partial,1.6278691193228065,1.0,0.005497366137138339,0.0015333443077009123
G31C3,S_partial,1.6278691193228065,1.0,0.006867706071398691,0.0018650163663744834
G31C3,S_partial,1.6278691193228065,1.0,0.00799931768081929,0.002127063223847425
G31C3,S_partial,1.6278691193228065,1.0,0.009266101676134671,0.002490452271163901
G31C3,S_partial,1.6278691193228065,1.0,0.016183042765972686,0.00421983441296836
G31C3,S_partial,1.6278691193228065,1.0,0.016464377926012616,0.004207485517180781
G31C3,S_partial,1.6278691193228065,1.0,0.018670326285001832,0.004691028471656894
G31C3,S_partial,1.6278691193228065,1.0,0.027445242992239778,0.006766710048825203
G31C3,S_partial,1.6278691193228065,1.0,-0.011709197058958237,-0.0024192261264674164
G31C3,S_partial,1.6278691193228065,1.0,-0.019419081147433653,-0.003156995917044797
G31C3,S_partial,1.6278691193228065,1.0,0.030742946866258107,0.006358403445921312
G31C3,S_partial,1.6278691193228065,1.0,-0.0818404047701488,-0.011669065070277096
G31C3,S_partial,1.6278691193228065,1.0,-0.006175197642466945,-0.0002994660593349241
G31C4,S_partial,1.6278691193228065,1.0,0.006001147370313048,0.0017208193393769
G31C4,S_partial,1.6278691193228065,1.0,0.002885724411838887,0.0008336721691156179
G31C4,S_partial,1.6278691193228065,1.0,0.005476449466385275,0.0015958975335518821
G31C4,S_partial,1.6278691193228065,1.0,0.007046472346390347,0.0019838893165760596
G31C4,S_partial,1.6278691193228065,1.0,0.00984027474433669,0.002703958738471568
G31C4,S_partial,1.6278691193228065,1.0,0.017092771850448746,0.004558613672032807
G31C4,S_partial,1.6278691193228065,1.0,0.018715170093341442,0.004912111395538099
G31C4,S_partial,1.6278691193228065,1.0,0.03476286035467953,0.009150323988026482
G31C4,S_partial,1.6278691193228065,1.0,0.14154166743171107,0.0352367362183304
G31C4,S_partial,1.6278691193228065,1.0,0.07793279589357444,0.01669343104550358
G31C4,S_partial,1.6278691193228065,1.0,0.13930610213251154,0.024886308724941714
G31C4,S_partial,1.6278691193228065,1.0,0.13946157707059717,0.023402027012948995
G31C4,S_partial,1.6278691193228065,1.0,0.2723694708730524,0.045834835548907105
G31C4,S_partial,1.6278691193228065,1.0,0.2705639940248381,0.0430031043437141
G35C1,S_full,1.0307153164296021,0.5,0.012590711324880231,0.0030393578148608658
G35C1,S_full,1.0307153164296021,0.5,0.001713648769817667,0.000416396233148264
G35C1,S_full,1.0307153164296021,0.5,0.0020151877646829774,0.0005237527906317707
G35C1,S_full,1.0307153164296021,0.5,-0.0020779155538008733,-0.0005410166766564029
G35C1,S_full,1.0307153164296021,0.5,-0.007713096468696423,-0.0019787664378338454
G35C1,S_full,1.0307153164296021,0.5,-0.0017697435354307187,-0.00044558316282694577
G35C1,S_full,1.0307153164296021,0.5,-0.004419788849416257,-0.0010076359527338985
G35C1,S_full,1.0307153164296021,0.5,-0.0003829550895526805,-9.151140765029098e-05
G35C1,S_full,1.0307153164296021,0.5,-0.0051939508121742715,-0.001253415315770362
G35C1,S_full,1.0307153164296021,0.5,-0.011216571238752714,-0.002526196998067387
G35C1,S_full,1.0307153164296021,0.5,-0.006882081421788333,-0.0014970448963389227
G35C1,S_full,1.0307153164296021,0.5,-0.016024973200624314,-0.00346555231031756
G35C1,S_full,1.0307153164296021,0.5,-0.00490240492880594,-0.0010191563118754354
G35C1,S_full,1.0307153164296021,0.5,-0.008388618424992146,-0.0017079694635445952
G35C1,S_full,1.0307153164296021,0.5,-0.014880726660664164,-0.0028591108794459863
G35C1,S_full,1.0307153164296021,0.5,-0.004133317720615941,-0.0008171674953843522
G35C1,S_full,1.0307153164296021,0.5,-0.021876760743508035,-0.0038990547959853183
G35C1,S_full,1.0307153164296021,0.5,-0.006146905491850698,-0.0008138763878315636
G35C1,S_full,1.0307153164296021,0.5,-0.005398548584615526,-0.0007595133976654456
G35C1,S_full,1.0307153164296021,0.5,0.0017131901606214338,0.00038053178951164
G35C2,S_full,1.0307153164296021,0.5,-0.0004442862225679932,-0.0002526244288080237
G35C2,S_full,1.0307153164296021,0.5,0.0016923236924294082,0.00036609043508439854
G35C2,S_full,1.0307153164296021,0.5,0.0016842237142909986,0.0003225625002126198
G35C2,S_full,1.0307153164296021,0.5,-0.00010271793652659019,-1.4993833101106802e-05
G35C2,S_full,1.0307153164296021,0.5,0.0005480929420148515,0.0001624963097139609
G35C2,S_full,1.0307153164296021,0.5,-0.006198999477903046,-0.0014550476112109856
G35C2,S_full,1.0307153164296021,0.5,-0.014312451049413854,-0.0031475089020258362
G35C2,S_full,1.0307153164296021,0.5,-0.0242256360491463,-0.004720962323931904
G35C3,S_full,1.0307153164296021,0.5,-0.0002701928894626438,-0.0001852180155010874
G35C3,S_full,1.0307153164296021,0.5,0.002279333240422637,0.0004804951778319966
G35C3,S_full,1.0307153164296021,0.5,0.0017285509938470489,0.00047615093028818833
G35C3,S_full,1.0307153164296021,0.5,0.011217963926933345,0.002826622678775148
G35C3,S_full,1.0307153164296021,0.5,-0.0015512870068025255,-0.0003883499009347813
G35C3,S_full,1.0307153164296021,0.5,0.003265839231780715,0.0008082788468811719
G35C3,S_full,1.0307153164296021,0.5,-0.004056672367835867,-0.0010040675865458926
G35C3,S_full,1.0307153164296021,0.5,-0.0038285232662731224,-0.0008743298786505205
G35C3,S_full,1.0307153164296021,0.5,-0.014314998045929988,-0.003237047563647566
G35C3,S_full,1.0307153164296021,0.5,-0.013790747000524102,-0.0029378597564074516
G35C3,S_full,1.0307153164296021,0.5,-0.024497514063940032,-0.004709447827236202
G35C3,S_full,1.0307153164296021,0.5,-0.02492992989272767,-0.00391934912811942
G35C3,S_full,1.0307153164296021,0.5,-0.030121467864919243,-0.003105944670166075
G35C4,S_full,1.0307153164296021,0.5,-0.002534550288788468,-0.0006550956399143382
G35C4,S_full,1.0307153164296021,0.5,0.003558308430590137,0.0009433758224844935
G35C4,S_full,1.0307153164296021,0.5,0.006619563189694445,0.0016827530399409762
G35C4,S_full,1.0307153164296021,0.5,0.0004693653980307093,0.0001336810587531101
G35C4,S_full,1.0307153164296021,0.5,-0.0008055712981040471,-0.00014357324444203012
G35C4,S_full,1.0307153164296021,0.5,0.005709025035729229,0.0015291656038389223
G35C4,S_full,1.0307153164296021,0.5,-0.008051468419795474,-0.0019222401821792912
G35C4,S_full,1.0307153164296021,0.5,-0.012560189609843165,-0.002867593031273208
G35C4,S_full,1.0307153164296021,0.5,-0.02356136345071373,-0.004967436412581017
G35C4,S_full,1.0307153164296021,0.5,-0.022350603898618274,-0.0041513847409749005
G35C4,S_full,1.0307153164296021,0.5,-0.05897743241208704,-0.008726757986601469
G36C2,S_full,1.030290541932825,0.5,-0.004192522128500588,-0.0010524399481764979
G36C2,S_full,1.030290541932825,0.5,0.005675921919590553,0.0014490081967099555
G36C2,S_full,1.030290541932825,0.5,3.89746526154559e-06,5.234120284813848e-05
G36C2,S_full,1.030290541932825,0.5,0.011157997684748443,0.0027868374409978913
G36C2,S_full,1.030290541932825,0.5,0.002990788557473515,0.0007481289126361201
G36C2,S_full,1.030290541932825,0.5,0.008027179167407602,0.0019869773301771643
G36C2,S_full,1.030290541932825,0.5,0.0003249462100840217,9.289569533763031e-05
G36C2,S_full,1.030290541932825,0.5,0.006561116416351032,0.0015934626226535853
G36C2,S_full,1.030290541932825,0.5,-0.003342566864796163,-0.0007872883880621351
G36C2,S_full,1.030290541932825,0.5,0.0029150600039884074,0.0007585879049086808
G36C2,S_full,1.030290541932825,0.5,0.002170552158354846,0.0005948292063049088
G36C2,S_full,1.030290541932825,0.5,-0.0005265672397270807,-8.799567902698091e-05
G36C2,S_full,1.030290541932825,0.5,-0.008420671934517954,-0.00146446386419391
G36C2,S_full,1.030290541932825,0.5,0.0005006316493730613,0.00018224898797730704
G36C2,S_full,1.030290541932825,0.5,0.025997695016593624,0.003802467660073694
G36C2,S_full,1.030290541932825,0.5,0.018709523388741652,0.0025288226144214443
G36C3,S_full,1.030290541932825,0.5,-0.0034583307551311294,-0.0009407497539081211
G36C3,S_full,1.030290541932825,0.5,-0.004271647295531258,-0.0010732083287647298
G36C3,S_full,1.030290541932825,0.5,0.005999214521123408,0.0015036899235032486
G36C3,S_full,1.030290541932825,0.5,-0.003298346123551941,-0.0008187599042674687
G36C3,S_full,1.030290541932825,0.5,-0.0029021055091393837,-0.0006757294685163229
G36C3,S_full,1.030290541932825,0.5,0.007046863121377621,0.0017422197051666088
G36C3,S_full,1.030290541932825,0.5,-0.003833500400659006,-0.0009236517870230276
G36C3,S_full,1.030290541932825,0.5,-0.004829610679655425,-0.0011041008486195047
G36C3,S_full,1.030290541932825,0.5,-0.009277138021251649,-0.001977825637650893
G36C3,S_full,1.030290541932825,0.5,-0.004814863302897515,-0.0009982587749796656
G36C3,S_full,1.030290541932825,0.5,0.0021314437340500636,0.00044185188375436835
G36C3,S_full,1.030290541932825,0.5,-0.014677347445496427,-0.002926679937720583
G36C3,S_full,1.030290541932825,0.5,-0.015985344421449783,-0.0029536976210841337
G36C3,S_full,1.030290541932825,0.5,0.00709427041914859,0.0012705629387686768
G36C3,S_full,1.030290541932825,0.5,-0.050904905528220544,-0.0083852495745243
G36C3,S_full,1.030290541932825,0.5,-0.005340535037977867,-0.0004967192114147256
G36C3,S_full,1.030290541932825,0.5,0.013899934559619045,0.0021230791989781395
G36C3,S_full,1.030290541932825,0.5,0.044072842107589716,0.005659899476984059
G36C4,S_full,1.030290541932825,0.5,-0.004575528749516811,-0.0011079358526703276
G36C4,S_full,1.030290541932825,0.5,0.0008501121805026539,0.0001991690278259628
G36C4,S_full,1.030290541932825,0.5,-0.003685443093041373,-0.0008521416100443768
G36C4,S_full,1.030290541932825,0.5,0.0008410007905142762,0.00019929003235300002
G36C4,S_full,1.030290541932825,0.5,-0.013263437533561658,-0.0028867100684723257
G36C4,S_full,1.030290541932825,0.5,-0.030546371912977766,-0.006141510207079731
G36C4,S_full,1.030290541932825,0.5,-0.03741073449021536,-0.006498333856491123
G37C2,S_full,1.0195758564437194,0.5,-0.0002436203738862549,-0.00019193368031356073
G37C2,S_full,1.0195758564437194,0.5,-0.001770408042900457,-0.0004892051842311784
G37C2,S_full,1.0195758564437194,0.5,0.0056403849277054914,0.0015822153901739466
G37C2,S_full,1.0195758564437194,0.5,-0.008099243049453106,-0.0022171619192076775
G37C2,S_full,1.0195758564437194,0.5,0.002928531321576583,0.0008730349254641445
G37C2,S_full,1.0195758564437194,0.5,0.0021928689251568385,0.0005760446895735627
G37C2,S_full,1.0195758564437194,0.5,0.0037591073127773837,0.0009676628199520865
G37C2,S_full,1.0195758564437194,0.5,-0.006635902946932742,-0.001729481092446472
G37C2,S_full,1.0195758564437194,0.5,-0.0010120784337807613,-0.00023093357646247759
G37C2,S_full,1.0195758564437194,0.5,-0.007203724915852714,-0.001818375847832121
G37C2,S_full,1.0195758564437194,0.5,-0.008887410243063157,-0.002150205302099084
G37C2,S_full,1.0195758564437194,0.5,-0.0017235402603831857,-0.0004324209329275297
G37C2,S_full,1.0195758564437194,0.5,-0.002495542818779369,-0.0005851672590769796
G37C2,S_full,1.0195758564437194,0.5,0.000692479099097821,0.0003237267418717271
G37C2,S_full,1.0195758564437194,0.5,0.012688666198636477,0.0031520154278721624
G37C2,S_full,1.0195758564437194,0.5,0.0028872634663183756,0.0007424943747277313
G37C2,S_full,1.0195758564437194,0.5,-0.061470922452089176,-0.009922597379541598
G37C3,S_full,1.0195758564437194,0.5,0.0001110533748467289,2.5851078894412183e-05
G37C3,S_full,1.0195758564437194,0.5,0.003709549812027057,0.0010125207530604086
G37C3,S_full,1.0195758564437194,0.5,0.00041945187094219184,0.0001574014257770262
G37C3,S_full,1.0195758564437194,0.5,0.006689867078297237,0.0018434641620740932
G37C3,S_full,1.0195758564437194,0.5,-0.004848458402020189,-0.0013653082267506833
G37C3,S_full,1.0195758564437194,0.5,0.001295961254521036,0.0003091150404811449
G37C3,S_full,1.0195758564437194,0.5,-0.0038938068312535192,-0.0010166318957262055
G37C3,S_full,1.0195758564437194,0.5,-0.0009678427999294902,-0.0002578888034429627
G37C3,S_full,1.0195758564437194,0.5,-0.01154246629460121,-0.0029130462964116477
G37C3,S_full,1.0195758564437194,0.5,-0.00430812217902985,-0.0009958810965311482
G37C3,S_full,1.0195758564437194,0.5,0.0031871973944416006,0.0008170481117097395
G37C3,S_full,1.0195758564437194,0.5,0.002319414488600819,0.000665946940820672
G37C3,S_full,1.0195758564437194,0.5,0.007895486331374893,0.0018841608531282583
G37C3,S_full,1.0195758564437194,0.5,0.0021293530697798126,0.0005023099806246711
G37C3,S_full,1.0195758564437194,0.5,-0.025563228634831077,-0.0046369104862026556
G37C3,S_full,1.0195758564437194,0.5,-0.03477614425701059,-0.004028133668046691
G37C4,S_full,1.0195758564437194,0.5,0.001127063378433516,1.3315291191751122e-05
G37C4,S_full,1.0195758564437194,0.5,0.0035839123635607604,0.0007622996448866659
G37C4,S_full,1.0195758564437194,0.5,-0.003641721009080356,-0.00104701152435549
G37C4,S_full,1.0195758564437194,0.5,-0.0033466028311387366,-0.0008925917482240364
G37C4,S_full,1.0195758564437194,0.5,-0.008024220144972173,-0.0021405638386456927
G37C4,S_full,1.0195758564437194,0.5,-0.003527962181401248,-0.0009320073270697171
G37C4,S_full,1.0195758564437194,0.5,0.000988132707490445,0.00026334920652221205
G37C4,S_full,1.0195758564437194,0.5,-0.0075678680381958624,-0.001964098977653872
G37C4,S_full,1.0195758564437194,0.5,-0.0014870165071229802,-0.0002356610123981917
G37C4,S_full,1.0195758564437194,0.5,0.004616209853496863,0.0013421668840774004
G37C4,S_full,1.0195758564437194,0.5,-0.0013939598894861587,-0.00013407764194525718
G37C4,S_full,1.0195758564437194,0.5,0.010103698048050325,0.0024780191541518837
G37C4,S_full,1.0195758564437194,0.5,-0.03353850563943959,-0.005865711206572366
G38C1,S_full,1.0435145570280706,0.5,0.0012679400226509715,0.000361237668331571
G38C1,S_full,1.0435145570280706,0.5,0.004962980116046272,0.001266682195588037
G38C1,S_full,1.0435145570280706,0.5,0.006274558811648288,0.0015079795251159156
G38C1,S_full,1.0435145570280706,0.5,0.0005509924975338181,0.00014971564128085646
G38C1,S_full,1.0435145570280706,0.5,0.001389498751341294,0.0003198000748781682
G38C1,S_full,1.0435145570280706,0.5,-0.001547486443143401,-0.0003315415115980047
G38C1,S_full,1.0435145570280706,0.5,0.0003003741926154599,0.0001560643974158893
G38C1,S_full,1.0435145570280706,0.5,-0.008813704719743146,-0.001896134925319204
G38C1,S_full,1.0435145570280706,0.5,-0.021807196399609038,-0.004226895540488995
G38C1,S_full,1.0435145570280706,0.5,-0.015366712201620858,-0.002636411211746237
G38C1,S_full,1.0435145570280706,0.5,-0.020861969870594396,-0.0031646288462453265
G38C1,S_full,1.0435145570280706,0.5,-0.05222965881584248,-0.006269101411949987
G38C2,S_full,1.0435145570280706,0.5,-0.003906757812032082,-0.0011031435760604502
G38C2,S_full,1.0435145570280706,0.5,-0.0010600712852880509,-0.0002849857840755976
G38C2,S_full,1.0435145570280706,0.5,0.0040977251588676135,0.00109159632522704
G38C2,S_full,1.0435145570280706,0.5,-0.004268596883831405,-0.0011187787293726048
G38C2,S_full,1.0435145570280706,0.5,-0.002360808406274911,-0.0006069611884305104
G38C2,S_full,1.0435145570280706,0.5,-0.009944627362660791,-0.002442705567299447
G38C2,S_full,1.0435145570280706,0.5,-0.014972306708230194,-0.0034532575871263627
G38C2,S_full,1.0435145570280706,0.5,-0.021342187907782778,-0.004523864455888094
G38C2,S_full,1.0435145570280706,0.5,-0.026126642593569636,-0.004966711933667517
G38C2,S_full,1.0435145570280706,0.5,-0.0506956107199987,-0.007698592340626892
G38C3,S_full,1.0435145570280706,0.5,8.991732169059659e-05,-0.00010237209987268292
G38C3,S_full,1.0435145570280706,0.5,-0.00025405803276958814,-0.0001270451272603057
G38C3,S_full,1.0435145570280706,0.5,0.0024546480586818075,0.0006770047534762069
G38C3,S_full,1.0435145570280706,0.5,-0.0024485906615412615,-0.0006627668997596925
G38C3,S_full,1.0435145570280706,0.5,0.0037900344342489596,0.0010490355729356193
G38C3,S_full,1.0435145570280706,0.5,-0.0023580951718542836,-0.0005983366992146633
G38C3,S_full,1.0435145570280706,0.5,-0.0024154180003385837,-0.000517407681349169
G38C3,S_full,1.0435145570280706,0.5,-4.3057148173278055e-05,-1.6158088258444447e-05
G38C3,S_full,1.0435145570280706,0.5,-0.005798628858710354,-0.0014540174185804777
G38C3,S_full,1.0435145570280706,0.5,0.0020750076314349714,0.0006476968071995326
G38C3,S_full,1.0435145570280706,0.5,0.0050655674418593555,0.0014085495038253515
G38C3,S_full,1.0435145570280706,0.5,0.005143115610393548,0.0013224655401763152
G38C3,S_full,1.0435145570280706,0.5,0.0051668303750162375,0.0012772611501584152
G38C3,S_full,1.0435145570280706,0.5,0.03680490023567874,0.005545093421073788
G38C3,S_full,1.0435145570280706,0.5,0.04428516095990484,0.005582670041533955
G38C4,S_full,1.0435145570280706,0.5,-0.0034680627032938802,-0.0008762981766568534
G38C4,S_full,1.0435145570280706,0.5,0.006624896062990154,0.0017091699506587843
G38C4,S_full,1.0435145570280706,0.5,0.0004237235869854649,0.0001325177334688954
G38C4,S_full,1.0435145570280706,0.5,0.004616026183297677,0.0012565813664396908
G38C4,S_full,1.0435145570280706,0.5,0.0035096231505891457,0.00088729244064506
G38C4,S_full,1.0435145570280706,0.5,-0.0011342797092864958,-0.00028001725024195956
G38C4,S_full,1.0435145570280706,0.5,-0.005431672510652696,-0.0012445828908089207
G38C4,S_full,1.0435145570280706,0.5,0.0025715973732734015,0.0006210181218728461
G38C4,S_full,1.0435145570280706,0.5,-0.006942266002063004,-0.0015954966019663674
G38C4,S_full,1.0435145570280706,0.5,-0.008888412393522976,-0.0019658743401788636
G38C4,S_full,1.0435145570280706,0.5,-0.023693374742307587,-0.004944566338469736
G38C4,S_full,1.0435145570280706,0.5,-0.02341511586682478,-0.00462227988540459
G38C4,S_full,1.0435145570280706,0.5,-0.015758088048147628,-0.002955713964975959
G38C4,S_full,1.0435145570280706,0.5,-0.014901974579264107,-0.0026160349973421704
G38C4,S_full,1.0435145570280706,0.5,-0.01414876780359971,-0.0023983089957217707
G38C4,S_full,1.0435145570280706,0.5,-0.022580040717380363,-0.0036229482606188745
G38C4,S_full,1.0435145570280706,0.5,-0.01082108338489016,-0.0016310400279251625
G38C4,S_full,1.0435145570280706,0.5,-0.020273752207959253,-0.0027607279658405093
G39C1,S_full,1.0294420424130122,0.5,-0.0010227937464591759,-0.00038940533663095467
G39C1,S_full,1.0294420424130122,0.5,0.0027997195700189834,0.0007619960162447148
G39C1,S_full,1.0294420424130122,0.5,0.0022592252030147735,0.0006607455100338111
G39C1,S_full,1.0294420424130122,0.5,-0.0022512041336070925,-0.0005710727399298454
G39C1,S_full,1.0294420424130122,0.5,-0.004213254859825938,-0.0011044823068006027
G39C1,S_full,1.0294420424130122,0.5,-0.0011563289222252377,-0.0002713379206032984
G39C1,S_full,1.0294420424130122,0.5,-0.0014004553939444982,-0.00034723454954244115
G39C1,S_full,1.0294420424130122,0.5,-0.0027685311572014744,-0.0006877191095782109
G39C1,S_full,1.0294420424130122,0.5,-0.007743694419013462,-0.0017884820284798097
G39C1,S_full,1.0294420424130122,0.5,-0.012528428744054718,-0.0027375910266972114
G39C1,S_full,1.0294420424130122,0.5,-0.010279197367635367,-0.002045636268733414
G39C1,S_full,1.0294420424130122,0.5,-0.01887543460417454,-0.0034867586667871042
G39C1,S_full,1.0294420424130122,0.5,-0.037299239615513985,-0.005844992342753985
G39C2,S_full,1.0294420424130122,0.5,-0.0034198992985879644,-0.0009424002946719634
G39C2,S_full,1.0294420424130122,0.5,-0.0005534790076550516,-6.237526177393926e-05
G39C2,S_full,1.0294420424130122,0.5,0.003493863237040212,0.000984896721553552
G39C2,S_full,1.0294420424130122,0.5,-0.0021305521233536046,-0.0005728001855828113
G39C2,S_full,1.0294420424130122,0.5,-0.0027601575413210714,-0.0007176120242297634
G39C2,S_full,1.0294420424130122,0.5,-0.0019405050152849752,-0.0004482953834646364
G39C2,S_full,1.0294420424130122,0.5,0.0027546460722110305,0.0007022113239965044
G39C2,S_full,1.0294420424130122,0.5,-0.004307107564955925,-0.0010781663575529787
G39C2,S_full,1.0294420424130122,0.5,-0.008463083722872375,-0.0020332975811264697
G39C2,S_full,1.0294420424130122,0.5,-0.004184489416408059,-0.0008726966566296179
G39C2,S_full,1.0294420424130122,0.5,-0.012178538400870973,-0.002432645270685624
G39C2,S_full,1.0294420424130122,0.5,-0.0063731400366642136,-0.0010265587909405738
G39C2,S_full,1.0294420424130122,0.5,0.009327620967167986,0.0017038074087584176
G39C3,S_full,1.0294420424130122,0.5,0.0015911301156598012,0.00034002227753832104
G39C3,S_full,1.0294420424130122,0.5,-0.0023258321352500914,-0.0006323043967645936
G39C3,S_full,1.0294420424130122,0.5,0.004858943720825892,0.001373384073014683
G39C3,S_full,1.0294420424130122,0.5,0.0017878176823735666,0.0005649730824549559
G39C3,S_full,1.0294420424130122,0.5,0.0026498603062593265,0.0006967923558965916
G39C3,S_full,1.0294420424130122,0.5,-0.002516957781812522,-0.0006517633830033787
G39C3,S_full,1.0294420424130122,0.5,0.0011366544504955536,0.00041685428374516054
G39C3,S_full,1.0294420424130122,0.5,0.006601253523263216,0.0016908264862979805
G39C3,S_full,1.0294420424130122,0.5,-0.002886987750449519,-0.0006524227873030142
G39C3,S_full,1.0294420424130122,0.5,-0.007216323480188265,-0.001556815573448389
G39C3,S_full,1.0294420424130122,0.5,-0.007089532749809821,-0.0012571572803170838
G39C3,S_full,1.0294420424130122,0.5,0.0023527754555564516,0.00042595124569244636
G39C3,S_full,1.0294420424130122,0.5,0.0006496496599059962,0.00014788729500565811
G39C4,S_full,1.0294420424130122,0.5,-0.0026426884444720232,-0.000697211554204602
G39C4,S_full,1.0294420424130122,0.5,0.008901099757722072,0.00236033141563724
G39C4,S_full,1.0294420424130122,0.5,0.0019899299643049034,0.0005481879010008628
G39C4,S_full,1.0294420424130122,0.5,0.008175170417244398,0.0021004770709806553
G39C4,S_full,1.0294420424130122,0.5,0.0006377290844024134,4.076308057548994e-05
G39C4,S_full,1.0294420424130122,0.5,-0.002128350250884051,-0.0005007243207314493
G39C4,S_full,1.0294420424130122,0.5,0.0007251213911675294,0.00016604388063995446
G39C4,S_full,1.0294420424130122,0.5,-0.011154646793914787,-0.002681639617054865
G39C4,S_full,1.0294420424130122,0.5,-0.004148015789066448,-0.0008836185799463436
G39C4,S_full,1.0294420424130122,0.5,-0.0016283171778349378,-0.0003238482236420648
G39C4,S_full,1.0294420424130122,0.5,-0.003263826740485435,-0.0006806123736234071
G39C4,S_full,1.0294420424130122,0.5,-0.011016145495179062,-0.002168999014870998
G39C4,S_full,1.0294420424130122,0.5,-0.005393123636906464,-0.0008866036072535943
G39C4,S_full,1.0294420424130122,0.5,0.0006795717133571008,0.00020614631956322738
G39C4,S_full,1.0294420424130122,0.5,0.006598409964812663,0.0010229490733575375
G39C4,S_full,1.0294420424130122,0.5,-0.0009340777138853309,-7.35657768942688e-05
G3C1,S_partial,1.4755791648221928,0.5,0.006896436804382926,0.0020090001594917917
G3C1,S_partial,1.4755791648221928,0.5,-0.004778875353363313,-0.0011582096966026856
G3C1,S_partial,1.4755791648221928,0.5,-0.0013927759459550974,-0.00030876939675794635
G3C1,S_partial,1.4755791648221928,0.5,0.005593287158883141,0.0015652345568583637
G3C1,S_partial,1.4755791648221928,0.5,0.008192519302669695,0.0022002334923984512
G3C1,S_partial,1.4755791648221928,0.5,0.00023549927084681323,6.368285014685116e-05
G3C1,S_partial,1.4755791648221928,0.5,0.0017464966218011457,0.0004991264472876678
G3C1,S_partial,1.4755791648221928,0.5,0.005838636247994152,0.001548999003885776
G3C1,S_partial,1.4755791648221928,0.5,0.0004819738917294172,0.0001263408914182751
G3C1,S_partial,1.4755791648221928,0.5,0.006579300709031022,0.0017015886973347771
G3C1,S_partial,1.4755791648221928,0.5,-0.003320477488929715,-0.0007410345290519427
G3C1,S_partial,1.4755791648221928,0.5,-0.000270889871354042,-6.980537064571468e-05
G3C1,S_partial,1.4755791648221928,0.5,-0.0004145015019788529,-9.944494831301554e-05
G3C1,S_partial,1.4755791648221928,0.5,0.004166948126410898,0.0010664022416684016
G3C1,S_partial,1.4755791648221928,0.5,0.0068735341206575835,0.001697829884627411
G3C1,S_partial,1.4755791648221928,0.5,-0.021785934187583948,-0.005029973947833916
G3C1,S_partial,1.4755791648221928,0.5,0.008065225289553585,0.0019328121417159227
G3C1,S_partial,1.4755791648221928,0.5,0.004968769067672808,0.001196504701050205
G3C1,S_partial,1.4755791648221928,0.5,0.017010090401176136,0.004092284674105551
G3C1,S_partial,1.4755791648221928,0.5,0.008722245376122439,0.0021316358576352057
G3C1,S_partial,1.4755791648221928,0.5,0.007189335525114527,0.0016767144257822386
G3C1,S_partial,1.4755791648221928,0.5,0.001279169114035893,0.0003046231056347548
G3C1,S_partial,1.4755791648221928,0.5,0.025195593053632195,0.005850058375032441
G3C1,S_partial,1.4755791648221928,0.5,-0.09320817236104767,-0.020025910822593446
G3C1,S_partial,1.4755791648221928,0.5,-0.008529538779495378,-0.0018853469309930426
G3C1,S_partial,1.4755791648221928,0.5,-0.037425198248845104,-0.0077138853704965815
G3C1,S_partial,1.4755791648221928,0.5,-0.004579529570570695,-0.0007824729538104536
G3C1,S_partial,1.4755791648221928,0.5,-0.01219709512735441,-0.0022043595836129803
G3C1,S_partial,1.4755791648221928,0.5,0.0066570720405592235,0.001688838351986327
G3C2,S_partial,1.4755791648221928,0.5,0.003004743859136412,0.0009036679261267833
G3C2,S_partial,1.4755791648221928,0.5,-0.0015819965592336416,-0.00027455638753948186
G3C2,S_partial,1.4755791648221928,0.5,0.005522559410367427,0.0015123512492817848
G3C2,S_partial,1.4755791648221928,0.5,0.002996898684302962,0.0008365863813493135
G3C2,S_partial,1.4755791648221928,0.5,0.005309003669482956,0.0014706209106214452
G3C2,S_partial,1.4755791648221928,0.5,0.0003976474588050672,0.00020903158496354823
G3C2,S_partial,1.4755791648221928,0.5,0.019606285934493338,0.004999589061187637
G3C2,S_partial,1.4755791648221928,0.5,0.020365144272325643,0.005177696492822542
G3C2,S_partial,1.4755791648221928,0.5,0.022976663881352763,0.005552610422379395
G3C2,S_partial,1.4755791648221928,0.5,0.016558064562920388,0.003935163390893365
G3C2,S_partial,1.4755791648221928,0.5,0.010737910455529074,0.002551808123927024
G3C2,S_partial,1.4755791648221928,0.5,0.005132856998845155,0.0013168180196409252
G3C2,S_partial,1.4755791648221928,0.5,-0.0009450910069273435,-0.00013458961594201013
G3C2,S_partial,1.4755791648221928,0.5,0.0018980533463006924,0.0005935865641434335
G3C2,S_partial,1.4755791648221928,0.5,0.007207308416096962,0.002113138124013536
G3C2,S_partial,1.4755791648221928,0.5,-0.10544167380606573,-0.018754237607456953
G3C2,S_partial,1.4755791648221928,0.5,-0.08881589294926642,-0.014476409759547976
G3C3,S_partial,1.4755791648221928,0.5,0.0058520143441641356,0.0017928274102671504
G3C3,S_partial,1.4755791648221928,0.5,0.00449445393802126,0.0012972127274804013
G3C3,S_partial,1.4755791648221928,0.5,-0.006269702460929364,-0.00171029001194406
G3C3,S_partial,1.4755791648221928,0.5,0.0026954046354316554,0.0007882468514872065
G3C3,S_partial,1.4755791648221928,0.5,0.002087578566223801,0.0005757858045605802
G3C3,S_partial,1.4755791648221928,0.5,-0.0014250352126275307,-0.0003292352504590257
G3C3,S_partial,1.4755791648221928,0.5,0.010971762271675923,0.002924944631647608
G3C3,S_partial,1.4755791648221928,0.5,0.0014492124083878186,0.00043882708206599563
G3C3,S_partial,1.4755791648221928,0.5,0.002519450166721766,0.0006425997712745657
G3C3,S_partial,1.4755791648221928,0.5,0.000213658103548972,6.005288890437166e-05
G3C3,S_partial,1.4755791648221928,0.5,-0.00393806508353648,-0.0009166982715002048
G3C3,S_partial,1.4755791648221928,0.5,-0.0010289996595274412,-0.00021800104775709928
G3C3,S_partial,1.4755791648221928,0.5,0.01571462530822928,0.0038794691140162096
G3C3,S_partial,1.4755791648221928,0.5,0.015545505634823714,0.0038191153471763273
G3C3,S_partial,1.4755791648221928,0.5,0.012249982120107944,0.0030083320521119006
G3C3,S_partial,1.4755791648221928,0.5,0.0037711425700029375,0.0009241963509241946
G3C3,S_partial,1.4755791648221928,0.5,0.018846080477903236,0.004461784821109399
G3C3,S_partial,1.4755791648221928,0.5,0.008717593582731817,0.00209275794090788
G3C3,S_partial,1.4755791648221928,0.5,0.0292432363154412,0.006748288121511292
G3C3,S_partial,1.4755791648221928,0.5,-0.005057858090798909,-0.0010879055224332634
G3C3,S_partial,1.4755791648221928,0.5,-0.008066506210621473,-0.0015732237770383906
G3C3,S_partial,1.4755791648221928,0.5,-0.010485509095713424,-0.0015330216218944204
G3C3,S_partial,1.4755791648221928,0.5,0.01512430897310783,0.0033732334411638865
G3C3,S_partial,1.4755791648221928,0.5,-0.23100485155406,-0.03994018686680312
G3C3,S_partial,1.4755791648221928,0.5,0.024342552936424042,0.0046208640666706435
G3C3,S_partial,1.4755791648221928,0.5,0.01975915720920844,0.003511162201695228
G3C4,S_partial,1.4755791648221928,0.5,0.006857398721163983,0.001935140452107853
G3C4,S_partial,1.4755791648221928,0.5,0.002544335286381958,0.0007504912496830718
G3C4,S_partial,1.4755791648221928,0.5,0.005950913840261033,0.00164689407339641
G3C4,S_partial,1.4755791648221928,0.5,-0.00551891026559806,-0.0014413167616461608
G3C4,S_partial,1.4755791648221928,0.5,-8.342507753277331e-05,8.644521946898909e-05
G3C4,S_partial,1.4755791648221928,0.5,0.00312943714664514,0.0008535682991351878
G3C4,S_partial,1.4755791648221928,0.5,0.008418678662820788,0.00224725590479391
G3C4,S_partial,1.4755791648221928,0.5,0.013459051414154469,0.003442412223689184
G3C4,S_partial,1.4755791648221928,0.5,0.004212693991251305,0.0010708816945549926
G3C4,S_partial,1.4755791648221928,0.5,0.006294291922656918,0.0015118167533781646
G3C4,S_partial,1.4755791648221928,0.5,0.004945194372859899,0.0011198403146625013
G3C4,S_partial,1.4755791648221928,0.5,0.0004842626888962239,0.00016285644271479827
G3C4,S_partial,1.4755791648221928,0.5,0.003880877798901856,0.001356512697197776
G3C4,S_partial,1.4755791648221928,0.5,0.000760439292924503,0.0008332221948081919
G3C4,S_partial,1.4755791648221928,0.5,0.00667699197545385,0.002203957362894221
G3C4,S_partial,1.4755791648221928,0.5,-0.09804561762763404,-0.017555663894602086
G3C4,S_partial,1.4755791648221928,0.5,0.06696937471362,0.012294973413502303
G41C1,S_partial,1.4920919128618324,1.775,0.011097267869930184,0.00293921952777626
G41C1,S_partial,1.4920919128618324,1.775,0.005922294351716607,0.0016080082051060929
G41C1,S_partial,1.4920919128618324,1.775,0.008122337322973393,0.002237457372347429
G41C1,S_partial,1.4920919128618324,1.775,0.008400636166494363,0.002282853949597541
G41C1,S_partial,1.4920919128618324,1.775,0.008011443616190998,0.0020865973552797734
G41C1,S_partial,1.4920919128618324,1.775,0.016735276404258162,0.004340288825477739
G41C1,S_partial,1.4920919128618324,1.775,0.011290904791676708,0.0028193376378500834
G41C1,S_partial,1.4920919128618324,1.775,0.012585349251542463,0.003121042682371955
G41C1,S_partial,1.4920919128618324,1.775,0.013656913062424114,0.0033241148651939334
G41C1,S_partial,1.4920919128618324,1.775,0.014177537040817206,0.003398592405897516
G41C1,S_partial,1.4920919128618324,1.775,0.013428142892269972,0.003137931104025826
G41C1,S_partial,1.4920919128618324,1.775,0.017849144114418056,0.004026367398247549
G41C1,S_partial,1.4920919128618324,1.775,0.014745018014323534,0.0032937464350178414
G41C1,S_partial,1.4920919128618324,1.775,0.020649917798929544,0.004484964233476163
G41C1,S_partial,1.4920919128618324,1.775,0.02278804073623344,0.004804684178688484
G41C1,S_partial,1.4920919128618324,1.775,0.017781195707740092,0.003662301005063484
G41C1,S_partial,1.4920919128618324,1.775,0.012486895321963247,0.0025602260372075414
G41C1,S_partial,1.4920919128618324,1.775,0.010808616969825642,0.00217023068389699
G41C1,S_partial,1.4920919128618324,1.775,0.008075468349800045,0.0016476529093649994
G41C1,S_partial,1.4920919128618324,1.775,0.009888827336008156,0.0019652075155655313
G41C1,S_partial,1.4920919128618324,1.775,0.017950395398814146,0.003329117324003872
G41C1,S_partial,1.4920919128618324,1.775,0.02162280543125022,0.003881442561577214
G41C1,S_partial,1.4920919128618324,1.775,-0.005026375324130923,-0.0006451869131806065
G41C1,S_partial,1.4920919128618324,1.775,0.04488812389143046,0.007598528052273595
G41C1,S_partial,1.4920919128618324,1.775,0.019503815356731173,0.00329063955785594
G41C1,S_partial,1.4920919128618324,1.775,0.07270526181733701,0.011802391942130647
G41C1,S_partial,1.4920919128618324,1.775,-0.017769043505809504,-0.0023767069699419385
G41C1,S_partial,1.4920919128618324,1.775,-0.08334184167819016,-0.01160711020917568
G41C1,S_partial,1.4920919128618324,1.775,0.32957322037565406,0.056738359432739444
G41C1,S_partial,1.4920919128618324,1.775,0.15682549479782118,0.024243219988006937
G41C1,S_partial,1.4920919128618324,1.775,-0.049735346743419076,-0.0066401658728141855
G41C1,S_partial,1.4920919128618324,1.775,-0.17266019674286986,-0.02145969254397176
G41C1,S_partial,1.4920919128618324,1.775,0.09920987611519826,0.01392719783795443
G41C2,S_partial,1.4920919128618324,1.775,0.0040380240354208645,0.0010395299321188656
G41C2,S_partial,1.4920919128618324,1.775,0.004864908367020169,0.0013535539123697982
G41C2,S_partial,1.4920919128618324,1.775,0.013092443839770674,0.003420632273461316
G41C2,S_partial,1.4920919128618324,1.775,0.020908493628058463,0.005384346887900349
G41C2,S_partial,1.4920919128618324,1.775,0.021997063216131322,0.005587543994543226
G41C2,S_partial,1.4920919128618324,1.775,0.022928148935512094,0.0057438235395958215
G41C2,S_partial,1.4920919128618324,1.775,0.018579130927698015,0.004639558317032305
G41C2,S_partial,1.4920919128618324,1.775,0.017478570092450442,0.0041889750351003785
G41C2,S_partial,1.4920919128618324,1.775,0.026921438106638055,0.00627920602534407
G41C2,S_partial,1.4920919128618324,1.775,0.031859365432583206,0.007136631217429051
G41C2,S_partial,1.4920919128618324,1.775,0.031426749792953526,0.006894185970231809
G41C2,S_partial,1.4920919128618324,1.775,0.03754867162720471,0.007944148797990519
G41C2,S_partial,1.4920919128618324,1.775,0.050728055318806094,0.010403886784575489
G41C2,S_partial,1.4920919128618324,1.775,0.057279131197962505,0.011047612861677186
G41C2,S_partial,1.4920919128618324,1.775,0.05741992572493783,0.010500006147119018
G41C2,S_partial,1.4920919128618324,1.775,0.06072171308713288,0.01079177480892382
G41C2,S_partial,1.4920919128618324,1.775,0.004885260469365106,0.0010982220448484126
G41C2,S_partial,1.4920919128618324,1.775,-0.07451378713371991,-0.010171748496334648
G41C2,S_partial,1.4920919128618324,1.775,-0.03604292289331732,-0.004583244513528789
G41C2,S_partial,1.4920919128618324,1.775,-0.015153502913141178,-0.0018210254036090945
G41C3,S_partial,1.4920919128618324,1.775,0.004872553475370447,0.0012771176028820164
G41C3,S_partial,1.4920919128618324,1.775,0.005440878336755275,0.0015317225415704683
G41C3,S_partial,1.4920919128618324,1.775,0.008444928127899334,0.002288377826372312
G41C3,S_partial,1.4920919128618324,1.775,0.013110141205444945,0.0034426548890694186
G41C3,S_partial,1.4920919128618324,1.775,0.011335923055172496,0.0029963286602741057
G41C3,S_partial,1.4920919128618324,1.775,0.010820193440655502,0.0027953830438459115
G41C3,S_partial,1.4920919128618324,1.775,0.011362214216569992,0.002969322173098393
G41C3,S_partial,1.4920919128618324,1.775,0.003355974849284768,0.000993637489954402
G41C3,S_partial,1.4920919128618324,1.775,0.01271023003756857,0.0031676495064639765
G41C3,S_partial,1.4920919128618324,1.775,0.02280691368913045,0.005423247508844903
G41C3,S_partial,1.4920919128618324,1.775,0.020206249301515822,0.004724966142300391
G41C3,S_partial,1.4920919128618324,1.775,0.031513086864268576,0.007003019817072159
G41C3,S_partial,1.4920919128618324,1.775,0.04225424094287587,0.00915155849159957
G41C3,S_partial,1.4920919128618324,1.775,0.044468925725153235,0.009283531897165409
G41C3,S_partial,1.4920919128618324,1.775,0.038070862199958685,0.007687014736977166
G41C3,S_partial,1.4920919128618324,1.775,0.025675442897555873,0.005035874586503564
G41C3,S_partial,1.4920919128618324,1.775,0.037657015708425876,0.007106280768235329
G41C3,S_partial,1.4920919128618324,1.775,0.02331649888483264,0.004275053882946189
G41C3,S_partial,1.4920919128618324,1.775,0.0315049724979694,0.005561938120750842
G41C3,S_partial,1.4920919128618324,1.775,0.04937502790612587,0.008397527613163674
G41C3,S_partial,1.4920919128618324,1.775,0.05773100683100882,0.009450336384856678
G41C3,S_partial,1.4920919128618324,1.775,0.0763303138507189,0.012062670560509997
G41C3,S_partial,1.4920919128618324,1.775,0.02836455524969284,0.0043569709322408
G41C3,S_partial,1.4920919128618324,1.775,0.11887494048181821,0.01748758675550302
G41C3,S_partial,1.4920919128618324,1.775,0.04653661970766233,0.006402032307701255
G41C3,S_partial,1.4920919128618324,1.775,0.07925411243533759,0.010531758305684646
G41C3,S_partial,1.4920919128618324,1.775,0.0803316460313614,0.010334204215968451
G41C4,S_partial,1.4920919128618324,1.775,0.006313280577879316,0.0016582792323120432
G41C4,S_partial,1.4920919128618324,1.775,0.01200475102506505,0.003213095508675101
G41C4,S_partial,1.4920919128618324,1.775,0.010287604634445871,0.0027372966815733535
G41C4,S_partial,1.4920919128618324,1.775,0.01608362032636101,0.004163083809984147
G41C4,S_partial,1.4920919128618324,1.775,0.008908924841913477,0.0023604187954032185
G41C4,S_partial,1.4920919128618324,1.775,0.0139057117334401,0.003709451442106687
G41C4,S_partial,1.4920919128618324,1.775,0.016347391912525315,0.0042234361683239074
G41C4,S_partial,1.4920919128618324,1.775,0.013431998790357471,0.0034004824811864065
G41C4,S_partial,1.4920919128618324,1.775,0.02563456163429205,0.006157236535673238
G41C4,S_partial,1.4920919128618324,1.775,0.03585296011992196,0.008269544240133847
G41C4,S_partial,1.4920919128618324,1.775,0.05297437671953529,0.01169536186938594
G41C4,S_partial,1.4920919128618324,1.775,0.05511364028946188,0.011845208412061853
G41C4,S_partial,1.4920919128618324,1.775,0.06298991338843439,0.013139918893334906
G41C4,S_partial,1.4920919128618324,1.775,0.0638621982999248,0.012917058344025512
G41C4,S_partial,1.4920919128618324,1.775,0.0567482987957177,0.011126558492979666
G41C4,S_partial,1.4920919128618324,1.775,0.05195051298728454,0.009867271424788271
G41C4,S_partial,1.4920919128618324,1.775,0.05691710551057042,0.01049714455692749
G41C4,S_partial,1.4920919128618324,1.775,0.04987643500587641,0.00885493822943792
G41C4,S_partial,1.4920919128618324,1.775,0.038127894392638854,0.006531334175137904
G41C4,S_partial,1.4920919128618324,1.775,0.03301200897685996,0.005499808924087607
G41C4,S_partial,1.4920919128618324,1.775,0.05616790262023099,0.009009788579214362
G41C4,S_partial,1.4920919128618324,1.775,0.05205258264124476,0.008026399803511913
G41C4,S_partial,1.4920919128618324,1.775,-0.01633964886912977,-0.001992376008970148
G41C4,S_partial,1.4920919128618324,1.775,0.0987147533547614,0.014276729024007395
G41C4,S_partial,1.4920919128618324,1.775,0.007734960071915305,0.001130202691607879
G41C4,S_partial,1.4920919128618324,1.775,0.04657378003927962,0.006097176510984403
G41C4,S_partial,1.4920919128618324,1.775,0.0603733304607148,0.007733554164880127
G45C1,S_partial,1.24595066035385,1.725,0.01955524657802358,0.005489369592208804
G45C1,S_partial,1.24595066035385,1.725,0.014291896786096006,0.0039698961004477895
G45C1,S_partial,1.24595066035385,1.725,0.011037011454480845,0.0030639551435852064
G45C1,S_partial,1.24595066035385,1.725,0.007839534197554395,0.0021500254122928664
G45C1,S_partial,1.24595066035385,1.725,0.00837073660511008,0.0022647283686436093
G45C1,S_partial,1.24595066035385,1.725,0.01815997833262233,0.004688630204967015
G45C1,S_partial,1.24595066035385,1.725,0.02232591622271081,0.005783207392577011
G45C1,S_partial,1.24595066035385,1.725,-0.04620188507378369,-0.008613269728252104
G45C1,S_partial,1.24595066035385,1.725,0.18132108744018122,0.038301936265784986
G45C1,S_partial,1.24595066035385,1.725,0.19837161661804564,0.038020515503091296
G45C1,S_partial,1.24595066035385,1.725,0.009965556551905674,0.0019252217503177016
G45C1,S_partial,1.24595066035385,1.725,0.04325290126167052,0.006667898038844988
G45C1,S_partial,1.24595066035385,1.725,0.11898227854542147,0.01693613814263159
G45C2,S_partial,1.24595066035385,1.725,0.013168477099772957,0.0036860735765345543
G45C2,S_partial,1.24595066035385,1.725,0.009766697263613849,0.0026902361420073073
G45C2,S_partial,1.24595066035385,1.725,0.005865072785760514,0.001638724849078732
G45C2,S_partial,1.24595066035385,1.725,0.005568156328586907,0.0015645054974223749
G45C2,S_partial,1.24595066035385,1.725,0.006555368540859272,0.0018586557162202921
G45C2,S_partial,1.24595066035385,1.725,0.02401580537010488,0.006596090628262996
G45C2,S_partial,1.24595066035385,1.725,0.09722075644681134,0.024670797958482205
G45C2,S_partial,1.24595066035385,1.725,0.12207462548314879,0.023452619246017298
G45C2,S_partial,1.24595066035385,1.725,0.2662477946491453,0.04810663815851779
G45C2,S_partial,1.24595066035385,1.725,0.30937331146758856,0.055188334786144794
G45C2,S_partial,1.24595066035385,1.725,0.23919557246421444,0.041147002845094316
G45C2,S_partial,1.24595066035385,1.725,0.26046216589603194,0.044465014154907306
G45C2,S_partial,1.24595066035385,1.725,0.3103951686987781,0.05244989643973219
G45C2,S_partial,1.24595066035385,1.725,0.29743146550949645,0.04783090822006869
G45C3,S_partial,1.24595066035385,1.725,0.00684932822335086,0.0020079262071582282
G45C3,S_partial,1.24595066035385,1.725,0.002112458964361106,0.0007349249331559671
G45C3,S_partial,1.24595066035385,1.725,0.0017800414489277635,0.0006398187287393053
G45C3,S_partial,1.24595066035385,1.725,0.00363183807810954,0.0011423381222609996
G45C3,S_partial,1.24595066035385,1.725,0.006749924593287607,0.002009414476444704
G45C3,S_partial,1.24595066035385,1.725,0.030592739855216027,0.008590944149269364
G45C3,S_partial,1.24595066035385,1.725,0.11542799374373688,0.03053866567199029
G45C3,S_partial,1.24595066035385,1.725,-0.004365180367750472,0.0005233313701390185
G45C3,S_partial,1.24595066035385,1.725,0.0679844739278743,0.013820162800113805
G45C3,S_partial,1.24595066035385,1.725,0.05864638703070533,0.011262092751172292
G45C3,S_partial,1.24595066035385,1.725,0.07486305075835102,0.013563647087828201
G45C3,S_partial,1.24595066035385,1.725,0.1921594646781908,0.033273257125957106
G45C3,S_partial,1.24595066035385,1.725,0.1853581684981444,0.02922643720375681
G45C3,S_partial,1.24595066035385,1.725,0.13561828653487323,0.019104531664629387
G45C4,S_partial,1.24595066035385,1.725,0.01550149697617032,0.004403618779438234
G45C4,S_partial,1.24595066035385,1.725,0.008710371846165512,0.0024583165460694834
G45C4,S_partial,1.24595066035385,1.725,0.005661066511881231,0.0016271423818240427
G45C4,S_partial,1.24595066035385,1.725,0.005410899428161763,0.0015554048405923004
G45C4,S_partial,1.24595066035385,1.725,0.005742113415105848,0.001618249252920756
G45C4,S_partial,1.24595066035385,1.725,0.010922534835044968,0.0029187285918428896
G45C4,S_partial,1.24595066035385,1.725,0.013969463041755817,0.003688814872805396
G45C4,S_partial,1.24595066035385,1.725,0.009101595124257816,0.0027536725273868135
G45C4,S_partial,1.24595066035385,1.725,-0.07072524311109826,-0.012882945570228316
G45C4,S_partial,1.24595066035385,1.725,0.11204796907644371,0.024228552342204307
G45C4,S_partial,1.24595066035385,1.725,0.3717912263331412,0.0786089793209108
G45C4,S_partial,1.24595066035385,1.725,0.355923173222933,0.0649193515234264
G45C4,S_partial,1.24595066035385,1.725,0.25513650953547495,0.037793298475446824
G46C1,S_partial,1.326963906581741,2.025,0.019224176218606275,0.005481516273238285
G46C1,S_partial,1.326963906581741,2.025,0.012561313882460992,0.003558767058788548
G46C1,S_partial,1.326963906581741,2.025,0.011342943902367014,0.00321075769751078
G46C1,S_partial,1.326963906581741,2.025,0.009700036585062018,0.002681596428066424
G46C1,S_partial,1.326963906581741,2.025,0.010864606316827336,0.0029630946406488112
G46C1,S_partial,1.326963906581741,2.025,0.01706354810197828,0.004603174698173673
G46C1,S_partial,1.326963906581741,2.025,0.02847022064926305,0.0075518501435856145
G46C1,S_partial,1.326963906581741,2.025,0.05438435707840684,0.014069299778831784
G46C1,S_partial,1.326963906581741,2.025,-0.015303969826251361,-0.001455658940293092
G46C1,S_partial,1.326963906581741,2.025,-0.01444455854624346,-0.0016188192013942004
G46C1,S_partial,1.326963906581741,2.025,0.047857247558986564,0.009001216816333285
G46C1,S_partial,1.326963906581741,2.025,0.15938229566080994,0.026461583793734894
G46C1,S_partial,1.326963906581741,2.025,0.22937693078795388,0.035176955890849015
G46C1,S_partial,1.326963906581741,2.025,0.16998771134672946,0.023134541881119283
G46C2,S_partial,1.326963906581741,2.025,0.018072736218151267,0.005059354559175777
G46C2,S_partial,1.326963906581741,2.025,0.011499077703562604,0.0032392694369172137
G46C2,S_partial,1.326963906581741,2.025,0.006337981630300856,0.0018771915510817916
G46C2,S_partial,1.326963906581741,2.025,0.007884908736820446,0.002241711815731684
G46C2,S_partial,1.326963906581741,2.025,0.00943031086067922,0.0025899389338187584
G46C2,S_partial,1.326963906581741,2.025,0.011719732914678212,0.0030746285341923807
G46C2,S_partial,1.326963906581741,2.025,0.008762929878130632,0.0024815086723083135
G46C2,S_partial,1.326963906581741,2.025,0.023027350869260135,0.0062819310940942785
G46C2,S_partial,1.326963906581741,2.025,0.04048998524720418,0.010632494160646294
G46C2,S_partial,1.326963906581741,2.025,0.15673228882179818,0.034409953612053484
G46C2,S_partial,1.326963906581741,2.025,0.22639645917860104,0.04583716974895222
G46C2,S_partial,1.326963906581741,2.025,0.1842537303227843,0.03433813323662249
G46C2,S_partial,1.326963906581741,2.025,0.23634670808217115,0.041494743866596184
G46C2,S_partial,1.326963906581741,2.025,0.24869475693664692,0.040601892369415
G46C3,S_partial,1.326963906581741,2.025,0.015620784665923825,0.0044015521390672885
G46C3,S_partial,1.326963906581741,2.025,0.013762077815593129,0.003965863561816219
G46C3,S_partial,1.326963906581741,2.025,0.015002079181955084,0.004149162560077746
G46C3,S_partial,1.326963906581741,2.025,0.01297190823368537,0.00357151679202633
G46C3,S_partial,1.326963906581741,2.025,0.01747870748598727,0.004944926865771304
G46C3,S_partial,1.326963906581741,2.025,0.06092657713157586,0.016631428818008887
G46C3,S_partial,1.326963906581741,2.025,0.062023691265211636,0.013531131530508
G46C3,S_partial,1.326963906581741,2.025,0.3184208941036685,0.06715615827253849
G46C3,S_partial,1.326963906581741,2.025,-0.015703121075603704,-0.002239647899398789
G46C3,S_partial,1.326963906581741,2.025,0.061508803328629985,0.009925190772159198
G46C3,S_partial,1.326963906581741,2.025,0.17901275187284954,0.02636063096617311
G46C4,S_partial,1.326963906581741,2.025,0.015587286860843215,0.0045743274029905745
G46C4,S_partial,1.326963906581741,2.025,0.011586763550678404,0.0032536012919672785
G46C4,S_partial,1.326963906581741,2.025,0.01016938493239995,0.0029746579533975748
G46C4,S_partial,1.326963906581741,2.025,0.010518120533498657,0.00297994579787747
G46C4,S_partial,1.326963906581741,2.025,0.018568199547682466,0.005115877300316873
G46C4,S_partial,1.326963906581741,2.025,0.034343611048821894,0.009144144661626497
G46C4,S_partial,1.326963906581741,2.025,0.036951259130108854,0.00963811749704549
G46C4,S_partial,1.326963906581741,2.025,-0.019134325970232558,-0.0029256428793701106
G46C4,S_partial,1.326963906581741,2.025,0.06792473976508676,0.015713447298247585
G46C4,S_partial,1.326963906581741,2.025,0.43582867758029004,0.10090917045649062
G46C4,S_partial,1.326963906581741,2.025,0.28360317974631744,0.055072992769585494
G46C4,S_partial,1.326963906581741,2.025,0.26031656873501513,0.0457312662405876
G46C4,S_partial,1.326963906581741,2.025,0.22018590189531212,0.035582167503277196
G46C4,S_partial,1.326963906581741,2.025,0.17788497435810738,0.026481011393009984
G48C1,S_partial,1.7073587160662456,2.225,0.018088574651992782,0.0048899617936307704
G48C1,S_partial,1.7073587160662456,2.225,0.0034931174363375976,0.0009185282877324785
G48C1,S_partial,1.7073587160662456,2.225,0.00765437649660146,0.0020719991857612308
G48C1,S_partial,1.7073587160662456,2.225,0.019051803882838492,0.005083203043422191
G48C1,S_partial,1.7073587160662456,2.225,0.04555496757624016,0.011837887127657681
G48C1,S_partial,1.7073587160662456,2.225,0.05861482633035884,0.014874462214156892
G48C1,S_partial,1.7073587160662456,2.225,0.06214515619810815,0.015250944344495504
G48C1,S_partial,1.7073587160662456,2.225,0.07331392846880674,0.01718449900380109
G48C1,S_partial,1.7073587160662456,2.225,0.07548607915767461,0.016815740796332995
G48C1,S_partial,1.7073587160662456,2.225,-0.10367309403288637,-0.018326783399541607
G48C1,S_partial,1.7073587160662456,2.225,-0.07794120838628564,-0.0126807395041236
G48C2,S_partial,1.7073587160662456,2.225,0.012804774689929223,0.0036557937697065945
G48C2,S_partial,1.7073587160662456,2.225,0.00852591812636116,0.0023516680588361316
G48C2,S_partial,1.7073587160662456,2.225,0.017034183817804614,0.004682645676693409
G48C2,S_partial,1.7073587160662456,2.225,0.03517509799798486,0.009581331694820616
G48C2,S_partial,1.7073587160662456,2.225,0.06155068284382908,0.01647259390741851
G48C2,S_partial,1.7073587160662456,2.225,0.08918672890779208,0.02328916795452693
G48C2,S_partial,1.7073587160662456,2.225,0.15111676341215793,0.03767230065899399
G48C2,S_partial,1.7073587160662456,2.225,0.19986791736230644,0.04742385629682569
G48C2,S_partial,1.7073587160662456,2.225,0.17329900194932843,0.0375284058849292
G48C2,S_partial,1.7073587160662456,2.225,0.10213658744132847,0.02005071600203151
G48C2,S_partial,1.7073587160662456,2.225,0.007056579031962704,0.001248421330808297
G48C2,S_partial,1.7073587160662456,2.225,0.02366472452494494,0.0035441505877102097
G48C3,S_partial,1.7073587160662456,2.225,0.021005537456774324,0.0058430081609051054
G48C3,S_partial,1.7073587160662456,2.225,0.009759436208196078,0.0026739568173345662
G48C3,S_partial,1.7073587160662456,2.225,0.0093947581309801,0.0025444150707032986
G48C3,S_partial,1.7073587160662456,2.225,0.014947526466544118,0.00395783189042942
G48C3,S_partial,1.7073587160662456,2.225,0.020898673337609697,0.0054042493147599124
G48C3,S_partial,1.7073587160662456,2.225,0.04412584019849901,0.011436395171033481
G48C3,S_partial,1.7073587160662456,2.225,0.05652775624938357,0.014113550724104779
G48C3,S_partial,1.7073587160662456,2.225,0.058478890358514286,0.014408370135736204
G48C3,S_partial,1.7073587160662456,2.225,0.06892349808466317,0.016576840929623
G48C3,S_partial,1.7073587160662456,2.225,0.10301745705267382,0.023996282273225783
G48C3,S_partial,1.7073587160662456,2.225,0.12969777390980947,0.028755472083390382
G48C3,S_partial,1.7073587160662456,2.225,0.04606178114351729,0.00987664790165671
G48C3,S_partial,1.7073587160662456,2.225,-0.11868459172912846,-0.0192229606886887
G48C3,S_partial,1.7073587160662456,2.225,0.10071889438958126,0.016001072777101805
G48C4,S_partial,1.7073587160662456,2.225,0.025268959522983577,0.006803519254928614
G48C4,S_partial,1.7073587160662456,2.225,0.012424792137311126,0.0032235545060940174
G48C4,S_partial,1.7073587160662456,2.225,0.009520347091659503,0.0024224787639315903
G48C4,S_partial,1.7073587160662456,2.225,0.0046359182130475424,0.0012278419625534887
G48C4,S_partial,1.7073587160662456,2.225,0.022280160507718916,0.00561783368577512
G48C4,S_partial,1.7073587160662456,2.225,0.07471039226777734,0.018501144763742206
G48C4,S_partial,1.7073587160662456,2.225,0.14397403259863462,0.0343778550558311
G48C4,S_partial,1.7073587160662456,2.225,0.17057370812301142,0.03880561723280099
G48C4,S_partial,1.7073587160662456,2.225,-0.17213433496530658,-0.02900616930575861
G48C4,S_partial,1.7073587160662456,2.225,-0.01734297993352889,-0.002550834104018601
G48C4,S_partial,1.7073587160662456,2.225,0.2829266585540394,0.04189111532259618
G51C1,S_partial,1.8642803877703207,1.875,-0.03566127900939932,-0.009369177729087907
G51C1,S_partial,1.8642803877703207,1.875,-0.04419879661326586,-0.011187449114139825
G51C1,S_partial,1.8642803877703207,1.875,-0.023395399300912716,-0.005786578541021714
G51C1,S_partial,1.8642803877703207,1.875,-0.0030964362757638507,-0.0006677860781723055
G51C1,S_partial,1.8642803877703207,1.875,0.015155611157249706,0.004044175607037431
G51C1,S_partial,1.8642803877703207,1.875,0.06580986510696556,0.016830321812708382
G51C1,S_partial,1.8642803877703207,1.875,0.0848686881300806,0.02113167971911828
G51C1,S_partial,1.8642803877703207,1.875,0.040217300006470134,0.009515593268746902
G51C1,S_partial,1.8642803877703207,1.875,0.07812552150716547,0.018514582740462304
G51C1,S_partial,1.8642803877703207,1.875,0.10996190948060769,0.02500502587475248
G51C1,S_partial,1.8642803877703207,1.875,0.12603227079151358,0.027117735232843693
G51C1,S_partial,1.8642803877703207,1.875,0.05048689749889427,0.010367641958253099
G51C1,S_partial,1.8642803877703207,1.875,-0.07505364581745376,-0.012162653701880799
G51C1,S_partial,1.8642803877703207,1.875,-0.015489835810998663,-0.002237754804764791
G51C2,S_partial,1.8642803877703207,1.875,0.03244911034451879,0.009108953771437
G51C2,S_partial,1.8642803877703207,1.875,0.025413715675350584,0.007015089657144702
G51C2,S_partial,1.8642803877703207,1.875,0.024895393927846714,0.006712259595012482
G51C2,S_partial,1.8642803877703207,1.875,0.02474193115943955,0.006578501286189309
G51C2,S_partial,1.8642803877703207,1.875,0.02608546041264723,0.006841196615154588
G51C2,S_partial,1.8642803877703207,1.875,0.03934157474437187,0.010196028479456998
G51C2,S_partial,1.8642803877703207,1.875,0.03979263813314712,0.01015911841986128
G51C2,S_partial,1.8642803877703207,1.875,0.04994245708016817,0.012713498283570185
G51C2,S_partial,1.8642803877703207,1.875,0.07773547929608571,0.019763923289191382
G51C2,S_partial,1.8642803877703207,1.875,0.12732547452918153,0.03213142184825857
G51C2,S_partial,1.8642803877703207,1.875,0.19068729520346797,0.04687134355678729
G51C2,S_partial,1.8642803877703207,1.875,0.22606902174726065,0.052598897147178914
G51C2,S_partial,1.8642803877703207,1.875,-0.10902860514642745,-0.01940139035199659
G51C2,S_partial,1.8642803877703207,1.875,-0.06707548607763324,-0.010788265593769303
G51C2,S_partial,1.8642803877703207,1.875,0.25215712644886695,0.04452704114141398
G51C3,S_partial,1.8642803877703207,1.875,0.020964568399930706,0.005846468421319084
G51C3,S_partial,1.8642803877703207,1.875,0.01032420808534138,0.0028226357666691904
G51C3,S_partial,1.8642803877703207,1.875,0.012335538457355374,0.003427066246164956
G51C3,S_partial,1.8642803877703207,1.875,0.01390843619346393,0.0038399364826190996
G51C3,S_partial,1.8642803877703207,1.875,0.02962922267334378,0.007885242058595365
G51C3,S_partial,1.8642803877703207,1.875,0.056683325352059805,0.014903448525624585
G51C3,S_partial,1.8642803877703207,1.875,0.06737429167430696,0.017429810630452097
G51C3,S_partial,1.8642803877703207,1.875,0.09365153221725202,0.023749018076765493
G51C3,S_partial,1.8642803877703207,1.875,0.12536184004945194,0.030284135563692194
G51C3,S_partial,1.8642803877703207,1.875,0.008007908793359178,0.002463644446912494
G51C3,S_partial,1.8642803877703207,1.875,-0.17579084989891616,-0.02920793161014651
G51C3,S_partial,1.8642803877703207,1.875,0.09361645510904977,0.015141427791401207
G51C3,S_partial,1.8642803877703207,1.875,0.23764874447447365,0.03559316828414369
G51C4,S_partial,1.8642803877703207,1.875,0.017118212226754415,0.004790803325100179
G51C4,S_partial,1.8642803877703207,1.875,0.009038669340893958,0.0025264701981645987
G51C4,S_partial,1.8642803877703207,1.875,0.009011639837432023,0.0025520041159712847
G51C4,S_partial,1.8642803877703207,1.875,0.014869347346997155,0.0040328581615121095
G51C4,S_partial,1.8642803877703207,1.875,0.01344245179000385,0.0036270774663799132
G51C4,S_partial,1.8642803877703207,1.875,0.03476974450415875,0.009143109346545164
G51C4,S_partial,1.8642803877703207,1.875,0.04695030229716652,0.01213759970511899
G51C4,S_partial,1.8642803877703207,1.875,0.06658297600272821,0.017132612636619082
G51C4,S_partial,1.8642803877703207,1.875,0.11754293961681427,0.030065289414147905
G51C4,S_partial,1.8642803877703207,1.875,0.1707081092058425,0.042394441694980994
G51C4,S_partial,1.8642803877703207,1.875,0.184741315942197,0.04224486500316621
G51C4,S_partial,1.8642803877703207,1.875,0.23159216732213386,0.05001814270534341
G51C4,S_partial,1.8642803877703207,1.875,0.300039537195318,0.0615637283512708
G51C4,S_partial,1.8642803877703207,1.875,0.28831002624298085,0.05412140328103482
G51C4,S_partial,1.8642803877703207,1.875,0.11704426806004782,0.018608889227602204
G52C1,S_partial,1.196888090963495,0.875,0.005534647228738245,0.0014166910940258126
G52C1,S_partial,1.196888090963495,0.875,-0.00014697697292280357,-1.853854136762978e-05
G52C1,S_partial,1.196888090963495,0.875,0.0010861979669231912,0.0004042316075273944
G52C1,S_partial,1.196888090963495,0.875,-8.786811763062352e-05,0.00021176503679054548
G52C1,S_partial,1.196888090963495,0.875,0.008926746903878496,0.0024110896243966784
G52C1,S_partial,1.196888090963495,0.875,0.0007761067421442063,0.0002763846171930373
G52C1,S_partial,1.196888090963495,0.875,0.0021664765449665134,0.0006680638979263409
G52C1,S_partial,1.196888090963495,0.875,0.004109964870464223,0.0011739201000973698
G52C1,S_partial,1.196888090963495,0.875,0.008654011296929677,0.0022805166704915336
G52C1,S_partial,1.196888090963495,0.875,0.007252138999642179,0.002005603639648912
G52C1,S_partial,1.196888090963495,0.875,0.011706114833667108,0.003001238409525292
G52C1,S_partial,1.196888090963495,0.875,0.01937764313591651,0.004625388822138449
G52C1,S_partial,1.196888090963495,0.875,0.02715552319542594,0.006336597645222097
G52C1,S_partial,1.196888090963495,0.875,0.030313878878762135,0.006712151143376421
G52C1,S_partial,1.196888090963495,0.875,0.039466337297725675,0.00846137016612919
G52C1,S_partial,1.196888090963495,0.875,0.03968862310747501,0.008244803202687556
G52C1,S_partial,1.196888090963495,0.875,0.04899673062855087,0.00983081597981919
G52C1,S_partial,1.196888090963495,0.875,0.04988385858821671,0.009766879478530527
G52C1,S_partial,1.196888090963495,0.875,0.051628654341029645,0.00988477873895613
G52C1,S_partial,1.196888090963495,0.875,0.06819770629037533,0.012786170928074159
G52C1,S_partial,1.196888090963495,0.875,0.08721546889397974,0.015772379836086092
G52C1,S_partial,1.196888090963495,0.875,0.07949606128540287,0.013635448279548795
G52C1,S_partial,1.196888090963495,0.875,0.09872725008875424,0.015820869891605832
G52C1,S_partial,1.196888090963495,0.875,0.09576111745238888,0.01437149431629306
G52C2,S_partial,1.196888090963495,0.875,-0.0003481748463726277,-1.7470225903315484e-05
G52C2,S_partial,1.196888090963495,0.875,0.008564632166975502,0.0023715751933604534
G52C2,S_partial,1.196888090963495,0.875,0.00034367860565718265,0.00011478979800738642
G52C2,S_partial,1.196888090963495,0.875,-0.00354540635334915,-0.0008256048562432783
G52C2,S_partial,1.196888090963495,0.875,0.004754184055022109,0.001446531117045513
G52C2,S_partial,1.196888090963495,0.875,0.00895563597320775,0.002482754381239516
G52C2,S_partial,1.196888090963495,0.875,0.00844292815158912,0.0021771382096913983
G52C2,S_partial,1.196888090963495,0.875,0.01034185533266724,0.0026074297095220744
G52C2,S_partial,1.196888090963495,0.875,0.013367621033732457,0.00328763608763058
G52C2,S_partial,1.196888090963495,0.875,0.011568066448654185,0.0029397787829605337
G52C2,S_partial,1.196888090963495,0.875,0.023256619461713115,0.005405288597160246
G52C2,S_partial,1.196888090963495,0.875,0.03590173780286506,0.007865274574145764
G52C2,S_partial,1.196888090963495,0.875,0.04970176421055302,0.01057753806790998
G52C2,S_partial,1.196888090963495,0.875,0.05822324788978145,0.011724667173153347
G52C2,S_partial,1.196888090963495,0.875,0.07561779529003004,0.014147042163234619
G52C2,S_partial,1.196888090963495,0.875,0.09829413596671828,0.016799329020432546
G52C2,S_partial,1.196888090963495,0.875,0.09144522420522792,0.013512103060168784
G52C2,S_partial,1.196888090963495,0.875,0.057258799302666405,0.007887579044535853
G52C2,S_partial,1.196888090963495,0.875,0.002015572133951196,0.000772991604284276
G52C3,S_partial,1.196888090963495,0.875,0.004102967906768674,0.0011325833073097535
G52C3,S_partial,1.196888090963495,0.875,0.005933885652687962,0.0016652611158168296
G52C3,S_partial,1.196888090963495,0.875,0.004697485006730382,0.0013516548629574632
G52C3,S_partial,1.196888090963495,0.875,0.0021824444528773575,0.0006889073627673881
G52C3,S_partial,1.196888090963495,0.875,0.005724334358882182,0.001564666207960863
G52C3,S_partial,1.196888090963495,0.875,-5.5455943957047365e-05,7.785184059189154e-05
G52C3,S_partial,1.196888090963495,0.875,-0.003127307179859905,-0.0007623956213899663
G52C3,S_partial,1.196888090963495,0.875,-0.0023803675989372444,-0.0005158854867318707
G52C3,S_partial,1.196888090963495,0.875,0.0011275199179581821,0.00033493935430572996
G52C3,S_partial,1.196888090963495,0.875,0.011023949961560272,0.002969496058033566
G52C3,S_partial,1.196888090963495,0.875,0.02619843700575447,0.006600962474563654
G52C3,S_partial,1.196888090963495,0.875,0.038660955694197086,0.009167412068944059
G52C3,S_partial,1.196888090963495,0.875,0.05810463859120328,0.012902640946468147
G52C3,S_partial,1.196888090963495,0.875,0.06177999661233074,0.01291634757988469
G52C3,S_partial,1.196888090963495,0.875,0.08874743681737812,0.01746417052300714
G52C3,S_partial,1.196888090963495,0.875,0.08808653307582118,0.016075024291394513
G52C3,S_partial,1.196888090963495,0.875,0.15774415461968827,0.025964188728211157
G52C3,S_partial,1.196888090963495,0.875,0.13902652226351106,0.02084334339724986
G52C3,S_partial,1.196888090963495,0.875,0.05061366219145949,0.007390134557709149
G52C4,S_partial,1.196888090963495,0.875,0.010379469631536098,0.0028231439730190266
G52C4,S_partial,1.196888090963495,0.875,0.007068841340107096,0.0019547458924144556
G52C4,S_partial,1.196888090963495,0.875,0.008940468909228144,0.0024279479444708207
G52C4,S_partial,1.196888090963495,0.875,0.006090653456278597,0.0016843837656294602
G52C4,S_partial,1.196888090963495,0.875,0.006089020151272808,0.0016633451852067216
G52C4,S_partial,1.196888090963495,0.875,-0.005807590194194892,-0.0014242568955725177
G52C4,S_partial,1.196888090963495,0.875,0.0012034272722359857,0.0003994264824775384
G52C4,S_partial,1.196888090963495,0.875,0.004213913345802548,0.001227185713523482
G52C4,S_partial,1.196888090963495,0.875,0.00864377195116572,0.0023272358482519795
G52C4,S_partial,1.196888090963495,0.875,0.012378470461786242,0.003165412312892829
G52C4,S_partial,1.196888090963495,0.875,0.019997186573242943,0.004901762176369229
G52C4,S_partial,1.196888090963495,0.875,0.02229192844486401,0.005514468379927667
G52C4,S_partial,1.196888090963495,0.875,0.02719628398259939,0.006460992282486144
G52C4,S_partial,1.196888090963495,0.875,0.030806286411899433,0.007086266248179318
G52C4,S_partial,1.196888090963495,0.875,0.044181421904378036,0.009501627947917451
G52C4,S_partial,1.196888090963495,0.875,0.04152899156759583,0.008668423399261466
G52C4,S_partial,1.196888090963495,0.875,0.05898180880506106,0.011782035508629163
G52C4,S_partial,1.196888090963495,0.875,0.07052624177505884,0.013467031844608901
G52C4,S_partial,1.196888090963495,0.875,0.0874018948405786,0.015762965503269083
G52C4,S_partial,1.196888090963495,0.875,0.12585058180622097,0.02135055059286889
G52C4,S_partial,1.196888090963495,0.875,0.16118059385803976,0.024332802240358192
G53C1,S_partial,1.0924186148131962,0.825,0.005146539832193157,0.001149758696538744
G53C1,S_partial,1.0924186148131962,0.825,0.0004539139080769751,0.00010898965732089594
G53C1,S_partial,1.0924186148131962,0.825,-0.01006959309489209,-0.0022090574265997143
G53C1,S_partial,1.0924186148131962,0.825,-0.043703860087356494,-0.008441101503674941
G53C1,S_partial,1.0924186148131962,0.825,-0.047026879641673416,-0.005368535172122324
G53C2,S_partial,1.0924186148131962,0.825,-0.0017952859207530651,-0.0004323952865111502
G53C2,S_partial,1.0924186148131962,0.825,-0.0034373630514868032,-0.0008064532703924432
G53C2,S_partial,1.0924186148131962,0.825,-0.00877034774214317,-0.0019799102994180473
G53C2,S_partial,1.0924186148131962,0.825,-0.02248663534617494,-0.004669417278287985
G53C2,S_partial,1.0924186148131962,0.825,-0.0531830834379715,-0.009241702086550035
G53C2,S_partial,1.0924186148131962,0.825,-0.0269555187513543,-0.0024602657916934223
G53C3,S_partial,1.0924186148131962,0.825,0.003398253913981913,0.0008318879915823751
G53C3,S_partial,1.0924186148131962,0.825,0.001862630800602387,0.0004743320101489312
G53C3,S_partial,1.0924186148131962,0.825,-0.009983768444566148,-0.0022523389632172763
G53C3,S_partial,1.0924186148131962,0.825,-0.03230946347355977,-0.006797194308721305
G53C3,S_partial,1.0924186148131962,0.825,-0.08885690888055978,-0.01382789691414249
G53C3,S_partial,1.0924186148131962,0.825,-0.09568802222652581,-0.011530887311766602
G53C4,S_partial,1.0924186148131962,0.825,0.004466449167118722,0.001176408570038534
G53C4,S_partial,1.0924186148131962,0.825,0.008446122210813603,0.0022993818143083877
G53C4,S_partial,1.0924186148131962,0.825,0.011477426023627698,0.0029602004167185725
G53C4,S_partial,1.0924186148131962,0.825,0.003195184025792999,0.0008231329041004098
G53C4,S_partial,1.0924186148131962,0.825,0.0051504113214517035,0.001432153628862065
G53C4,S_partial,1.0924186148131962,0.825,0.00838054355984142,0.0023864178848740647
G53C4,S_partial,1.0924186148131962,0.825,0.011663235207816538,0.003088663208079684
G53C4,S_partial,1.0924186148131962,0.825,0.00988568513138274,0.0025687738501802004
G53C4,S_partial,1.0924186148131962,0.825,0.008107200980604733,0.0020781684233452113
G53C4,S_partial,1.0924186148131962,0.825,0.00727876682592818,0.0019157936709038592
G53C4,S_partial,1.0924186148131962,0.825,0.02825114333607726,0.005877907355425843
G53C4,S_partial,1.0924186148131962,0.825,0.07559993202967907,0.014231053538067362
G53C4,S_partial,1.0924186148131962,0.825,0.10911409738143722,0.019040134980787604
G53C4,S_partial,1.0924186148131962,0.825,0.11066207025994165,0.018014622077276804
G53C4,S_partial,1.0924186148131962,0.825,0.10123572094838543,0.015559468339244487
G53C4,S_partial,1.0924186148131962,0.825,0.09996336268157657,0.014318178359178174
G53C4,S_partial,1.0924186148131962,0.825,0.09827289660890252,0.013253683519955567
G55C1,S_partial,1.6276041666666667,2.475,0.022422040241774088,0.0062817389566470205
G55C1,S_partial,1.6276041666666667,2.475,0.011222400637783616,0.003112527583599367
G55C1,S_partial,1.6276041666666667,2.475,0.007168316075951501,0.0020734365681835953
G55C1,S_partial,1.6276041666666667,2.475,0.012050373592455211,0.003221058276665245
G55C1,S_partial,1.6276041666666667,2.475,0.006955798945242697,0.0018869971297216237
G55C1,S_partial,1.6276041666666667,2.475,0.010402937757893022,0.00270634413959564
G55C1,S_partial,1.6276041666666667,2.475,0.015632666341734873,0.004089344568727171
G55C1,S_partial,1.6276041666666667,2.475,0.030052188768285998,0.007813429392301063
G55C1,S_partial,1.6276041666666667,2.475,0.06739930910543133,0.017371730010490416
G55C1,S_partial,1.6276041666666667,2.475,0.09573569930048967,0.02394195149054093
G55C1,S_partial,1.6276041666666667,2.475,-0.05521374318758853,-0.010622492155706709
G55C1,S_partial,1.6276041666666667,2.475,0.08043738377373545,0.017865710941144197
G55C1,S_partial,1.6276041666666667,2.475,0.05994214835482694,0.012172511046888379
G55C1,S_partial,1.6276041666666667,2.475,0.001162221432879572,0.0004803717233124172
G55C1,S_partial,1.6276041666666667,2.475,0.02883559041402288,0.005163109021063372
G55C1,S_partial,1.6276041666666667,2.475,0.06930058583827457,0.011637921097266413
G55C1,S_partial,1.6276041666666667,2.475,0.11128505306250101,0.017749332155114428
G55C1,S_partial,1.6276041666666667,2.475,0.10910472213260557,0.01616461759199575
G55C1,S_partial,1.6276041666666667,2.475,0.11132031366022055,0.01529131190527891
G55C2,S_partial,1.6276041666666667,2.475,0.029639271983896643,0.00825478720166678
G55C2,S_partial,1.6276041666666667,2.475,0.01380195097501873,0.0037636029373468993
G55C2,S_partial,1.6276041666666667,2.475,0.008901685016368852,0.0024874736857332658
G55C2,S_partial,1.6276041666666667,2.475,0.01388594503151134,0.0037751121400963483
G55C2,S_partial,1.6276041666666667,2.475,0.014346981993548325,0.003752918829315277
G55C2,S_partial,1.6276041666666667,2.475,0.019462743919742093,0.005044177876057876
G55C2,S_partial,1.6276041666666667,2.475,0.020129704934082573,0.005133767141371981
G55C2,S_partial,1.6276041666666667,2.475,0.023213668994391805,0.0059034323317815884
G55C2,S_partial,1.6276041666666667,2.475,0.026355039012830442,0.006726623146587729
G55C2,S_partial,1.6276041666666667,2.475,0.0283487326821407,0.007148846202728404
G55C2,S_partial,1.6276041666666667,2.475,0.04113195627663343,0.009716772156655118
G55C2,S_partial,1.6276041666666667,2.475,0.059883932295593044,0.012934392336973882
G55C2,S_partial,1.6276041666666667,2.475,0.10079464124533334,0.02088355144979684
G55C2,S_partial,1.6276041666666667,2.475,0.1451167411238383,0.028664202015955792
G55C2,S_partial,1.6276041666666667,2.475,0.2109596753856464,0.04098481745405014
G55C2,S_partial,1.6276041666666667,2.475,0.2005847834829509,0.037059457899812104
G55C2,S_partial,1.6276041666666667,2.475,0.22957967478893201,0.04146535836115153
G55C2,S_partial,1.6276041666666667,2.475,0.19489502524446112,0.03318866579565946
G55C2,S_partial,1.6276041666666667,2.475,0.203013902125187,0.032845395311060066
G55C3,S_partial,1.6276041666666667,2.475,0.036340031033256635,0.009908199598012812
G55C3,S_partial,1.6276041666666667,2.475,0.017120307236903103,0.0045746337054060615
G55C3,S_partial,1.6276041666666667,2.475,0.016163516469261414,0.004236005351211547
G55C3,S_partial,1.6276041666666667,2.475,0.015000458753318322,0.0038259036456620432
G55C3,S_partial,1.6276041666666667,2.475,0.007747084371714768,0.002051270779011516
G55C3,S_partial,1.6276041666666667,2.475,0.013304057285233446,0.0033570039272157737
G55C3,S_partial,1.6276041666666667,2.475,0.014998171482615886,0.003729467867056857
G55C3,S_partial,1.6276041666666667,2.475,0.025920769438460115,0.006379810664366381
G55C3,S_partial,1.6276041666666667,2.475,0.048305767633742065,0.011611125898462776
G55C3,S_partial,1.6276041666666667,2.475,0.05783919656052621,0.013746781298072164
G55C3,S_partial,1.6276041666666667,2.475,-0.013702404914821725,-0.0016974540252447379
G55C3,S_partial,1.6276041666666667,2.475,0.10567005423802704,0.023040436135132708
G55C3,S_partial,1.6276041666666667,2.475,0.0625222090133457,0.012185453344600805
G55C3,S_partial,1.6276041666666667,2.475,0.016069533224743568,0.002982024444905973
G55C3,S_partial,1.6276041666666667,2.475,0.01516776423939581,0.002550985046415849
G55C3,S_partial,1.6276041666666667,2.475,0.10884838675488359,0.016984823695771673
G55C3,S_partial,1.6276041666666667,2.475,0.2442906011932417,0.036246633825975594
G55C4,S_partial,1.6276041666666667,2.475,0.019082184051460484,0.0053414455518410175
G55C4,S_partial,1.6276041666666667,2.475,0.011988706454570045,0.003308028376276473
G55C4,S_partial,1.6276041666666667,2.475,0.007112040755205795,0.002085072192477
G55C4,S_partial,1.6276041666666667,2.475,0.01338162733722202,0.0036729688609825617
G55C4,S_partial,1.6276041666666667,2.475,0.006933141119177459,0.0019110365990845923
G55C4,S_partial,1.6276041666666667,2.475,0.015835265549227717,0.0041347786775290385
G55C4,S_partial,1.6276041666666667,2.475,0.02090238201152004,0.005422292759623831
G55C4,S_partial,1.6276041666666667,2.475,0.046379651624229225,0.011929552125454379
G55C4,S_partial,1.6276041666666667,2.475,0.09656035770165033,0.024366263547429184
G55C4,S_partial,1.6276041666666667,2.475,0.04534947867709396,0.011114798764361944
G55C4,S_partial,1.6276041666666667,2.475,0.03824953754860911,0.009235508133986187
G55C4,S_partial,1.6276041666666667,2.475,0.2995379205857296,0.06913140208223262
G55C4,S_partial,1.6276041666666667,2.475,0.11244334618597147,0.022493040193398012
G55C4,S_partial,1.6276041666666667,2.475,0.05560856018964771,0.010527740809805064
G55C4,S_partial,1.6276041666666667,2.475,-0.014136052737219754,-0.002255770636805654
G55C4,S_partial,1.6276041666666667,2.475,0.004618306249697876,0.0008319321597111962
G55C4,S_partial,1.6276041666666667,2.475,0.07306384602587566,0.011305256461772328
G55C4,S_partial,1.6276041666666667,2.475,0.10801042820073063,0.015581245284470274
G55C4,S_partial,1.6276041666666667,2.475,0.14687555859105164,0.019759266077285426
G56C1,S_partial,1.858390633711206,0.975,0.01718007988453508,0.0046631405668204895
G56C1,S_partial,1.858390633711206,0.975,0.00812490241755972,0.0021903305278181406
G56C1,S_partial,1.858390633711206,0.975,0.014751839087324569,0.0039028425022789026
G56C1,S_partial,1.858390633711206,0.975,0.012042829552701088,0.00323383523362869
G56C1,S_partial,1.858390633711206,0.975,0.018936407350076827,0.004989486199337478
G56C1,S_partial,1.858390633711206,0.975,0.0244375140289902,0.006368504688166077
G56C1,S_partial,1.858390633711206,0.975,0.020491407882633934,0.005245675186721255
G56C1,S_partial,1.858390633711206,0.975,0.021214964698442022,0.0054042620700982535
G56C1,S_partial,1.858390633711206,0.975,0.024591579408946962,0.006181627878879187
G56C1,S_partial,1.858390633711206,0.975,0.01931075331835267,0.00481089252430536
G56C1,S_partial,1.858390633711206,0.975,0.02433783701815629,0.005922727764170216
G56C1,S_partial,1.858390633711206,0.975,0.030530098809606564,0.0073178397914633875
G56C1,S_partial,1.858390633711206,0.975,0.03272711272283167,0.007728973419547813
G56C1,S_partial,1.858390633711206,0.975,0.03185966230640529,0.007371230509239851
G56C1,S_partial,1.858390633711206,0.975,0.02681930189091624,0.006068594787487391
G56C1,S_partial,1.858390633711206,0.975,0.029586272206451075,0.006611941442628888
G56C1,S_partial,1.858390633711206,0.975,0.032959787490709214,0.007235808902899904
G56C1,S_partial,1.858390633711206,0.975,0.029844874420364948,0.0064011852898757104
G56C1,S_partial,1.858390633711206,0.975,0.04150111200914184,0.008730177490817587
G56C1,S_partial,1.858390633711206,0.975,0.04247665405555929,0.008737338960487007
G56C1,S_partial,1.858390633711206,0.975,0.051719512328016706,0.010413904551178937
G56C1,S_partial,1.858390633711206,0.975,0.04586253939524937,0.008937501297605427
G56C1,S_partial,1.858390633711206,0.975,0.05380311983587005,0.01021778328273909
G56C1,S_partial,1.858390633711206,0.975,0.07530113378975371,0.013961549180735416
G56C1,S_partial,1.858390633711206,0.975,0.05766270361809038,0.010282841170194817
G56C1,S_partial,1.858390633711206,0.975,0.07210444864831526,0.012529084533067059
G56C1,S_partial,1.858390633711206,0.975,0.08721490966483306,0.014670917551043411
G56C1,S_partial,1.858390633711206,0.975,0.09205679637083031,0.014790290569071857
G56C1,S_partial,1.858390633711206,0.975,0.06643968412953345,0.010047595369529816
G56C1,S_partial,1.858390633711206,0.975,0.025052665372869928,0.003724878276192556
G56C2,S_partial,1.858390633711206,0.975,0.006761247568929049,0.001847261927239996
G56C2,S_partial,1.858390633711206,0.975,0.009516470544644839,0.002710358002395996
G56C2,S_partial,1.858390633711206,0.975,0.011115914640780182,0.0030509194354759184
G56C2,S_partial,1.858390633711206,0.975,0.021620760648814498,0.0057382526570715076
G56C2,S_partial,1.858390633711206,0.975,0.020424301900213264,0.005387337834261319
G56C2,S_partial,1.858390633711206,0.975,0.01806961984962586,0.004759822172435757
G56C2,S_partial,1.858390633711206,0.975,0.01875599687709382,0.004871903329781768
G56C2,S_partial,1.858390633711206,0.975,0.01761812602423283,0.004522496317410751
G56C2,S_partial,1.858390633711206,0.975,0.02382349001028587,0.005932961958559024
G56C2,S_partial,1.858390633711206,0.975,0.030443946454412073,0.007463033313945294
G56C2,S_partial,1.858390633711206,0.975,0.03134655778579742,0.007531723227244019
G56C2,S_partial,1.858390633711206,0.975,0.035806788348141015,0.00845867104461212
G56C2,S_partial,1.858390633711206,0.975,0.034087022045629634,0.007912276839583704
G56C2,S_partial,1.858390633711206,0.975,0.03925302178276882,0.00893094756197077
G56C2,S_partial,1.858390633711206,0.975,0.0396103056856978,0.008842442264962003
G56C2,S_partial,1.858390633711206,0.975,0.04137299987695727,0.009071792316367067
G56C2,S_partial,1.858390633711206,0.975,0.04191812259036753,0.00895068503779528
G56C2,S_partial,1.858390633711206,0.975,0.043243075751394494,0.009011043928906892
G56C2,S_partial,1.858390633711206,0.975,0.055461769627052064,0.011321665075201298
G56C2,S_partial,1.858390633711206,0.975,0.05753607280337647,0.011393620034571367
G56C2,S_partial,1.858390633711206,0.975,0.06786797907550478,0.013063658138673051
G56C2,S_partial,1.858390633711206,0.975,0.07205615164739237,0.01342171996205957
G56C2,S_partial,1.858390633711206,0.975,0.07913554112747695,0.0141473713420745
G56C2,S_partial,1.858390633711206,0.975,0.08226529362001135,0.01404171157696249
G56C2,S_partial,1.858390633711206,0.975,0.07592466454848473,0.012337465236522738
G56C2,S_partial,1.858390633711206,0.975,0.07014130390047818,0.010847970641764543
G56C2,S_partial,1.858390633711206,0.975,0.02090134479348547,0.003129928770170043
G56C2,S_partial,1.858390633711206,0.975,0.051597060607967433,0.007287416310124917
G56C3,S_partial,1.858390633711206,0.975,0.012278170044441533,0.003397674252452132
G56C3,S_partial,1.858390633711206,0.975,0.010617066976365547,0.0028937380503542
G56C3,S_partial,1.858390633711206,0.975,0.00612816705868986,0.0016903577187116214
G56C3,S_partial,1.858390633711206,0.975,0.013441206185902175,0.003628245219924664
G56C3,S_partial,1.858390633711206,0.975,0.009533785261334452,0.002502083417280254
G56C3,S_partial,1.858390633711206,0.975,0.022586441034646583,0.005970210949165
G56C3,S_partial,1.858390633711206,0.975,0.029468993150982514,0.007656969132933289
G56C3,S_partial,1.858390633711206,0.975,0.028021965078918763,0.007109062880677475
G56C3,S_partial,1.858390633711206,0.975,0.023750520397184657,0.005977269577870065
G56C3,S_partial,1.858390633711206,0.975,0.025264435104181245,0.00621539451432615
G56C3,S_partial,1.858390633711206,0.975,0.03294641738246899,0.007804448786188772
G56C3,S_partial,1.858390633711206,0.975,0.039878107889148966,0.009217939675525672
G56C3,S_partial,1.858390633711206,0.975,0.0569624619140773,0.012638763851016588
G56C3,S_partial,1.858390633711206,0.975,0.0577903128234004,0.012327032307731911
G56C3,S_partial,1.858390633711206,0.975,0.0700841947598647,0.01438861124895302
G56C3,S_partial,1.858390633711206,0.975,0.086121818647048,0.016810601752836885
G56C3,S_partial,1.858390633711206,0.975,0.10821833455787654,0.019680711119500177
G56C3,S_partial,1.858390633711206,0.975,0.0936133503431812,0.0156348882097698
G56C3,S_partial,1.858390633711206,0.975,0.0873212666895596,0.01336850993086433
G56C3,S_partial,1.858390633711206,0.975,0.06647728329154134,0.009436817968512201
G56C3,S_partial,1.858390633711206,0.975,0.0523662869719011,0.007159985152162179
G56C4,S_partial,1.858390633711206,0.975,0.00506206326799494,0.0012036937804280057
G56C4,S_partial,1.858390633711206,0.975,0.00588048323983572,0.0015196971629009015
G56C4,S_partial,1.858390633711206,0.975,0.019762120407868674,0.0052410542806543
G56C4,S_partial,1.858390633711206,0.975,0.025718639816825817,0.006610276167415385
G56C4,S_partial,1.858390633711206,0.975,0.023579964105282826,0.006005271710531557
G56C4,S_partial,1.858390633711206,0.975,0.01763796665813766,0.004516224850661332
G56C4,S_partial,1.858390633711206,0.975,0.020228959127187474,0.005067415701457162
G56C4,S_partial,1.858390633711206,0.975,0.01798020781466195,0.004430557935521162
G56C4,S_partial,1.858390633711206,0.975,0.019429258941768477,0.0047100224470172924
G56C4,S_partial,1.858390633711206,0.975,0.022823764194660905,0.005393920557929893
G56C4,S_partial,1.858390633711206,0.975,0.026066054181196074,0.006069091830019191
G56C4,S_partial,1.858390633711206,0.975,0.028444614492636026,0.006447955759981
G56C4,S_partial,1.858390633711206,0.975,0.03305132055359903,0.007322156292963733
G56C4,S_partial,1.858390633711206,0.975,0.040174657487022085,0.008676435019977613
G56C4,S_partial,1.858390633711206,0.975,0.043289505491599094,0.009092284485228946
G56C4,S_partial,1.858390633711206,0.975,0.04592197235104048,0.009388556049091085
G56C4,S_partial,1.858390633711206,0.975,0.059015700340449506,0.011755280807148077
G56C4,S_partial,1.858390633711206,0.975,0.051916878478949866,0.010025332121920666
G56C4,S_partial,1.858390633711206,0.975,0.05908079297986727,0.011122195589732764
G56C4,S_partial,1.858390633711206,0.975,0.060243772375572456,0.01097688201458405
G56C4,S_partial,1.858390633711206,0.975,0.0716852113040151,0.01244924839044631
G56C4,S_partial,1.858390633711206,0.975,0.06432297562867434,0.010475521655018416
G56C4,S_partial,1.858390633711206,0.975,0.042413588274213904,0.006513033671142837
G56C4,S_partial,1.858390633711206,0.975,0.014032050791578583,0.0020610321806567578
G56C4,S_partial,1.858390633711206,0.975,0.02244204378065569,0.003125596640118966
G56C4,S_partial,1.858390633711206,0.975,0.0030854199685581077,0.0004886466070428142
G5C1,S_full,1.025220422390814,0.5,-0.00045851798416038673,-0.00022051240733939048
G5C1,S_full,1.025220422390814,0.5,-0.006913909290306356,-0.001882662360439269
G5C1,S_full,1.025220422390814,0.5,0.003965882604218203,0.0010771169428044347
G5C1,S_full,1.025220422390814,0.5,0.003209626057218352,0.0008448653186352573
G5C1,S_full,1.025220422390814,0.5,0.0006521094521036569,0.0001744254935592826
G5C1,S_full,1.025220422390814,0.5,-0.0002419137812030385,1.9389863062102553e-05
G5C1,S_full,1.025220422390814,0.5,0.004484611107199531,0.001160491908805128
G5C1,S_full,1.025220422390814,0.5,0.007845299885353695,0.0020037214829259353
G5C1,S_full,1.025220422390814,0.5,0.005301536684179656,0.0013291803604743302
G5C1,S_full,1.025220422390814,0.5,0.010303835598714221,0.0025064207483533885
G5C1,S_full,1.025220422390814,0.5,-0.05030611180707172,-0.009294753273337175
G5C1,S_full,1.025220422390814,0.5,0.03047790402204687,0.0036197854519234296
G5C2,S_full,1.025220422390814,0.5,0.0008147260672695764,0.00012940477051631705
G5C2,S_full,1.025220422390814,0.5,-0.0010331555296754988,-0.00026213538565322825
G5C2,S_full,1.025220422390814,0.5,0.0010771186430391865,0.00031974748709961975
G5C2,S_full,1.025220422390814,0.5,0.00027281127914593534,0.00010187377561970967
G5C2,S_full,1.025220422390814,0.5,0.0003849296754624074,0.00014772636197180056
G5C2,S_full,1.025220422390814,0.5,0.0005891474489574462,0.00015129178065359516
G5C2,S_full,1.025220422390814,0.5,-0.003004871817583304,-0.0007594350068301225
G5C2,S_full,1.025220422390814,0.5,0.0075549282891532975,0.0019079860704351304
G5C2,S_full,1.025220422390814,0.5,0.0017470011275374175,0.0004600234127706271
G5C2,S_full,1.025220422390814,0.5,0.01199769230695005,0.002978640838116109
G5C2,S_full,1.025220422390814,0.5,-0.008029858088547915,-0.0012230169702806548
G5C2,S_full,1.025220422390814,0.5,-0.07559810299423018,-0.0060301702566745025
G5C2,S_full,1.025220422390814,0.5,0.18582071946603498,0.013401843535989375
G5C2,S_full,1.025220422390814,0.5,0.21398989980358105,0.010501333645783588
G5C3,S_full,1.025220422390814,0.5,0.0006374830234853797,0.0001745545634440071
G5C3,S_full,1.025220422390814,0.5,0.0030324476070046373,0.0008178975540675815
G5C3,S_full,1.025220422390814,0.5,-0.0015450170147730438,-0.00041599267771774695
G5C3,S_full,1.025220422390814,0.5,0.004556314115513687,0.00123045702030522
G5C3,S_full,1.025220422390814,0.5,0.00042054825370435844,0.00015206282245733282
G5C3,S_full,1.025220422390814,0.5,0.00015642344256517831,7.609542592912355e-05
G5C3,S_full,1.025220422390814,0.5,0.004677277370003732,0.0012157353046341468
G5C3,S_full,1.025220422390814,0.5,0.008334386861711224,0.0020750673149541876
G5C3,S_full,1.025220422390814,0.5,-0.001838391588847985,-0.00042987001251645895
G5C3,S_full,1.025220422390814,0.5,0.004688495937598395,0.0011965521555929448
G5C3,S_full,1.025220422390814,0.5,0.0056409874609885625,0.0014808358267528465
G5C3,S_full,1.025220422390814,0.5,0.008292085164268142,0.002035862592187909
G5C3,S_full,1.025220422390814,0.5,0.008586171909092397,0.0018192503165253837
G5C3,S_full,1.025220422390814,0.5,-0.002333272430212027,-0.00031322987867438146
G5C4,S_full,1.025220422390814,0.5,0.0017277988693388524,0.000542147857456099
G5C4,S_full,1.025220422390814,0.5,0.004243060457742842,0.0011254088813398844
G5C4,S_full,1.025220422390814,0.5,-0.005001719714663714,-0.001357742353153335
G5C4,S_full,1.025220422390814,0.5,0.0022199892556787008,0.0007022155204995384
G5C4,S_full,1.025220422390814,0.5,-0.004953371313082017,-0.0012712671049409097
G5C4,S_full,1.025220422390814,0.5,-0.004366032944098618,-0.0010761112443591903
G5C4,S_full,1.025220422390814,0.5,-0.047790061112387684,-0.010296191223251705
G5C4,S_full,1.025220422390814,0.5,-0.158138602160318,-0.01182920014282815
G60C1,S_partial,1.1957431543704413,1.325,0.011028387282060357,0.0031058126871408853
G60C1,S_partial,1.1957431543704413,1.325,0.008148340227331886,0.002271437848982094
G60C1,S_partial,1.1957431543704413,1.325,0.004865433726971774,0.001392541881454712
G60C1,S_partial,1.1957431543704413,1.325,0.0033293994410956945,0.0009740320822007043
G60C1,S_partial,1.1957431543704413,1.325,-0.0004759494806684092,-2.1778744209333123e-05
G60C1,S_partial,1.1957431543704413,1.325,0.0023630618463933916,0.0007515032087893059
G60C1,S_partial,1.1957431543704413,1.325,-0.00019624895543614944,6.932757757471819e-05
G60C1,S_partial,1.1957431543704413,1.325,0.0018379963500376986,0.0005950431044574045
G60C1,S_partial,1.1957431543704413,1.325,0.005753935233181713,0.001711233404516399
G60C1,S_partial,1.1957431543704413,1.325,0.012067436056682182,0.003420682456726498
G60C1,S_partial,1.1957431543704413,1.325,0.01398756283897524,0.0038143138014738176
G60C1,S_partial,1.1957431543704413,1.325,0.013091777743855539,0.0036968020084929
G60C1,S_partial,1.1957431543704413,1.325,0.04269622037968191,0.009527335103231893
G60C1,S_partial,1.1957431543704413,1.325,0.07759955802208383,0.015090607236203007
G60C1,S_partial,1.1957431543704413,1.325,0.21190554206735693,0.03935842529025371
G60C1,S_partial,1.1957431543704413,1.325,0.20301340968801143,0.03579823426675541
G60C1,S_partial,1.1957431543704413,1.325,0.16212686295576864,0.026686766924233413
G60C1,S_partial,1.1957431543704413,1.325,0.12393296044630318,0.0189897797324578
G60C2,S_partial,1.1957431543704413,1.325,0.008124511989246538,0.0022366059175981667
G60C2,S_partial,1.1957431543704413,1.325,0.025034676258853538,0.006959350088227401
G60C2,S_partial,1.1957431543704413,1.325,0.0035278955356913715,0.0009909066475112804
G60C2,S_partial,1.1957431543704413,1.325,-0.00378001791291739,-0.0007340549735113666
G60C2,S_partial,1.1957431543704413,1.325,0.009062885193605952,0.0027771311953392885
G60C2,S_partial,1.1957431543704413,1.325,0.002441288856769404,0.0009035036578347033
G60C2,S_partial,1.1957431543704413,1.325,0.024179816190747317,0.0064037019301751985
G60C2,S_partial,1.1957431543704413,1.325,0.008213358749219466,0.0023739334580726856
G60C2,S_partial,1.1957431543704413,1.325,-0.0009184008578577283,0.00043327967725861893
G60C2,S_partial,1.1957431543704413,1.325,-0.003398255320928649,0.0008485398535724165
G60C2,S_partial,1.1957431543704413,1.325,0.0149407266035192,0.004251458603109909
G60C2,S_partial,1.1957431543704413,1.325,0.07351016229379417,0.014514201793597081
G60C2,S_partial,1.1957431543704413,1.325,0.07396556646356586,0.013253970880977878
G60C2,S_partial,1.1957431543704413,1.325,-0.04133747351212903,-0.005950030191100825
G60C3,S_partial,1.1957431543704413,1.325,0.008681238252929728,0.002419360100889334
G60C3,S_partial,1.1957431543704413,1.325,0.004433898221059546,0.0012256416257830915
G60C3,S_partial,1.1957431543704413,1.325,0.0017632352793945344,0.0005257700650221908
G60C3,S_partial,1.1957431543704413,1.325,0.001965455946169785,0.0005875067034940562
G60C3,S_partial,1.1957431543704413,1.325,0.001313156268943477,0.00048697180014817265
G60C3,S_partial,1.1957431543704413,1.325,0.004078625118825572,0.0012669544542179
G60C3,S_partial,1.1957431543704413,1.325,0.004137803553195782,0.0014455065983452198
G60C3,S_partial,1.1957431543704413,1.325,-0.060460789902366925,-0.01141509076285041
G60C3,S_partial,1.1957431543704413,1.325,0.057768283277544484,0.012612509022760399
G60C3,S_partial,1.1957431543704413,1.325,0.15725274726548977,0.02971494513249312
G60C3,S_partial,1.1957431543704413,1.325,0.2510331963910832,0.04533459473556578
G60C3,S_partial,1.1957431543704413,1.325,0.2511376607033964,0.042104819198996085
G60C3,S_partial,1.1957431543704413,1.325,0.24745220973959756,0.03862470169015811
G60C4,S_partial,1.1957431543704413,1.325,0.009960209080905037,0.0028420365431486294
G60C4,S_partial,1.1957431543704413,1.325,0.006747063868143006,0.0019544656763232915
G60C4,S_partial,1.1957431543704413,1.325,0.005086424640759003,0.0015000520413738783
G60C4,S_partial,1.1957431543704413,1.325,0.004059463225045945,0.001268759278781062
G60C4,S_partial,1.1957431543704413,1.325,0.004428523425449125,0.001383027097660916
G60C4,S_partial,1.1957431543704413,1.325,0.00960502628449788,0.0027228190795415275
G60C4,S_partial,1.1957431543704413,1.325,0.00966344577703743,0.002783230484849686
G60C4,S_partial,1.1957431543704413,1.325,0.02655258545264823,0.006889433998673311
G60C4,S_partial,1.1957431543704413,1.325,-0.032594314036578004,-0.006137061924072401
G60C4,S_partial,1.1957431543704413,1.325,0.013591350902253262,0.004491929384393301
G60C4,S_partial,1.1957431543704413,1.325,0.1040435860867552,0.02034640589017689
G60C4,S_partial,1.1957431543704413,1.325,0.15412718647391907,0.028052647153689714
G60C4,S_partial,1.1957431543704413,1.325,0.09348222064931146,0.01573996861735949
G60C4,S_partial,1.1957431543704413,1.325,0.05557835232170675,0.008764138303618912
G60C4,S_partial,1.1957431543704413,1.325,0.0594093357343117,0.00873864884617151
G61C2,S_partial,1.8494544109487703,1.975,0.01607771471570981,0.00437457290463833
G61C2,S_partial,1.8494544109487703,1.975,0.004047397269304828,0.0010888477808880803
G61C2,S_partial,1.8494544109487703,1.975,0.01664250891906921,0.004542008931221919
G61C2,S_partial,1.8494544109487703,1.975,0.02424642468188505,0.0064247854581132025
G61C2,S_partial,1.8494544109487703,1.975,0.02097871117882728,0.005496591522078598
G61C2,S_partial,1.8494544109487703,1.975,0.023956312182046722,0.0061792831876226195
G61C2,S_partial,1.8494544109487703,1.975,0.022324460711920385,0.005718076314417286
G61C2,S_partial,1.8494544109487703,1.975,0.025104337226150505,0.00621138686580866
G61C2,S_partial,1.8494544109487703,1.975,0.035561490536135235,0.008595341731847339
G61C2,S_partial,1.8494544109487703,1.975,0.035565416214718475,0.00838348009939871
G61C2,S_partial,1.8494544109487703,1.975,0.04805936734685937,0.011007398549640529
G61C2,S_partial,1.8494544109487703,1.975,0.05637061216812475,0.012518391355082092
G61C2,S_partial,1.8494544109487703,1.975,0.07749810412874612,0.016703339696185954
G61C2,S_partial,1.8494544109487703,1.975,0.14097028085248492,0.029090489960710814
G61C2,S_partial,1.8494544109487703,1.975,0.10455226035996212,0.019837352473216996
G61C2,S_partial,1.8494544109487703,1.975,-0.00744512225776066,-0.0007685972970822019
G61C2,S_partial,1.8494544109487703,1.975,-0.016828199933274744,-0.002374934254225941
G61C2,S_partial,1.8494544109487703,1.975,-0.037678844758294805,-0.004913809682943221
G61C3,S_partial,1.8494544109487703,1.975,0.026386679599975545,0.007311344243930651
G61C3,S_partial,1.8494544109487703,1.975,0.015557877361636548,0.004246445260293663
G61C3,S_partial,1.8494544109487703,1.975,0.019845428551170618,0.005408963679163992
G61C3,S_partial,1.8494544109487703,1.975,0.03310648153051148,0.008894707635671295
G61C3,S_partial,1.8494544109487703,1.975,0.053095830298157475,0.013932112704394012
G61C3,S_partial,1.8494544109487703,1.975,0.1016460810693143,0.026135804592992945
G61C3,S_partial,1.8494544109487703,1.975,0.16989751047732649,0.04215601732273827
G61C3,S_partial,1.8494544109487703,1.975,-0.20370598285345798,-0.03684901337325441
G61C3,S_partial,1.8494544109487703,1.975,-0.244633574687107,-0.03884748583728534
G61C4,S_partial,1.8494544109487703,1.975,0.02386051699947329,0.006314792010754855
G61C4,S_partial,1.8494544109487703,1.975,0.007700761839359029,0.001994367201379521
G61C4,S_partial,1.8494544109487703,1.975,0.01036011294896947,0.002629445821326404
G61C4,S_partial,1.8494544109487703,1.975,0.013943592612835317,0.0035277860356449364
G61C4,S_partial,1.8494544109487703,1.975,0.013693534872059331,0.0034667872556524426
G61C4,S_partial,1.8494544109487703,1.975,0.01883994402339502,0.0046833671333535165
G61C4,S_partial,1.8494544109487703,1.975,0.036293637255850775,0.009027351762632557
G61C4,S_partial,1.8494544109487703,1.975,0.04716401493558073,0.011421986819437346
G61C4,S_partial,1.8494544109487703,1.975,0.04539448475710799,0.010776803821327036
G61C4,S_partial,1.8494544109487703,1.975,0.05091614322102022,0.011797155612863292
G61C4,S_partial,1.8494544109487703,1.975,0.05497815030120211,0.012242254647798101
G61C4,S_partial,1.8494544109487703,1.975,0.06163384046141668,0.01310528492279725
G61C4,S_partial,1.8494544109487703,1.975,0.0645202221303515,0.013118316915580602
G61C4,S_partial,1.8494544109487703,1.975,0.10003409109991604,0.01954262699209791
G61C4,S_partial,1.8494544109487703,1.975,0.13777683424385628,0.025764512556535835
G61C4,S_partial,1.8494544109487703,1.975,0.0915204104579294,0.015763046716111756
G61C4,S_partial,1.8494544109487703,1.975,-0.022322834945396903,-0.0030574736929318003
G61C4,S_partial,1.8494544109487703,1.975,0.019637097898757155,0.002892755142665321
G62C1,S_partial,1.5578750584203147,2.425,0.045498816571913306,0.012464718521319695
G62C1,S_partial,1.5578750584203147,2.425,0.01792019138808333,0.004756631549297119
G62C1,S_partial,1.5578750584203147,2.425,0.008489443092710495,0.002254583847200453
G62C1,S_partial,1.5578750584203147,2.425,0.015044032275839954,0.003934291654397792
G62C1,S_partial,1.5578750584203147,2.425,0.00147092290560076,0.0007230027895235303
G62C1,S_partial,1.5578750584203147,2.425,0.03385480982534872,0.008371800577781252
G62C1,S_partial,1.5578750584203147,2.425,0.034600113941228056,0.008417861573930041
G62C1,S_partial,1.5578750584203147,2.425,0.04577017130157713,0.011023412179813952
G62C1,S_partial,1.5578750584203147,2.425,0.05632062460652894,0.013473680909236618
G62C1,S_partial,1.5578750584203147,2.425,0.08425084902002984,0.020165340723738878
G62C1,S_partial,1.5578750584203147,2.425,0.11521839311106405,0.027217475748753217
G62C1,S_partial,1.5578750584203147,2.425,0.10705833945935078,0.024874359598650836
G62C1,S_partial,1.5578750584203147,2.425,0.14799957757309504,0.03378137762655756
G62C1,S_partial,1.5578750584203147,2.425,0.1711706238120052,0.03834240855659676
G62C1,S_partial,1.5578750584203147,2.425,0.12922418655626378,0.027407174486842045
G62C1,S_partial,1.5578750584203147,2.425,0.06724678890194212,0.01306299834856478
G62C1,S_partial,1.5578750584203147,2.425,0.048840746756282936,0.008774708663849301
G62C1,S_partial,1.5578750584203147,2.425,-0.06305117134310312,-0.009609550694079844
G62C1,S_partial,1.5578750584203147,2.425,0.09995288295660641,0.015191717336114657
G62C2,S_partial,1.5578750584203147,2.425,0.030693764653050334,0.008530188357898039
G62C2,S_partial,1.5578750584203147,2.425,0.012379816777204735,0.0033555955140861515
G62C2,S_partial,1.5578750584203147,2.425,0.007739189470337236,0.002066538747121205
G62C2,S_partial,1.5578750584203147,2.425,0.006873574395239716,0.0018275701397046928
G62C2,S_partial,1.5578750584203147,2.425,0.005957810839116591,0.0016028597682901657
G62C2,S_partial,1.5578750584203147,2.425,0.01567169753875544,0.004144419711421821
G62C2,S_partial,1.5578750584203147,2.425,0.04816643421920655,0.012414477573500365
G62C2,S_partial,1.5578750584203147,2.425,0.07757897788977734,0.019220943704398724
G62C2,S_partial,1.5578750584203147,2.425,0.09841003771076458,0.02365871827830293
G62C2,S_partial,1.5578750584203147,2.425,0.12675954419718527,0.028906492899935354
G62C2,S_partial,1.5578750584203147,2.425,-0.07516182504473345,-0.013847246747341557
G62C2,S_partial,1.5578750584203147,2.425,0.03064780962904521,0.006162819877149173
G62C2,S_partial,1.5578750584203147,2.425,0.09648716420277886,0.016099239296673562
G62C2,S_partial,1.5578750584203147,2.425,0.15890706202658098,0.02378907340904335
G62C3,S_partial,1.5578750584203147,2.425,0.038368427948582695,0.010456499848537304
G62C3,S_partial,1.5578750584203147,2.425,0.01592442323349216,0.0042239775050536
G62C3,S_partial,1.5578750584203147,2.425,0.019163419446555766,0.005033510807652353
G62C3,S_partial,1.5578750584203147,2.425,0.019952985760372664,0.00514805393189488
G62C3,S_partial,1.5578750584203147,2.425,0.018502250469465905,0.00474279665387925
G62C3,S_partial,1.5578750584203147,2.425,0.03750230589667328,0.009416827829176189
G62C3,S_partial,1.5578750584203147,2.425,0.05374548404270509,0.013181348319290909
G62C3,S_partial,1.5578750584203147,2.425,0.06396896638474238,0.015200672556292733
G62C3,S_partial,1.5578750584203147,2.425,0.06256240166437584,0.014396955363766645
G62C3,S_partial,1.5578750584203147,2.425,0.06290122734243249,0.01386769125659243
G62C3,S_partial,1.5578750584203147,2.425,0.03912642354899672,0.008592149241186509
G62C3,S_partial,1.5578750584203147,2.425,-0.0471441583545784,-0.008108283685114681
G62C3,S_partial,1.5578750584203147,2.425,-0.04833071573574906,-0.00805628644188161
G62C3,S_partial,1.5578750584203147,2.425,0.003394226659556468,0.000742996095032894
G62C3,S_partial,1.5578750584203147,2.425,0.018087726815099257,0.0027756250024554563
G62C3,S_partial,1.5578750584203147,2.425,0.032652676830876616,0.004460244718569428
G62C4,S_partial,1.5578750584203147,2.425,0.019717328601613397,0.005636609430662354
G62C4,S_partial,1.5578750584203147,2.425,0.01093894510436576,0.003027624513085525
G62C4,S_partial,1.5578750584203147,2.425,0.013312729633945787,0.003753712816744026
G62C4,S_partial,1.5578750584203147,2.425,0.016651426945228615,0.004720605831063096
G62C4,S_partial,1.5578750584203147,2.425,0.05652424157465866,0.015438056399667471
G62C4,S_partial,1.5578750584203147,2.425,0.11747388412411883,0.029770598716532065
G62C4,S_partial,1.5578750584203147,2.425,-0.14235617878863968,-0.027612387206625094
G62C4,S_partial,1.5578750584203147,2.425,-0.19390748481164152,-0.0335818939959521
G62C4,S_partial,1.5578750584203147,2.425,0.025834334979110602,0.005052163609696597
G62C4,S_partial,1.5578750584203147,2.425,0.3099858989249953,0.05684666499269814
G63C1,S_partial,1.2411567580985479,1.675,0.017282439696692027,0.004414711079594902
G63C1,S_partial,1.2411567580985479,1.675,0.014151041029377143,0.0036745067951606813
G63C1,S_partial,1.2411567580985479,1.675,0.017354916345064083,0.004517036659622969
G63C1,S_partial,1.2411567580985479,1.675,0.02239193110075202,0.0058131726897577285
G63C1,S_partial,1.2411567580985479,1.675,0.03918062693020836,0.009679125083114443
G63C1,S_partial,1.2411567580985479,1.675,0.04079801155526763,0.009469383106470802
G63C1,S_partial,1.2411567580985479,1.675,0.04061176364667912,0.008924672869027345
G63C1,S_partial,1.2411567580985479,1.675,0.033835623908554685,0.007231997663308121
G63C1,S_partial,1.2411567580985479,1.675,0.02649519220029838,0.005595529085237944
G63C1,S_partial,1.2411567580985479,1.675,-0.22767783999915936,-0.03311433705808947
G63C2,S_partial,1.2411567580985479,1.675,0.017214605030016917,0.004491482912575451
G63C2,S_partial,1.2411567580985479,1.675,0.013256138745408808,0.0035358001774277725
G63C2,S_partial,1.2411567580985479,1.675,0.02153167749662417,0.005734330299028256
G63C2,S_partial,1.2411567580985479,1.675,0.03681221365605474,0.009364879997562497
G63C2,S_partial,1.2411567580985479,1.675,0.030828487825100368,0.007606050441656409
G63C2,S_partial,1.2411567580985479,1.675,0.03818496497603482,0.008952604612138204
G63C2,S_partial,1.2411567580985479,1.675,0.05134924735485334,0.011314785084840184
G63C2,S_partial,1.2411567580985479,1.675,0.04931809468733496,0.01052414706286392
G63C2,S_partial,1.2411567580985479,1.675,-0.015957101200958695,-0.001792272569321185
G63C2,S_partial,1.2411567580985479,1.675,-0.14290696521142124,-0.02054664577500029
G63C3,S_partial,1.2411567580985479,1.675,0.013907596430950575,0.003563904341753299
G63C3,S_partial,1.2411567580985479,1.675,0.011107625490800457,0.002877672285644395
G63C3,S_partial,1.2411567580985479,1.675,0.011245956379391667,0.0029047939442392867
G63C3,S_partial,1.2411567580985479,1.675,0.0068195183304750485,0.0018303632291479521
G63C3,S_partial,1.2411567580985479,1.675,0.01681219735215098,0.004385916145428187
G63C3,S_partial,1.2411567580985479,1.675,0.03918963178844076,0.009546206201452023
G63C3,S_partial,1.2411567580985479,1.675,0.02746864380924258,0.006678293579664096
G63C3,S_partial,1.2411567580985479,1.675,0.03552321030538779,0.008030396614273377
G63C3,S_partial,1.2411567580985479,1.675,0.035979301207173346,0.007861509517456455
G63C3,S_partial,1.2411567580985479,1.675,0.04036452723034882,0.008584624873364644
G63C3,S_partial,1.2411567580985479,1.675,0.048153996244976294,0.009950767851795717
G63C3,S_partial,1.2411567580985479,1.675,0.06684363164529529,0.013370779099190017
G63C3,S_partial,1.2411567580985479,1.675,0.06355510886379696,0.012350908276650752
G63C3,S_partial,1.2411567580985479,1.675,0.0732989697912136,0.013587367465753092
G63C3,S_partial,1.2411567580985479,1.675,0.04075581787585953,0.00717691265872486
G63C3,S_partial,1.2411567580985479,1.675,0.10922659924706465,0.016923394322187313
G63C4,S_partial,1.2411567580985479,1.675,0.008596587540025968,0.0022431348636371418
G63C4,S_partial,1.2411567580985479,1.675,0.00966334032122578,0.0025641956336239224
G63C4,S_partial,1.2411567580985479,1.675,0.006004503425032605,0.001631789102882364
G63C4,S_partial,1.2411567580985479,1.675,0.009010976033601714,0.0023823739223530205
G63C4,S_partial,1.2411567580985479,1.675,0.016158193781707204,0.004278430303158054
G63C4,S_partial,1.2411567580985479,1.675,0.027041936726796747,0.006887274760941392
G63C4,S_partial,1.2411567580985479,1.675,0.026094117846065037,0.006525399616648775
G63C4,S_partial,1.2411567580985479,1.675,0.028641456111832553,0.006961754710472223
G63C4,S_partial,1.2411567580985479,1.675,0.02584212767548291,0.0059639130574623
G63C4,S_partial,1.2411567580985479,1.675,0.027675648854615965,0.006240425701559943
G63C4,S_partial,1.2411567580985479,1.675,0.030854384850848522,0.0067785908445197884
G63C4,S_partial,1.2411567580985479,1.675,0.04376093932404908,0.00946783095386941
G63C4,S_partial,1.2411567580985479,1.675,0.039710808532861436,0.008518103903162877
G63C4,S_partial,1.2411567580985479,1.675,0.051758201393098995,0.010863472450267198
G63C4,S_partial,1.2411567580985479,1.675,0.06050750446984114,0.012303430978439223
G63C4,S_partial,1.2411567580985479,1.675,0.044396436730172704,0.008820099039182128
G63C4,S_partial,1.2411567580985479,1.675,0.06959221729944502,0.013548821187557542
G63C4,S_partial,1.2411567580985479,1.675,0.07636459705064666,0.01440359263404939
G63C4,S_partial,1.2411567580985479,1.675,0.08990222056376143,0.016396476438202662
G63C4,S_partial,1.2411567580985479,1.675,0.1049213972452227,0.01827452787020109
G63C4,S_partial,1.2411567580985479,1.675,0.10626274451957539,0.017555322053509126
G64C1,S_partial,1.0936132983377078,1.425,0.008855136482706598,0.0024898157421054945
G64C1,S_partial,1.0936132983377078,1.425,0.007836146110277463,0.002184146986161428
G64C1,S_partial,1.0936132983377078,1.425,0.003999924032932212,0.001199149909187125
G64C1,S_partial,1.0936132983377078,1.425,-0.0006150169293854416,-2.4247100120611265e-05
G64C1,S_partial,1.0936132983377078,1.425,0.006707225297795877,0.0018732640026768999
G64C1,S_partial,1.0936132983377078,1.425,0.008631079683083716,0.0024780014654873783
G64C1,S_partial,1.0936132983377078,1.425,-0.006741223825471912,-9.93590271674838e-05
G64C1,S_partial,1.0936132983377078,1.425,0.08619467965941735,0.018254424285998105
G64C1,S_partial,1.0936132983377078,1.425,0.0016855739545526634,0.0016871200880126669
G64C2,S_partial,1.0936132983377078,1.425,0.00805873904366639,0.0022332196125600112
G64C2,S_partial,1.0936132983377078,1.425,0.004227299348880375,0.0011690710467130438
G64C2,S_partial,1.0936132983377078,1.425,0.0054146125806240125,0.0015069858831681104
G64C2,S_partial,1.0936132983377078,1.425,0.008504932184619613,0.0023663269553750865
G64C2,S_partial,1.0936132983377078,1.425,0.010203672366080585,0.002966771061793605
G64C2,S_partial,1.0936132983377078,1.425,0.08189785871928361,0.021545149554998172
G64C2,S_partial,1.0936132983377078,1.425,0.06623548769855522,0.013772338384365312
G64C2,S_partial,1.0936132983377078,1.425,0.05100466674856903,0.008747478748166282
G64C2,S_partial,1.0936132983377078,1.425,0.0347537529926194,0.005670221113791202
G64C3,S_partial,1.0936132983377078,1.425,0.009372348241609775,0.0025412716550852754
G64C3,S_partial,1.0936132983377078,1.425,0.003547377362459952,0.0009622006078368606
G64C3,S_partial,1.0936132983377078,1.425,0.000722514288341042,0.00024193812165229645
G64C3,S_partial,1.0936132983377078,1.425,0.0011762985784515955,0.0003964948808478086
G64C3,S_partial,1.0936132983377078,1.425,0.003558191814485826,0.0009495398886585626
G64C3,S_partial,1.0936132983377078,1.425,0.006118972549735712,0.001586933251977396
G64C3,S_partial,1.0936132983377078,1.425,0.009934282163619803,0.0025573182514522785
G64C3,S_partial,1.0936132983377078,1.425,0.019051785537433995,0.0049915519675248765
G64C3,S_partial,1.0936132983377078,1.425,0.059225075905162725,0.013026281712832016
G64C4,S_partial,1.0936132983377078,1.425,0.014983415009256849,0.003922570029194716
G64C4,S_partial,1.0936132983377078,1.425,0.012510172959845571,0.003335349852880254
G64C4,S_partial,1.0936132983377078,1.425,0.00800052329277853,0.002087507731695415
G64C4,S_partial,1.0936132983377078,1.425,0.006968311121101988,0.0018893330726900137
G64C4,S_partial,1.0936132983377078,1.425,0.006336368959891088,0.0016488614080650277
G64C4,S_partial,1.0936132983377078,1.425,0.011216986206505455,0.002845084374642509
G64C4,S_partial,1.0936132983377078,1.425,0.00839282070128655,0.0021530688260859576
G64C4,S_partial,1.0936132983377078,1.425,0.018044085895594444,0.004437346390059854
G64C4,S_partial,1.0936132983377078,1.425,0.02154334570797319,0.0049209904578186026
G64C4,S_partial,1.0936132983377078,1.425,0.0693152155996748,0.014691566134050094
G64C4,S_partial,1.0936132983377078,1.425,0.07091933250553965,0.013729187456013564
G64C4,S_partial,1.0936132983377078,1.425,0.01626170760958512,0.0034734041425271422
G64C4,S_partial,1.0936132983377078,1.425,-0.02499691518876318,-0.0032377287058577564
G64C4,S_partial,1.0936132983377078,1.425,-0.08846254406839597,-0.012478349929500282
G64C4,S_partial,1.0936132983377078,1.425,-0.18505241021554855,-0.024690300761083583
G64C4,S_partial,1.0936132983377078,1.425,-0.13138617104466394,-0.017432754240297332
G64C4,S_partial,1.0936132983377078,1.425,0.03263793925662712,0.004626564189857102
G64C4,S_partial,1.0936132983377078,1.425,0.07571317140087944,0.010190265756627626
G8C1,S_partial,1.48720999405116,0.5,0.007318918657068963,0.0018461470898635812
G8C1,S_partial,1.48720999405116,0.5,0.0012379768357593582,0.00036906842438091947
G8C1,S_partial,1.48720999405116,0.5,-0.0022392224068482104,-0.0004654518044032441
G8C1,S_partial,1.48720999405116,0.5,0.010804960311614663,0.002845526074526844
G8C1,S_partial,1.48720999405116,0.5,0.005976325514054845,0.001432822725226074
G8C1,S_partial,1.48720999405116,0.5,-0.006362735686466774,-0.001476188825632635
G8C1,S_partial,1.48720999405116,0.5,-0.010002729418551732,-0.0022247999065443946
G8C1,S_partial,1.48720999405116,0.5,0.0033279330831019536,0.0007871742352634492
G8C1,S_partial,1.48720999405116,0.5,-0.00218589056573551,-0.000407235620804719
G8C1,S_partial,1.48720999405116,0.5,-0.002609563139052715,-0.0005019579090256576
G8C1,S_partial,1.48720999405116,0.5,0.006353611770917351,0.0013225164104374298
G8C1,S_partial,1.48720999405116,0.5,0.006932669636143771,0.0013542504937170408
G8C1,S_partial,1.48720999405116,0.5,0.015163501661356035,0.002861054415862152
G8C2,S_partial,1.48720999405116,0.5,0.003059201265294895,0.0007878402507018323
G8C2,S_partial,1.48720999405116,0.5,0.001543034732867832,0.00046300260666037873
G8C2,S_partial,1.48720999405116,0.5,0.0022147579917443138,0.0006773727652588379
G8C2,S_partial,1.48720999405116,0.5,0.0058077345720228485,0.001555124245043088
G8C2,S_partial,1.48720999405116,0.5,0.0018386115334897144,0.0004943791696856992
G8C2,S_partial,1.48720999405116,0.5,0.0013806615237148764,0.0003393251390512997
G8C2,S_partial,1.48720999405116,0.5,0.0046649075257889265,0.0011410057696909226
G8C2,S_partial,1.48720999405116,0.5,0.004979466533089214,0.0011421891432687459
G8C2,S_partial,1.48720999405116,0.5,-0.006533494453396803,-0.0014179001348224862
G8C2,S_partial,1.48720999405116,0.5,-0.001646802472176992,-0.0002868702218645769
G8C2,S_partial,1.48720999405116,0.5,0.0089064651032208,0.001963065747406789
G8C2,S_partial,1.48720999405116,0.5,-7.304631034379541e-05,7.835464159539063e-05
G8C2,S_partial,1.48720999405116,0.5,0.012551766628870942,0.0025939144093356237
G8C2,S_partial,1.48720999405116,0.5,0.019201898471431205,0.0037808870211329393
G8C2,S_partial,1.48720999405116,0.5,0.015304974459310249,0.0029027234026538784
G8C3,S_partial,1.48720999405116,0.5,0.00023502836565658837,7.597990863789095e-05
G8C3,S_partial,1.48720999405116,0.5,0.002104315149301073,0.0005893705294189311
G8C3,S_partial,1.48720999405116,0.5,-0.003958109960243037,-0.0009696656038187257
G8C3,S_partial,1.48720999405116,0.5,0.011798205968182854,0.003077197866262482
G8C3,S_partial,1.48720999405116,0.5,0.0054490658821055886,0.0013743267444223384
G8C3,S_partial,1.48720999405116,0.5,-0.008663716770306489,-0.0021414779558232844
G8C3,S_partial,1.48720999405116,0.5,0.006395949468592892,0.0016490929701954704
G8C3,S_partial,1.48720999405116,0.5,0.007409821974972967,0.0018343860491617792
G8C3,S_partial,1.48720999405116,0.5,0.0021634825694399626,0.0005317195316590639
G8C3,S_partial,1.48720999405116,0.5,0.00917107963196161,0.0021677913589218945
G8C3,S_partial,1.48720999405116,0.5,0.005874297998256734,0.0013620126769091911
G8C3,S_partial,1.48720999405116,0.5,0.00015370171066243093,5.257253666107742e-05
G8C3,S_partial,1.48720999405116,0.5,0.0016779660243991278,0.00040990803706544843
G8C3,S_partial,1.48720999405116,0.5,0.017313382927827584,0.003795203011695031
G8C3,S_partial,1.48720999405116,0.5,0.009953271914818304,0.002135599567961305
G8C3,S_partial,1.48720999405116,0.5,-0.011278802296668318,-0.0022651403165508954
G8C3,S_partial,1.48720999405116,0.5,0.0134305875542023,0.0027641134402140166
G8C3,S_partial,1.48720999405116,0.5,-0.0025167943289130064,-0.0005048334785618391
G8C3,S_partial,1.48720999405116,0.5,0.01766164234266793,0.0035714858144288986
G8C3,S_partial,1.48720999405116,0.5,0.007435421223922761,0.0014692285039071828
G8C3,S_partial,1.48720999405116,0.5,0.02180801603616506,0.004270976539223648
G8C3,S_partial,1.48720999405116,0.5,0.014654840417756365,0.0028247353584510415
G8C3,S_partial,1.48720999405116,0.5,0.008247493647803602,0.0015957578210619716
G8C3,S_partial,1.48720999405116,0.5,-0.10684155064432521,-0.018922754923792
G8C3,S_partial,1.48720999405116,0.5,0.0027305174771056965,0.0005108666201464607
G8C3,S_partial,1.48720999405116,0.5,0.023186795492781364,0.004289032834046247
G8C3,S_partial,1.48720999405116,0.5,0.01908966044593828,0.003450593673480856
G8C3,S_partial,1.48720999405116,0.5,0.029338634567501964,0.005273136222868957
G8C3,S_partial,1.48720999405116,0.5,0.024916370691413694,0.004437241486891175
G8C3,S_partial,1.48720999405116,0.5,0.007060574832426662,0.0012529240636306727
G8C4,S_partial,1.48720999405116,0.5,0.004311835266085893,0.0011106315068464268
G8C4,S_partial,1.48720999405116,0.5,-0.002357852580444741,-0.0004993672944584304
G8C4,S_partial,1.48720999405116,0.5,0.004981044054697913,0.0013292640709852144
G8C4,S_partial,1.48720999405116,0.5,0.006452911639044859,0.0017683655422855993
G8C4,S_partial,1.48720999405116,0.5,0.0022421743451906846,0.0006377448796954233
G8C4,S_partial,1.48720999405116,0.5,0.00568212495228874,0.001414903305565568
G8C4,S_partial,1.48720999405116,0.5,0.0012338555041117654,0.0003111643255081509
G8C4,S_partial,1.48720999405116,0.5,0.015309338701256454,0.0037983809359123655
G8C4,S_partial,1.48720999405116,0.5,0.008132210792041662,0.0020086433239912826
G8C4,S_partial,1.48720999405116,0.5,0.00682286721835209,0.0016534670662845252
G8C4,S_partial,1.48720999405116,0.5,0.013492150425832714,0.0031049515555247598
G8C4,S_partial,1.48720999405116,0.5,0.002573168250540059,0.0005806473983857585
G8C4,S_partial,1.48720999405116,0.5,0.0024241058270004093,0.0005663939674386553
G8C4,S_partial,1.48720999405116,0.5,0.011481908070587635,0.002558147531165955
G8C4,S_partial,1.48720999405116,0.5,0.014154006816708687,0.003071540810811707
G8C4,S_partial,1.48720999405116,0.5,0.010699076122533728,0.0022553652689128734
G8C4,S_partial,1.48720999405116,0.5,0.01834184351832553,0.0037952894287080485
G8C4,S_partial,1.48720999405116,0.5,0.01942905154880694,0.003927031312917273
G8C4,S_partial,1.48720999405116,0.5,0.028105646700280023,0.0055877074159040585
G8C4,S_partial,1.48720999405116,0.5,0.005654037920523575,0.0010983937972434132
G8C4,S_partial,1.48720999405116,0.5,0.02174425863431665,0.004152946462932794
G8C4,S_partial,1.48720999405116,0.5,0.025557817691923505,0.004781915546593851
G8C4,S_partial,1.48720999405116,0.5,0.02637575946422427,0.004839971167855783
G8C4,S_partial,1.48720999405116,0.5,-0.1007027790756062,-0.017023339162149154
G8C4,S_partial,1.48720999405116,0.5,0.008892309138781756,0.0015197048117472078
G8C4,S_partial,1.48720999405116,0.5,0.019951945467429292,0.0034372880700393738
G9C1,S_full,1.0316723408645414,0.5,-0.010157432120165481,-0.002576011357054764
G9C1,S_full,1.0316723408645414,0.5,-0.003967530495471066,-0.0009355571197328383
G9C1,S_full,1.0316723408645414,0.5,0.005962411537491515,0.001532067518782626
G9C1,S_full,1.0316723408645414,0.5,-0.006510165831315488,-0.0014693938930606665
G9C1,S_full,1.0316723408645414,0.5,-0.027919438418681684,-0.006081697771233074
G9C2,S_full,1.0316723408645414,0.5,-0.0036593190934485777,-0.000941261922776826
G9C2,S_full,1.0316723408645414,0.5,-0.009660953298811623,-0.0023991240240349987
G9C2,S_full,1.0316723408645414,0.5,0.0015963772447071052,0.00039514662553141733
G9C2,S_full,1.0316723408645414,0.5,-0.005453638407010454,-0.001297408550781337
G9C2,S_full,1.0316723408645414,0.5,-0.02811068083496703,-0.006176715098042712
G9C4,S_full,1.0316723408645414,0.5,-0.0009983533775826362,-0.00029988097886679554
G9C4,S_full,1.0316723408645414,0.5,-0.0037644228742296647,-0.0008702698167722123
G9C4,S_full,1.0316723408645414,0.5,-0.008512044287581594,-0.00202415938193784
G9C4,S_full,1.0316723408645414,0.5,-0.02330532986177951,-0.0051412989470173975
G9C4,S_full,1.0316723408645414,0.5,-0.05466505168191685,-0.009841883980898053
