cell_id,dataset,n_stored,n_kept,n_dropped_by_cleaning,too_short,q1,q1_first,q1_material_diff,denominator,excluded_by_guard,T,q1_k1,q1_k10,q1_k20,q1_k50,T_r2_rho0.70,guard_r2_rho0.70,T_r1_rho0.70,guard_r1_rho0.70,T_r2_rho0.75,guard_r2_rho0.75,T_r1_rho0.75,guard_r1_rho0.75,T_r2_rho0.80,guard_r2_rho0.80,T_r1_rho0.80,guard_r1_rho0.80,T_r2_rho0.85,guard_r2_rho0.85,T_r1_rho0.85,guard_r1_rho0.85,T_r2_rho0.90,guard_r2_rho0.90,T_r1_rho0.90,guard_r1_rho0.90,t1,T_from_record_end,fit_start,fit_end,monotone_violation_Ah,monotone_within_tol,rmse_power_law,rmse_two_term_exponential,rmse_rollover,best_family_in_sample,n_pos_k2.0_m2,n_neg_k2.0_m2,n_pos_k2.0_m3,n_neg_k2.0_m3,n_pos_k2.5_m2,n_neg_k2.5_m2,n_pos_k2.5_m3,n_neg_k2.5_m3,n_pos_k3.0_m2,n_neg_k3.0_m2,n_pos_k3.0_m3,n_neg_k3.0_m3,n_pos_k3.5_m2,n_neg_k3.5_m2,n_pos_k3.5_m3,n_neg_k3.5_m3,n_pos_k4.0_m2,n_neg_k4.0_m2,n_pos_k4.0_m3,n_neg_k4.0_m3,residual_scale_Ah
MATR_b1c0,MATR,1850,1849,1,False,1.0767031853146891,1.070780724475524,False,0.196703185314689,False,1849.0,1.070780724475524,1.0746355710955746,1.0767031853146891,1.0769068708624745,,False,,False,,False,,False,1849.0,False,,False,1679.0,False,1764.0,False,1392.0,False,1530.0,False,20.0,True,20.0,1849.0,0.023997910023310087,False,0.006463979010699454,0.005336411458229346,0.004571517908988584,rollover,0.0,30.0,0.0,12.0,0.0,25.0,0.0,9.0,0.0,17.0,0.0,7.0,0.0,15.0,0.0,6.0,0.0,15.0,0.0,3.0,0.002809153791498259
MATR_b1c1,MATR,2158,2158,0,False,1.082415053379957,1.0761058349650348,False,0.2024150533799569,False,2158.0,1.0761058349650348,1.0812708568764604,1.082415053379957,1.082415053379957,,False,,False,,False,,False,2158.0,False,,False,1994.0,False,2066.0,False,1734.0,False,1852.0,False,14.0,True,14.0,2158.0,0.0063092184149222685,True,0.006155456484520186,0.0018342556998266152,0.0017633553693111215,rollover,1.0,3.0,1.0,0.0,8.0,6.0,5.0,1.0,0.0,4.0,0.0,2.0,0.0,1.0,0.0,0.0,0.0,3.0,0.0,0.0,0.0014979082965629715
MATR_b1c10,MATR,904,904,0,False,1.0817832839160877,1.0759630258741262,False,0.20178328391608757,False,,1.0759630258741262,1.0799706846153883,1.0817832839160877,1.0826087181818218,,False,,False,,False,,False,,False,,False,,False,,False,851.0,False,890.0,False,20.0,False,20.0,904.0,0.00683768694639042,True,0.0031370968771011003,0.0007879382563950476,0.0007911579140160418,two_term_exponential,5.0,3.0,5.0,1.0,2.0,2.0,1.0,2.0,0.0,2.0,0.0,1.0,0.0,1.0,0.0,0.0,0.0,0.0,0.0,0.0,0.0007320360790745799
MATR_b1c11,MATR,786,786,0,False,1.0602274261072295,1.0546187083916083,False,0.18022742610722942,False,786.0,1.0546187083916083,1.0585088114219148,1.0602274261072295,1.0608376041958079,,False,,False,,False,,False,786.0,False,,False,727.0,False,771.0,False,656.0,False,708.0,False,20.0,True,20.0,786.0,0.006528015850819413,True,0.00301775067456804,0.002050724642715574,0.0009642354782908507,rollover,3.0,5.0,3.0,3.0,3.0,5.0,1.0,2.0,3.0,4.0,2.0,2.0,4.0,2.0,2.0,1.0,0.0,0.0,0.0,0.0,0.0007208971708256339
MATR_b1c12,MATR,900,900,0,False,1.0821912965035,1.077824060839161,False,0.20219129650349998,False,,1.077824060839161,1.0813677286713324,1.0821912965035,1.0827925881118918,,False,,False,,False,,False,,False,,False,877.0,False,897.0,False,800.0,False,831.0,False,20.0,False,20.0,900.0,0.005363379953383429,True,0.0030626729553440884,0.0008859624139035227,0.0007576915176887312,rollover,3.0,10.0,3.0,6.0,4.0,3.0,3.0,1.0,1.0,2.0,1.0,0.0,1.0,1.0,1.0,0.0,0.0,1.0,0.0,0.0,0.0006468286697963524
MATR_b1c13,MATR,895,895,0,False,1.0845483827505866,1.0801282853146852,False,0.2045483827505865,False,,1.0801282853146852,1.083839232400936,1.0845483827505866,1.084941211188815,,False,,False,,False,,False,,False,,False,882.0,False,895.0,False,816.0,False,839.0,False,20.0,False,20.0,895.0,0.005417631934735656,True,0.0038809619101432,0.0009242853664513036,0.0009247627949792515,two_term_exponential,3.0,0.0,3.0,0.0,1.0,0.0,0.0,0.0,0.0,0.0,0.0,0.0,0.0,0.0,0.0,0.0,0.0,0.0,0.0,0.0,0.0011225498813276676
MATR_b1c14,MATR,878,878,0,False,1.0757307463869499,1.0710733531468528,False,0.19573074638694976,False,878.0,1.0710733531468528,1.0751696114219151,1.0757307463869499,1.076693701631705,,False,,False,,False,,False,878.0,False,,False,813.0,False,845.0,False,735.0,False,772.0,False,20.0,True,20.0,878.0,0.006565865501169554,True,0.003589995150199117,0.0027228555915035273,0.0013571679266663741,rollover,3.0,1.0,3.0,0.0,0.0,1.0,0.0,1.0,0.0,1.0,0.0,1.0,0.0,0.0,0.0,0.0,0.0,0.0,0.0,0.0,0.001369265960003272
MATR_b1c15,MATR,717,717,0,False,1.0672611046620082,1.0614584069930066,False,0.18726110466200807,False,717.0,1.0614584069930066,1.066543827505831,1.0672611046620082,1.0684608869463905,,False,,False,,False,,False,717.0,False,,False,668.0,False,700.0,False,613.0,False,648.0,False,20.0,True,20.0,717.0,0.007683305361309012,True,0.0038129858474513167,0.002409837313927279,0.0011910153997828341,rollover,3.0,1.0,3.0,0.0,2.0,1.0,1.0,1.0,0.0,1.0,0.0,0.0,0.0,0.0,0.0,0.0,0.0,0.0,0.0,0.0,0.0012143435284368133
MATR_b1c16,MATR,860,860,0,False,1.0861273305361343,1.081395756643357,False,0.2061273305361342,False,860.0,1.081395756643357,1.0857635219114257,1.0861273305361343,1.0870747881118918,,False,,False,,False,,False,860.0,False,,False,810.0,False,825.0,False,750.0,False,769.0,False,20.0,True,20.0,860.0,0.006865880885784215,True,0.004604505733417389,0.002293851574496196,0.0013039535357902883,rollover,4.0,2.0,1.0,1.0,1.0,1.0,0.0,1.0,0.0,1.0,0.0,0.0,0.0,0.0,0.0,0.0,0.0,0.0,0.0,0.0,0.0012011069534401974
MATR_b1c17,MATR,855,855,0,False,1.077031979254083,1.0723514405594405,False,0.1970319792540829,False,855.0,1.0723514405594405,1.075724991608395,1.077031979254083,1.0778170689976727,,False,,False,,False,,False,855.0,False,,False,799.0,False,825.0,False,733.0,False,764.0,False,20.0,True,20.0,855.0,0.00661925664336005,True,0.0033861584005702517,0.002246357148162147,0.0013157092688174646,rollover,4.0,6.0,4.0,3.0,4.0,2.0,1.0,0.0,0.0,0.0,0.0,0.0,0.0,0.0,0.0,0.0,0.0,0.0,0.0,0.0,0.0011825862869576168
MATR_b1c18,MATR,689,688,1,False,1.070131970396274,1.0661330188811189,False,0.19013197039627383,False,688.0,1.0661330188811189,1.0694067825174862,1.070131970396274,1.070131970396274,,False,,False,,False,,False,688.0,False,,False,639.0,False,664.0,False,574.0,False,617.0,False,19.0,True,19.0,688.0,0.003998951515155058,True,0.007940557147957095,0.0021424753043350034,0.0010161377613548204,rollover,1.0,0.0,0.0,0.0,1.0,0.0,0.0,0.0,1.0,0.0,0.0,0.0,0.0,0.0,0.0,0.0,0.0,0.0,0.0,0.0,0.0011617191113281187
MATR_b1c19,MATR,786,786,0,False,1.0891354750582787,1.0854258202797202,False,0.20913547505827856,False,786.0,1.0854258202797202,1.0885190221445258,1.0891354750582787,1.0891354750582787,,False,,False,,False,,False,786.0,False,,False,726.0,False,741.0,False,655.0,False,672.0,False,15.0,True,15.0,786.0,0.0037096547785584466,True,0.00401255193508148,0.0026774210169362806,0.0010224327954597087,rollover,5.0,1.0,1.0,1.0,0.0,2.0,0.0,1.0,0.0,1.0,0.0,0.0,0.0,0.0,0.0,0.0,0.0,0.0,0.0,0.0,0.00112918077195424
MATR_b1c2,MATR,2235,2234,1,False,1.0860130920745956,1.0808158895104898,False,0.2060130920745955,False,2234.0,1.0808158895104898,1.0851069268065303,1.0860130920745956,1.0860130920745956,,False,,False,,False,,False,2234.0,False,,False,2097.0,False,2158.0,False,1803.0,False,1906.0,False,14.0,True,14.0,2234.0,0.005208505128208474,True,0.005930165021726982,0.00195953132617537,0.00195030568510042,rollover,3.0,10.0,0.0,7.0,0.0,5.0,0.0,2.0,0.0,1.0,0.0,1.0,0.0,1.0,0.0,1.0,0.0,1.0,0.0,1.0,0.002011800660911622
MATR_b1c20,MATR,532,532,0,False,1.0762344988345025,1.0729113167832167,False,0.1962344988345024,False,532.0,1.0729113167832167,1.0762344988345025,1.0762344988345025,1.0762344988345025,,False,,False,,False,,False,532.0,False,,False,475.0,False,504.0,False,352.0,False,420.0,False,7.0,True,7.0,532.0,0.003323182051285789,True,0.0043658351111226165,0.001588508140881323,0.001526200100843125,rollover,0.0,0.0,0.0,0.0,0.0,0.0,0.0,0.0,0.0,2.0,0.0,2.0,0.0,1.0,0.0,0.0,0.0,0.0,0.0,0.0,0.0017151873439909175
MATR_b1c21,MATR,557,557,0,False,1.086218375291379,1.0827725083916084,False,0.20621837529137887,False,557.0,1.0827725083916084,1.086218375291379,1.086218375291379,1.086218375291379,,False,,False,,False,,False,557.0,False,,False,523.0,False,535.0,False,452.0,False,479.0,False,7.0,False,7.0,557.0,0.0034458668997705555,True,0.006438174120790034,0.001435240976067244,0.001389659240618954,rollover,0.0,1.0,0.0,1.0,0.0,1.0,0.0,1.0,0.0,1.0,0.0,0.0,0.0,2.0,0.0,1.0,0.0,1.0,0.0,0.0,0.0013756719918120554
MATR_b1c22,MATR,889,889,0,False,1.0836297538461572,1.0796626181818183,False,0.2036297538461571,False,,1.0796626181818183,1.0831292587412622,1.0836297538461572,1.083875280419584,,False,,False,,False,,False,,False,,False,,False,,False,844.0,False,876.0,False,18.0,False,18.0,889.0,0.0042550440559474545,True,0.0026798700503874394,0.0007758116983489148,0.0007898992042447093,two_term_exponential,3.0,0.0,2.0,0.0,0.0,0.0,0.0,0.0,0.0,0.0,0.0,0.0,0.0,0.0,0.0,0.0,0.0,0.0,0.0,0.0,0.0009587866918483141
MATR_b1c23,MATR,1012,1012,0,False,1.0831145179487216,1.0796933706293703,False,0.20311451794872148,False,1012.0,1.0796933706293703,1.0827813072261108,1.0831145179487216,1.083332424475528,,False,,False,,False,,False,1012.0,False,,False,953.0,False,974.0,False,867.0,False,898.0,False,18.0,True,18.0,1012.0,0.003696843123547122,True,0.003731653314410674,0.0011489048318256282,0.0009974619259140172,rollover,1.0,2.0,0.0,1.0,0.0,0.0,0.0,0.0,0.0,0.0,0.0,0.0,0.0,0.0,0.0,0.0,0.0,0.0,0.0,0.0,0.0011916735285536855
MATR_b1c24,MATR,1015,1015,0,False,1.078371781585085,1.0747819678321677,False,0.19837178158508495,False,1015.0,1.0747819678321677,1.0778393482517519,1.078371781585085,1.0787548517482555,,False,,False,,False,,False,1015.0,False,,False,948.0,False,978.0,False,851.0,False,895.0,False,19.0,True,19.0,1015.0,0.004109709090912794,True,0.003705765808989917,0.0013262652308550919,0.000952463382398255,rollover,3.0,5.0,3.0,2.0,0.0,3.0,0.0,1.0,0.0,1.0,0.0,0.0,0.0,0.0,0.0,0.0,0.0,0.0,0.0,0.0,0.0009890322467138602
MATR_b1c25,MATR,852,852,0,False,1.0793122790209826,1.0755278615384611,False,0.19931227902098247,False,852.0,1.0755278615384611,1.0785673037296073,1.0793122790209826,1.0795732363636399,,False,,False,,False,,False,852.0,False,,False,790.0,False,817.0,False,704.0,False,741.0,False,19.0,True,19.0,852.0,0.004211274825178801,True,0.002840943201913667,0.0021583095366860773,0.0008877265878418555,rollover,0.0,5.0,0.0,4.0,0.0,4.0,0.0,3.0,0.0,2.0,0.0,1.0,0.0,1.0,0.0,1.0,0.0,1.0,0.0,0.0,0.0008414311233067999
MATR_b1c26,MATR,868,868,0,False,1.091463445454549,1.0879792692307695,False,0.21146344545454898,False,868.0,1.0879792692307695,1.091162283449887,1.091463445454549,1.0915326480186518,,False,,False,,False,,False,868.0,False,,False,815.0,False,826.0,False,746.0,False,760.0,False,14.0,True,14.0,868.0,0.003553378787882311,True,0.00344518272515624,0.0015063367733127782,0.0007886205488066408,rollover,12.0,9.0,7.0,3.0,8.0,4.0,4.0,2.0,2.0,2.0,0.0,1.0,0.0,0.0,0.0,0.0,0.0,0.0,0.0,0.0,0.0006362085011182593
MATR_b1c27,MATR,840,840,0,False,1.08276243636364,1.0793470111888113,False,0.20276243636363978,False,840.0,1.0793470111888113,1.0823867400932436,1.08276243636364,1.0829269410256446,,False,,False,,False,,False,840.0,False,,False,791.0,False,810.0,False,720.0,False,749.0,False,14.0,True,14.0,840.0,0.0035799298368333066,True,0.0034461788721906065,0.001197373176169203,0.0006558185563967344,rollover,7.0,2.0,3.0,0.0,2.0,3.0,0.0,2.0,0.0,1.0,0.0,1.0,0.0,1.0,0.0,0.0,0.0,1.0,0.0,0.0,0.0005851022145937793
MATR_b1c28,MATR,858,858,0,False,1.0811753869463905,1.0781334916083913,False,0.20117538694639037,False,858.0,1.0781334916083913,1.0809689144522179,1.0811753869463905,1.0812670850815886,,False,,False,,False,,False,858.0,False,,False,792.0,False,816.0,False,714.0,False,742.0,False,20.0,True,20.0,858.0,0.0032806785547825346,True,0.0033000611329048013,0.0026790299548728825,0.0011231101182122662,rollover,3.0,2.0,2.0,1.0,0.0,1.0,0.0,0.0,0.0,0.0,0.0,0.0,0.0,0.0,0.0,0.0,0.0,0.0,0.0,0.0,0.001187476822699945
MATR_b1c29,MATR,915,915,0,False,1.0832527911421947,1.0797808335664336,False,0.20325279114219463,False,915.0,1.0797808335664336,1.082887275291379,1.0832527911421947,1.0834410482517518,,False,,False,,False,,False,915.0,False,,False,849.0,False,872.0,False,768.0,False,797.0,False,20.0,True,20.0,915.0,0.003859194172497693,True,0.0036939576477853777,0.001964504765480691,0.0008975220524225776,rollover,4.0,6.0,3.0,1.0,0.0,2.0,0.0,1.0,0.0,1.0,0.0,0.0,0.0,0.0,0.0,0.0,0.0,0.0,0.0,0.0,0.0008709917113206194
MATR_b1c3,MATR,1432,1432,0,False,1.0849810657342693,1.0800317251748255,False,0.20498106573426922,False,1432.0,1.0800317251748255,1.0842022668997706,1.0849810657342693,1.0857531456876495,,False,,False,,False,,False,1432.0,False,,False,1301.0,False,1345.0,False,1180.0,False,1221.0,False,20.0,True,20.0,1432.0,0.005979675524478756,True,0.0045804205763939196,0.0034858737685139027,0.0015277005817805015,rollover,7.0,7.0,7.0,3.0,4.0,3.0,1.0,1.0,1.0,4.0,0.0,4.0,0.0,0.0,0.0,0.0,0.0,0.0,0.0,0.0,0.0012744673823111168
MATR_b1c30,MATR,707,707,0,False,1.0838315762237798,1.080224300699301,False,0.20383157622377968,False,707.0,1.080224300699301,1.0834364053613088,1.0838315762237798,1.0838315762237798,,False,,False,,False,,False,707.0,False,,False,665.0,False,678.0,False,614.0,False,632.0,False,20.0,True,20.0,707.0,0.0036072755244787036,True,0.004530092692597064,0.0020916554537506174,0.0007634097727897823,rollover,1.0,2.0,1.0,1.0,1.0,1.0,1.0,0.0,0.0,0.0,0.0,0.0,0.0,0.0,0.0,0.0,0.0,0.0,0.0,0.0,0.0008284362688941002
MATR_b1c31,MATR,874,874,0,False,1.0983169682983722,1.09500627972028,False,0.2183169682983721,False,874.0,1.09500627972028,1.0982344139860178,1.0983169682983722,1.0983169682983722,,False,,False,,False,,False,874.0,False,874.0,False,823.0,False,827.0,False,759.0,False,764.0,False,13.0,True,13.0,874.0,0.003310688578092247,True,0.004247946457217655,0.0022040931075030207,0.0008972590189478089,rollover,4.0,1.0,3.0,1.0,3.0,1.0,1.0,0.0,0.0,0.0,0.0,0.0,0.0,0.0,0.0,0.0,0.0,0.0,0.0,0.0,0.0008835246276259755
MATR_b1c32,MATR,729,729,0,False,1.0813510976690013,1.078123133566434,False,0.20135109766900117,False,729.0,1.078123133566434,1.0811238867132902,1.0813510976690013,1.0813510976690013,,False,,False,,False,,False,729.0,False,,False,675.0,False,694.0,False,617.0,False,638.0,False,20.0,True,20.0,729.0,0.003395782051285101,True,0.0034928242618764683,0.0024384129583650263,0.001054364301618939,rollover,2.0,2.0,2.0,0.0,0.0,0.0,0.0,0.0,0.0,0.0,0.0,0.0,0.0,0.0,0.0,0.0,0.0,0.0,0.0,0.0,0.001290148257622942
MATR_b1c33,MATR,755,755,0,False,1.0965167762237797,1.0928354300699297,False,0.21651677622377963,False,755.0,1.0928354300699297,1.0962922261072299,1.0965167762237797,1.0965167762237797,,False,,False,,False,,False,755.0,False,755.0,False,702.0,False,708.0,False,645.0,False,652.0,False,15.0,False,15.0,755.0,0.0038153333333372785,True,0.003394816151741466,0.0020062104203066354,0.0008451362407489982,rollover,4.0,5.0,4.0,3.0,3.0,1.0,2.0,0.0,1.0,1.0,1.0,0.0,1.0,1.0,1.0,0.0,0.0,0.0,0.0,0.0,0.0007997834957565927
MATR_b1c34,MATR,740,740,0,False,1.0804175680652717,1.0769782811188813,False,0.20041756806527156,False,740.0,1.0769782811188813,1.0799655121212157,1.0804175680652717,1.08101445641026,,False,,False,,False,,False,740.0,False,,False,697.0,False,713.0,False,647.0,False,667.0,False,14.0,True,14.0,740.0,0.0042933447552482296,True,0.004573872021732062,0.0018421856044818791,0.0010853629678952209,rollover,2.0,2.0,1.0,2.0,1.0,1.0,1.0,0.0,1.0,0.0,1.0,0.0,0.0,0.0,0.0,0.0,0.0,0.0,0.0,0.0,0.0010713869696005799
MATR_b1c35,MATR,701,701,0,False,1.0745774247086284,1.0711045055944053,False,0.19457742470862827,False,701.0,1.0711045055944053,1.0742225312354348,1.0745774247086284,1.0754368969697006,,False,,False,,False,,False,701.0,False,,False,652.0,False,675.0,False,595.0,False,623.0,False,14.0,True,14.0,701.0,0.004569719347323309,True,0.0025303283182346267,0.001909603049236751,0.0007357002889669718,rollover,0.0,2.0,0.0,1.0,0.0,1.0,0.0,1.0,0.0,0.0,0.0,0.0,0.0,0.0,0.0,0.0,0.0,0.0,0.0,0.0,0.0009185293022759002
MATR_b1c36,MATR,702,702,0,False,1.0819264717948753,1.078183753146853,False,0.20192647179487522,False,702.0,1.078183753146853,1.0815079340326377,1.0819264717948753,1.0819891139860176,,False,,False,,False,,False,702.0,False,,False,652.0,False,670.0,False,597.0,False,617.0,False,18.0,True,18.0,702.0,0.004104549417253134,True,0.0032523364315587837,0.002553174736599106,0.0009491859276742063,rollover,1.0,1.0,1.0,1.0,0.0,0.0,0.0,0.0,0.0,0.0,0.0,0.0,0.0,0.0,0.0,0.0,0.0,0.0,0.0,0.0,0.001067136336324997
MATR_b1c37,MATR,646,646,0,False,1.078749237529141,1.0751396951048953,False,0.19874923752914087,False,646.0,1.0751396951048953,1.0782734599067634,1.078749237529141,1.0788774606060643,,False,,False,,False,,False,646.0,False,,False,603.0,False,622.0,False,548.0,False,572.0,False,18.0,True,18.0,646.0,0.004050552214455605,True,0.0032355875816020897,0.002099942440991424,0.0007892129190344547,rollover,0.0,1.0,0.0,1.0,0.0,1.0,0.0,0.0,0.0,0.0,0.0,0.0,0.0,0.0,0.0,0.0,0.0,0.0,0.0,0.0,0.0009805423022921401
MATR_b1c38,MATR,615,615,0,False,1.0764563393939428,1.0731666699300701,False,0.1964563393939427,False,615.0,1.0731666699300701,1.0761912631701667,1.0764563393939428,1.0764802617715654,,False,,False,,False,,False,615.0,False,,False,573.0,False,592.0,False,528.0,False,548.0,False,19.0,True,19.0,615.0,0.003313591841495267,True,0.00369265522748498,0.002302469589835691,0.0013780316064688478,rollover,3.0,0.0,2.0,0.0,0.0,0.0,0.0,0.0,0.0,0.0,0.0,0.0,0.0,0.0,0.0,0.0,0.0,0.0,0.0,0.0,0.001783811162592904
MATR_b1c39,MATR,623,623,0,False,1.0860723601398639,1.0821603916083913,False,0.20607236013986374,False,623.0,1.0821603916083913,1.0856903116550154,1.0860723601398639,1.086315841491845,,False,,False,,False,,False,623.0,False,,False,580.0,False,592.0,False,534.0,False,548.0,False,20.0,False,20.0,623.0,0.004155755011658879,True,0.0033289261835360855,0.0026800962525527668,0.001176543132474096,rollover,0.0,1.0,0.0,1.0,1.0,0.0,0.0,0.0,0.0,0.0,0.0,0.0,0.0,0.0,0.0,0.0,0.0,0.0,0.0,0.0,0.001392674876166501
MATR_b1c4,MATR,1707,1707,0,False,1.0828334538461575,1.078335218881119,False,0.20283345384615736,False,1707.0,1.078335218881119,1.0818543305361341,1.0828334538461575,1.0835486142191177,,False,,False,,False,,False,1707.0,False,,False,1570.0,False,1619.0,False,1406.0,False,1468.0,False,20.0,True,20.0,1707.0,0.005767561771565344,True,0.005021159957786574,0.0017687148020984732,0.0015076200391271155,rollover,4.0,6.0,4.0,3.0,5.0,3.0,1.0,1.0,7.0,1.0,3.0,0.0,1.0,1.0,0.0,1.0,0.0,0.0,0.0,0.0,0.001085957485232386
MATR_b1c40,MATR,964,964,0,False,1.0874031818181855,1.0836753895104898,False,0.2074031818181854,False,964.0,1.0836753895104898,1.0872075557109593,1.0874031818181855,1.087657435431239,,False,,False,,False,,False,964.0,False,,False,901.0,False,920.0,False,813.0,False,839.0,False,20.0,True,20.0,964.0,0.003982045920749133,True,0.002725440558127816,0.0008368556232364029,0.0005073364077580968,rollover,9.0,4.0,5.0,3.0,5.0,2.0,4.0,1.0,3.0,2.0,2.0,1.0,1.0,2.0,0.0,1.0,0.0,2.0,0.0,1.0,0.0004416376774805762
MATR_b1c41,MATR,1049,1049,0,False,1.083128194405598,1.0793120965034964,False,0.20312819440559782,False,1049.0,1.0793120965034964,1.0828994195804231,1.083128194405598,1.083611845221449,,False,,False,,False,,False,1049.0,False,,False,980.0,False,1005.0,False,888.0,False,923.0,False,20.0,True,20.0,1049.0,0.004368436363640038,True,0.0044390794065979075,0.0016165339173286612,0.0010526211316738573,rollover,0.0,1.0,0.0,1.0,0.0,0.0,0.0,0.0,0.0,0.0,0.0,0.0,0.0,0.0,0.0,0.0,0.0,0.0,0.0,0.0,0.0013733709006230473
MATR_b1c42,MATR,700,700,0,False,1.084126252214456,1.0803204608391612,False,0.2041262522144558,False,700.0,1.0803204608391612,1.0837894041958078,1.084126252214456,1.08448526643357,,False,,False,,False,,False,700.0,False,,False,644.0,False,662.0,False,581.0,False,603.0,False,19.0,True,19.0,700.0,0.004347235897439239,True,0.0026398191177554133,0.00276896653159032,0.0007550617254929706,rollover,1.0,0.0,1.0,0.0,0.0,1.0,0.0,1.0,0.0,0.0,0.0,0.0,0.0,0.0,0.0,0.0,0.0,0.0,0.0,0.0,0.0009106602798735373
MATR_b1c43,MATR,649,649,0,False,1.0716266890442927,1.0685591825174825,False,0.1916266890442926,False,649.0,1.0685591825174825,1.0715153692307728,1.0716266890442927,1.0716266890442927,,False,,False,,False,,False,649.0,False,,False,601.0,False,626.0,False,544.0,False,574.0,False,15.0,True,15.0,649.0,0.003067506526810204,True,0.003522583172497417,0.0027013512590244506,0.0009045526235600363,rollover,1.0,1.0,1.0,1.0,0.0,0.0,0.0,0.0,0.0,0.0,0.0,0.0,0.0,0.0,0.0,0.0,0.0,0.0,0.0,0.0,0.0009997119168924104
MATR_b1c44,MATR,614,614,0,False,1.088312417249421,1.0851293657342658,False,0.20831241724942084,False,614.0,1.0851293657342658,1.0882764871794908,1.088312417249421,1.088312417249421,,False,,False,,False,,False,614.0,False,,False,562.0,False,575.0,False,506.0,False,521.0,False,13.0,True,13.0,614.0,0.0031830515151551886,True,0.0025309800192812974,0.002696628575504137,0.0007230984608200965,rollover,2.0,0.0,1.0,0.0,0.0,0.0,0.0,0.0,0.0,0.0,0.0,0.0,0.0,0.0,0.0,0.0,0.0,0.0,0.0,0.0,0.0008775743059611622
MATR_b1c45,MATR,597,597,0,False,1.0878406757575796,1.0843047762237767,False,0.20784067575757947,False,597.0,1.0843047762237767,1.0876095242424277,1.0878406757575796,1.0878406757575796,,False,,False,,False,,False,597.0,False,,False,551.0,False,563.0,False,502.0,False,515.0,False,20.0,True,20.0,597.0,0.003942134265737307,True,0.0026524949862829815,0.002675175222221542,0.0009010654276619117,rollover,0.0,2.0,0.0,0.0,0.0,0.0,0.0,0.0,0.0,0.0,0.0,0.0,0.0,0.0,0.0,0.0,0.0,0.0,0.0,0.0,0.0010997013933680445
MATR_b1c5,MATR,1072,1071,1,False,1.0803666487179524,1.0760026384615384,False,0.2003666487179523,False,1071.0,1.0760026384615384,1.0802906375291412,1.0803666487179524,1.0809871589743627,,False,,False,,False,,False,1071.0,False,,False,1018.0,False,1039.0,False,943.0,False,980.0,False,20.0,True,20.0,1071.0,0.005817834265738009,True,0.006450838485159734,0.0016997243304779047,0.0016838141074784537,rollover,0.0,1.0,0.0,0.0,0.0,0.0,0.0,0.0,0.0,0.0,0.0,0.0,0.0,0.0,0.0,0.0,0.0,0.0,0.0,0.0,0.002139317149090563
MATR_b1c6,MATR,634,634,0,False,1.0817062920745957,1.0760879349650352,False,0.20170629207459556,False,634.0,1.0760879349650352,1.0810895072261109,1.0817062920745957,1.0820901256410294,,False,,False,,False,,False,634.0,False,,False,601.0,False,613.0,False,556.0,False,578.0,False,20.0,True,20.0,634.0,0.006002190675994168,True,0.00615753464251222,0.0011103772986136124,0.0009518051324452357,rollover,1.0,0.0,1.0,0.0,1.0,1.0,1.0,1.0,1.0,1.0,0.0,1.0,0.0,0.0,0.0,0.0,0.0,0.0,0.0,0.0,0.0011084987679968329
MATR_b1c7,MATR,868,868,0,False,1.097762040326344,1.0941548832167836,False,0.21776204032634383,False,868.0,1.0941548832167836,1.097762040326344,1.097762040326344,1.097933085314689,,False,,False,,False,,False,868.0,False,868.0,False,813.0,False,818.0,False,746.0,False,754.0,False,7.0,True,7.0,868.0,0.0037782020979053588,True,0.0034763057877106288,0.0013806998731414515,0.0007631052924635148,rollover,2.0,6.0,2.0,2.0,2.0,5.0,2.0,3.0,2.0,2.0,2.0,1.0,1.0,2.0,1.0,1.0,0.0,2.0,0.0,1.0,0.0006141877682337251
MATR_b1c8,MATR,877,877,0,False,1.0950940948717987,1.0903108944055948,False,0.21509409487179854,False,,1.0903108944055948,1.0943193487179523,1.0950940948717987,1.0954002172494208,,False,,False,,False,,False,,False,,False,,False,,False,840.0,False,856.0,False,20.0,False,20.0,877.0,0.005386692773895918,True,0.0032363736596093223,0.0009062481460643393,0.0008563217744528187,rollover,6.0,5.0,6.0,3.0,6.0,7.0,3.0,4.0,2.0,2.0,2.0,1.0,3.0,1.0,2.0,0.0,0.0,1.0,0.0,0.0,0.0006885063044245149
MATR_b1c9,MATR,1052,1052,0,False,1.0876293834498871,1.0829975902097908,False,0.20762938344988702,False,1052.0,1.0829975902097908,1.0868354109557146,1.0876293834498871,1.088301979487183,,False,,False,,False,,False,1052.0,False,,False,995.0,False,1012.0,False,903.0,False,932.0,False,20.0,True,20.0,1052.0,0.005750127738930688,True,0.003839580326428718,0.0009015012826397589,0.0008306141539151954,rollover,3.0,7.0,3.0,3.0,1.0,2.0,1.0,1.0,0.0,2.0,0.0,1.0,0.0,0.0,0.0,0.0,0.0,0.0,0.0,0.0,0.0007905948484299048
MATR_b2c0,MATR,325,325,0,False,1.0730828268065304,1.0707877006993007,False,0.19308282680653033,False,299.0,1.0707877006993007,1.0730828268065304,1.0730828268065304,1.0730828268065304,,False,,False,325.0,False,,False,299.0,False,311.0,False,248.0,False,277.0,False,181.0,False,215.0,False,6.0,False,6.0,299.0,0.004716003962703885,True,0.001957406581155859,0.0018435622870217768,0.0018741211517915868,two_term_exponential,4.0,3.0,0.0,2.0,0.0,2.0,0.0,1.0,0.0,2.0,0.0,1.0,0.0,1.0,0.0,0.0,0.0,1.0,0.0,0.0,0.0014340757688472048
MATR_b2c1,MATR,169,169,0,False,1.0729408174825175,1.0729408174825175,False,0.19294081748251735,False,147.0,1.0729408174825175,1.0729408174825175,1.0729408174825175,1.0729408174825175,,False,,False,169.0,False,,False,147.0,False,157.0,False,119.0,False,131.0,False,84.0,False,101.0,False,1.0,False,1.0,147.0,0.0,True,0.0012997434962058185,0.0009005349645223432,0.0009360552006265616,two_term_exponential,0.0,0.0,0.0,0.0,0.0,0.0,0.0,0.0,0.0,0.0,0.0,0.0,0.0,0.0,0.0,0.0,0.0,0.0,0.0,0.0,0.0010529598279833924
MATR_b2c10,MATR,595,594,1,False,1.0738626494172532,1.069494112587413,False,0.19386264941725306,False,559.0,1.069494112587413,1.073235197202801,1.0738626494172532,1.0738626494172532,,False,,False,594.0,False,,False,559.0,False,575.0,False,508.0,False,534.0,False,421.0,False,470.0,False,19.0,False,19.0,559.0,0.004368536829840286,True,0.004307612692320535,0.0006794722588485898,0.0006811271868209216,two_term_exponential,0.0,1.0,0.0,1.0,0.0,1.0,0.0,1.0,0.0,2.0,0.0,1.0,0.0,1.0,0.0,1.0,0.0,1.0,0.0,1.0,0.0006657400600294945
MATR_b2c11,MATR,504,503,1,False,1.0757885573426609,1.072076329370629,False,0.19578855734266076,False,475.0,1.072076329370629,1.0751612559440595,1.0757885573426609,1.075815914452218,,False,,False,503.0,False,,False,475.0,False,486.0,False,438.0,False,457.0,False,371.0,False,406.0,False,20.0,False,20.0,475.0,0.003739585081588892,True,0.0033869677667564702,0.0010074343100869546,0.0010489105993265566,two_term_exponential,0.0,2.0,0.0,2.0,1.0,3.0,0.0,3.0,0.0,3.0,0.0,2.0,0.0,1.0,0.0,1.0,0.0,1.0,0.0,1.0,0.000891892290510524
MATR_b2c12,MATR,490,489,1,False,1.074213560372964,1.0715449734265738,False,0.19421356037296378,False,456.0,1.0715449734265738,1.0741089538461575,1.074213560372964,1.074213560372964,,False,,False,489.0,False,,False,456.0,False,470.0,False,410.0,False,434.0,False,318.0,False,367.0,False,14.0,False,14.0,456.0,0.0026685869463900502,True,0.004207913151084833,0.0012611794945044405,0.001246882443147605,rollover,0.0,2.0,0.0,2.0,0.0,1.0,0.0,1.0,0.0,1.0,0.0,1.0,0.0,0.0,0.0,0.0,0.0,0.0,0.0,0.0,0.001346276306967191
MATR_b2c13,MATR,519,519,0,False,1.0831339678321714,1.080748500699301,False,0.2031339678321713,False,482.0,1.080748500699301,1.0831127177156212,1.0831339678321714,1.0831339678321714,,False,,False,519.0,False,,False,482.0,False,493.0,False,442.0,False,454.0,False,383.0,False,407.0,False,15.0,False,15.0,482.0,0.005738246153846216,True,0.006317098694488603,0.0015229547887796243,0.0013169623081832524,rollover,2.0,0.0,2.0,0.0,1.0,1.0,1.0,0.0,1.0,1.0,1.0,1.0,1.0,1.0,0.0,1.0,0.0,1.0,0.0,1.0,0.0007043097416276079
MATR_b2c14,MATR,508,508,0,False,1.0825336011655047,1.0785424734265736,False,0.20253360116550456,False,484.0,1.0785424734265736,1.0818218920745957,1.0825336011655047,1.082852773426577,,False,,False,508.0,False,,False,484.0,False,492.0,False,455.0,False,465.0,False,417.0,False,433.0,False,18.0,False,18.0,484.0,0.00431030000000332,True,0.004197856316475096,0.0011032794142140539,0.001106069238341171,two_term_exponential,1.0,2.0,0.0,1.0,0.0,0.0,0.0,0.0,0.0,0.0,0.0,0.0,0.0,0.0,0.0,0.0,0.0,0.0,0.0,0.0,0.001434526782535623
MATR_b2c17,MATR,524,524,0,False,1.0746564020979057,1.067748309090909,False,0.19465640209790558,False,493.0,1.067748309090909,1.072393284615388,1.0746564020979057,1.0761996307692343,,False,,False,524.0,False,,False,493.0,False,508.0,False,460.0,False,476.0,False,415.0,False,442.0,False,19.0,False,19.0,493.0,0.0169814505827508,False,0.004930776505290604,0.002362189158121367,0.0023505741677896817,rollover,1.0,5.0,0.0,2.0,1.0,2.0,0.0,1.0,0.0,2.0,0.0,1.0,0.0,2.0,0.0,1.0,0.0,2.0,0.0,1.0,0.0015702047641356015
MATR_b2c18,MATR,522,522,0,False,1.067379839393943,1.0641967489510487,False,0.18737983939394298,False,486.0,1.0641967489510487,1.0665763738927774,1.067379839393943,1.067379839393943,,False,,False,522.0,False,,False,486.0,False,505.0,False,446.0,False,468.0,False,374.0,False,425.0,False,18.0,False,18.0,486.0,0.003183090442894443,True,0.005819109568739787,0.0010971176100527905,0.0010812520284365845,rollover,1.0,4.0,0.0,3.0,1.0,1.0,0.0,1.0,1.0,0.0,0.0,0.0,0.0,0.0,0.0,0.0,0.0,0.0,0.0,0.0,0.0010580144116233152
MATR_b2c19,MATR,488,488,0,False,1.049446110489514,1.0480099615384617,False,0.16944611048951397,False,461.0,1.0480099615384617,1.049446110489514,1.049446110489514,1.049446110489514,,False,,False,488.0,False,,False,461.0,False,482.0,False,420.0,False,454.0,False,296.0,False,411.0,False,6.0,False,6.0,461.0,0.001436148951052374,True,0.0065246023709133495,0.0006810759152856599,0.0005149076458260178,rollover,0.0,4.0,0.0,2.0,0.0,2.0,0.0,2.0,0.0,3.0,0.0,2.0,0.0,2.0,0.0,2.0,0.0,2.0,0.0,2.0,0.00037491261830801035
MATR_b2c2,MATR,463,463,0,False,1.0788818755244791,1.0742747895104898,False,0.198881875524479,False,437.0,1.0742747895104898,1.0777519118881154,1.0788818755244791,1.0796153377622413,,False,,False,463.0,False,,False,437.0,False,447.0,False,411.0,False,422.0,False,372.0,False,392.0,False,20.0,False,20.0,437.0,0.0053405482517514535,True,0.004812850402202562,0.0013866646936823545,0.001390923702158143,two_term_exponential,0.0,2.0,0.0,2.0,0.0,1.0,0.0,0.0,0.0,0.0,0.0,0.0,0.0,0.0,0.0,0.0,0.0,0.0,0.0,0.0,0.001661362309891734
MATR_b2c20,MATR,530,529,1,False,1.0888189480186514,1.083628142657343,False,0.2088189480186513,False,500.0,1.083628142657343,1.087345621445225,1.0888189480186514,1.0891970228438266,,False,,False,529.0,False,,False,500.0,False,507.0,False,466.0,False,474.0,False,420.0,False,434.0,False,19.0,False,19.0,500.0,0.005568880186483494,True,0.003188597553750378,0.0007326837656804662,0.0007126283860850155,rollover,1.0,4.0,1.0,2.0,1.0,4.0,1.0,2.0,1.0,1.0,0.0,0.0,1.0,1.0,0.0,0.0,0.0,0.0,0.0,0.0,0.0006876998445414411
MATR_b2c21,MATR,519,519,0,False,1.0818682671328708,1.077331827972028,False,0.20186826713287065,False,488.0,1.077331827972028,1.0809681018648054,1.0818682671328708,1.0818682671328708,,False,,False,519.0,False,,False,488.0,False,498.0,False,456.0,False,468.0,False,400.0,False,426.0,False,18.0,False,18.0,488.0,0.004536439160842676,True,0.004672559606034795,0.0010316404719356606,0.0010457177388337375,two_term_exponential,0.0,3.0,0.0,2.0,0.0,2.0,0.0,1.0,0.0,0.0,0.0,0.0,0.0,0.0,0.0,0.0,0.0,0.0,0.0,0.0,0.0011433467940692994
MATR_b2c22,MATR,539,538,1,False,1.0848692850815889,1.0802457251748252,False,0.20486928508158875,False,511.0,1.0802457251748252,1.083939211421915,1.0848692850815889,1.0852928107226143,,False,,False,538.0,False,,False,511.0,False,519.0,False,478.0,False,489.0,False,436.0,False,452.0,False,20.0,False,20.0,511.0,0.005047085547789099,True,0.004542593528991431,0.0011373965453629021,0.0011208063108158438,rollover,1.0,1.0,1.0,1.0,1.0,1.0,0.0,0.0,0.0,0.0,0.0,0.0,0.0,0.0,0.0,0.0,0.0,0.0,0.0,0.0,0.0013500435158641888
MATR_b2c23,MATR,561,561,0,False,1.0779876869463905,1.0752028188811187,False,0.19798768694639035,False,526.0,1.0752028188811187,1.0778844972028008,1.0779876869463905,1.0779876869463905,,False,,False,561.0,False,,False,526.0,False,539.0,False,487.0,False,502.0,False,436.0,False,461.0,False,13.0,False,13.0,526.0,0.002784868065271784,True,0.004933858449141275,0.0011013388440358706,0.000649672377908262,rollover,1.0,3.0,1.0,2.0,1.0,3.0,1.0,2.0,1.0,2.0,0.0,2.0,1.0,1.0,0.0,0.0,1.0,0.0,0.0,0.0,0.0006153989892714872
MATR_b2c24,MATR,523,523,0,False,1.0724225086247121,1.0682985706293702,False,0.192422508624712,False,494.0,1.0682985706293702,1.0712686645687681,1.0724225086247121,1.0732748009324045,,False,,False,523.0,False,,False,494.0,False,509.0,False,462.0,False,478.0,False,422.0,False,446.0,False,20.0,False,20.0,494.0,0.00497623030303429,True,0.004081126218582767,0.0013459307814988014,0.0013028845936826842,rollover,1.0,1.0,1.0,1.0,1.0,0.0,1.0,0.0,1.0,0.0,0.0,0.0,0.0,0.0,0.0,0.0,0.0,0.0,0.0,0.0,0.0014914114987769234
MATR_b2c25,MATR,486,486,0,False,1.071927690442894,1.0677823664335664,False,0.19192769044289393,False,460.0,1.0677823664335664,1.0711493491841528,1.071927690442894,1.0719517778554815,,False,,False,486.0,False,,False,460.0,False,473.0,False,430.0,False,445.0,False,380.0,False,411.0,False,19.0,False,19.0,460.0,0.00416941142191507,True,0.00504076595762648,0.001170192425498373,0.0011694599624762587,rollover,0.0,0.0,0.0,0.0,0.0,1.0,0.0,1.0,0.0,1.0,0.0,1.0,0.0,0.0,0.0,0.0,0.0,0.0,0.0,0.0,0.0012802113797582306
MATR_b2c26,MATR,497,497,0,False,1.0821731620046655,1.0774440650349655,False,0.2021731620046654,False,470.0,1.0774440650349655,1.0815187146853185,1.0821731620046655,1.082413339393943,,False,,False,497.0,False,,False,470.0,False,479.0,False,438.0,False,450.0,False,387.0,False,410.0,False,19.0,False,19.0,470.0,0.004969274358977538,True,0.004558008627691963,0.0010772261312273542,0.0010905466377104725,two_term_exponential,0.0,1.0,0.0,1.0,0.0,2.0,0.0,1.0,0.0,2.0,0.0,1.0,0.0,1.0,0.0,0.0,0.0,1.0,0.0,0.0,0.0010926637833649974
MATR_b2c27,MATR,494,494,0,False,1.071101937529141,1.0663392650349655,False,0.19110193752914095,False,467.0,1.0663392650349655,1.0700059370629407,1.071101937529141,1.0716433438228474,,False,,False,494.0,False,,False,467.0,False,481.0,False,436.0,False,452.0,False,392.0,False,420.0,False,18.0,False,18.0,467.0,0.005304078787881972,True,0.0040544939124439495,0.0011498825593212268,0.0011510385021105897,two_term_exponential,1.0,1.0,0.0,1.0,0.0,0.0,0.0,0.0,0.0,0.0,0.0,0.0,0.0,0.0,0.0,0.0,0.0,0.0,0.0,0.0,0.0015096965920143703
MATR_b2c28,MATR,540,539,1,False,1.0771009006993044,1.0721546853146853,False,0.1971009006993043,False,509.0,1.0721546853146853,1.0759561391608428,1.0771009006993044,1.0776069930069967,,False,,False,539.0,False,,False,509.0,False,522.0,False,476.0,False,490.0,False,434.0,False,457.0,False,20.0,False,20.0,509.0,0.005612359440563042,True,0.0033045350455705017,0.0014479584200402277,0.0014057661578703183,rollover,1.0,5.0,0.0,2.0,1.0,2.0,0.0,0.0,1.0,1.0,0.0,0.0,0.0,0.0,0.0,0.0,0.0,0.0,0.0,0.0,0.0011953376526062506
MATR_b2c29,MATR,521,521,0,False,1.0777096389277425,1.0729747923076924,False,0.1977096389277424,False,497.0,1.0729747923076924,1.076288208624712,1.0777096389277425,1.0789160764568801,,False,,False,521.0,False,,False,497.0,False,507.0,False,468.0,False,480.0,False,435.0,False,451.0,False,20.0,False,20.0,497.0,0.006356320279720107,True,0.004214462764420823,0.0015874038229657828,0.0014631698272174697,rollover,1.0,2.0,1.0,1.0,1.0,1.0,0.0,0.0,1.0,1.0,0.0,0.0,0.0,0.0,0.0,0.0,0.0,0.0,0.0,0.0,0.001322529062516842
MATR_b2c3,MATR,360,360,0,False,1.0686717219114255,1.0671495125874124,False,0.18867172191142534,False,334.0,1.0671495125874124,1.0686717219114255,1.0686717219114255,1.0686717219114255,,False,,False,360.0,False,,False,334.0,False,347.0,False,286.0,False,314.0,False,205.0,False,246.0,False,6.0,False,6.0,334.0,0.00816231170163173,True,0.0025583100639407583,0.0025737020136653308,0.002631180008786994,power_law,0.0,0.0,0.0,0.0,0.0,0.0,0.0,0.0,2.0,0.0,2.0,0.0,1.0,1.0,0.0,1.0,3.0,1.0,1.0,1.0,0.0009461207783927337
MATR_b2c30,MATR,506,506,0,False,1.0723456801864837,1.0675460265734271,False,0.19234568018648357,False,480.0,1.0675460265734271,1.071207021445225,1.0723456801864837,1.0730635340326375,,False,,False,506.0,False,,False,480.0,False,493.0,False,450.0,False,465.0,False,408.0,False,434.0,False,20.0,False,20.0,480.0,0.0055175074592104245,True,0.0043320439608195895,0.001209044387734063,0.0012117168586105937,two_term_exponential,1.0,1.0,0.0,1.0,0.0,1.0,0.0,1.0,0.0,0.0,0.0,0.0,0.0,0.0,0.0,0.0,0.0,0.0,0.0,0.0,0.0013889651118823717
MATR_b2c31,MATR,518,518,0,False,1.0792844965035,1.0737227027972032,False,0.19928449650349989,False,491.0,1.0737227027972032,1.07840974638695,1.0792844965035,1.0799908389277426,,False,,False,518.0,False,,False,491.0,False,502.0,False,461.0,False,473.0,False,421.0,False,440.0,False,20.0,False,20.0,491.0,0.006271311655015044,True,0.002865542066555114,0.0010265344185306632,0.0008304538881387124,rollover,1.0,1.0,1.0,1.0,1.0,1.0,0.0,0.0,0.0,0.0,0.0,0.0,0.0,0.0,0.0,0.0,0.0,0.0,0.0,0.0,0.0010809546122146807
MATR_b2c32,MATR,543,543,0,False,1.079654732400936,1.0746993209790203,False,0.1996547324009359,False,518.0,1.0746993209790203,1.0784244186480223,1.079654732400936,1.0805932627039665,,False,,False,543.0,False,,False,518.0,False,528.0,False,487.0,False,499.0,False,450.0,False,467.0,False,17.0,False,17.0,518.0,0.0064120058275058955,True,0.003867180557058346,0.0019334392696376877,0.0018911377667404539,rollover,5.0,5.0,3.0,1.0,1.0,2.0,0.0,0.0,1.0,3.0,0.0,1.0,1.0,3.0,0.0,2.0,0.0,3.0,0.0,2.0,0.001332541780484459
MATR_b2c33,MATR,545,545,0,False,1.0845473414918452,1.079420895104895,False,0.20454734149184506,False,519.0,1.079420895104895,1.083320899533803,1.0845473414918452,1.0851767004662043,,False,,False,545.0,False,,False,519.0,False,528.0,False,489.0,False,498.0,False,455.0,False,467.0,False,19.0,False,19.0,519.0,0.005891096503500393,True,0.004005258510641661,0.0016468482864545233,0.0011644482322565198,rollover,1.0,0.0,1.0,0.0,1.0,0.0,1.0,0.0,0.0,0.0,0.0,0.0,0.0,0.0,0.0,0.0,0.0,0.0,0.0,0.0,0.0014015670168599382
MATR_b2c34,MATR,525,525,0,False,1.0747136470862508,1.0690936825174826,False,0.19471364708625072,False,498.0,1.0690936825174826,1.0734785498834536,1.0747136470862508,1.0754970641025676,,False,,False,525.0,False,,False,498.0,False,511.0,False,469.0,False,483.0,False,436.0,False,454.0,False,17.0,False,17.0,498.0,0.006403381585085022,True,0.004515516198029027,0.0014813652652912001,0.001243716736864707,rollover,1.0,3.0,1.0,2.0,1.0,0.0,0.0,0.0,1.0,0.0,0.0,0.0,1.0,0.0,0.0,0.0,0.0,0.0,0.0,0.0,0.0013745043116786533
MATR_b2c35,MATR,485,485,0,False,1.0738122151515188,1.0688808804195808,False,0.1938122151515187,False,462.0,1.0688808804195808,1.0726334675990712,1.0738122151515188,1.0743904906759942,,False,,False,485.0,False,,False,462.0,False,473.0,False,436.0,False,448.0,False,396.0,False,420.0,False,17.0,False,17.0,462.0,0.005509610256413389,True,0.005034561834732487,0.0013429707554380645,0.0013398437498098718,rollover,0.0,1.0,0.0,1.0,0.0,1.0,0.0,1.0,0.0,0.0,0.0,0.0,0.0,0.0,0.0,0.0,0.0,0.0,0.0,0.0,0.0016404804375442052
MATR_b2c36,MATR,559,559,0,False,1.0851975307692343,1.0794738041958039,False,0.2051975307692342,False,533.0,1.0794738041958039,1.0835697456876492,1.0851975307692343,1.0859382407925444,,False,,False,559.0,False,,False,533.0,False,542.0,False,502.0,False,512.0,False,463.0,False,478.0,False,20.0,False,20.0,533.0,0.006464436596740564,True,0.0030568366042598126,0.0011648562383520355,0.0009613205675410755,rollover,1.0,2.0,1.0,1.0,0.0,0.0,0.0,0.0,0.0,0.0,0.0,0.0,0.0,0.0,0.0,0.0,0.0,0.0,0.0,0.0,0.001124072737106209
MATR_b2c37,MATR,501,500,1,False,1.080121601398605,1.0752312699300703,False,0.2001216013986049,False,477.0,1.0752312699300703,1.0788164710955748,1.080121601398605,1.0813604958041994,,False,,False,500.0,False,,False,477.0,False,486.0,False,449.0,False,460.0,False,417.0,False,431.0,False,20.0,False,20.0,477.0,0.006378324242427347,True,0.003795612026138676,0.001408731666085496,0.0011023489241020613,rollover,0.0,0.0,0.0,0.0,0.0,0.0,0.0,0.0,0.0,0.0,0.0,0.0,0.0,0.0,0.0,0.0,0.0,0.0,0.0,0.0,0.0015279474472191703
MATR_b2c38,MATR,486,486,0,False,1.0748100869463906,1.0701755720279718,False,0.19481008694639046,False,464.0,1.0701755720279718,1.073865358508162,1.0748100869463906,1.07559465641026,,False,,False,486.0,False,,False,464.0,False,474.0,False,439.0,False,451.0,False,406.0,False,425.0,False,20.0,False,20.0,464.0,0.005436212121215922,True,0.004309810989356693,0.0010913482240318985,0.001094944234513675,two_term_exponential,1.0,3.0,0.0,1.0,1.0,2.0,0.0,1.0,0.0,1.0,0.0,0.0,0.0,1.0,0.0,0.0,0.0,1.0,0.0,0.0,0.0011878402842192242
MATR_b2c39,MATR,479,479,0,False,1.0855229659673693,1.0786252020979024,False,0.2055229659673692,False,458.0,1.0786252020979024,1.084287287412591,1.0855229659673693,1.086671088111892,,False,,False,479.0,False,,False,458.0,False,465.0,False,433.0,False,442.0,False,405.0,False,416.0,False,20.0,False,20.0,458.0,0.008136111421914727,True,0.004441095347986899,0.0012651052434133922,0.0012425839485190337,rollover,1.0,4.0,1.0,0.0,1.0,0.0,1.0,0.0,1.0,0.0,0.0,0.0,0.0,0.0,0.0,0.0,0.0,0.0,0.0,0.0,0.0014321140885429852
MATR_b2c4,MATR,470,469,1,False,1.0755664009324044,1.0733526783216787,False,0.1955664009324043,False,442.0,1.0733526783216787,1.0753534703962742,1.0755664009324044,1.0755664009324044,,False,,False,469.0,False,,False,442.0,False,452.0,False,405.0,False,422.0,False,337.0,False,372.0,False,15.0,False,15.0,442.0,0.0022137226107257213,True,0.004737842193246685,0.0010419189856748785,0.001043075746639982,two_term_exponential,0.0,1.0,0.0,1.0,0.0,2.0,0.0,2.0,0.0,1.0,0.0,1.0,0.0,1.0,0.0,0.0,0.0,0.0,0.0,0.0,0.0010677980877028404
MATR_b2c40,MATR,529,529,0,False,1.082547878321682,1.077379832167832,False,0.20254787832168186,False,498.0,1.077379832167832,1.081548692307696,1.082547878321682,1.082824615617719,,False,,False,529.0,False,,False,498.0,False,509.0,False,463.0,False,476.0,False,413.0,False,436.0,False,19.0,False,19.0,498.0,0.006615624941725073,True,0.004221452554999091,0.001675098180225459,0.0016825620124482,two_term_exponential,0.0,4.0,0.0,2.0,0.0,3.0,0.0,2.0,0.0,2.0,0.0,2.0,0.0,2.0,0.0,2.0,0.0,2.0,0.0,2.0,0.0012760292814271341
MATR_b2c41,MATR,451,451,0,False,1.0747969599067635,1.0689927559440555,False,0.19479695990676338,False,428.0,1.0689927559440555,1.0734287923076957,1.0747969599067635,1.0757703948717987,,False,,False,451.0,False,,False,428.0,False,439.0,False,403.0,False,415.0,False,368.0,False,388.0,False,20.0,False,20.0,428.0,0.00677763892774319,True,0.003330512762068905,0.0009943933862386547,0.0009948303409352682,two_term_exponential,1.0,2.0,1.0,2.0,1.0,1.0,0.0,1.0,0.0,1.0,0.0,0.0,0.0,0.0,0.0,0.0,0.0,0.0,0.0,0.0,0.0010928095006981443
MATR_b2c42,MATR,491,490,1,False,1.0832161708624746,1.0786826468531463,False,0.20321617086247445,False,464.0,1.0786826468531463,1.0820539806526843,1.0832161708624746,1.083984744289048,,False,,False,490.0,False,,False,464.0,False,472.0,False,433.0,False,443.0,False,399.0,False,412.0,False,20.0,False,20.0,464.0,0.005302097435901709,True,0.003048352900469554,0.0015970136519108593,0.001356879083238831,rollover,1.0,0.0,1.0,0.0,1.0,0.0,0.0,0.0,0.0,0.0,0.0,0.0,0.0,0.0,0.0,0.0,0.0,0.0,0.0,0.0,0.0016669472252206713
MATR_b2c43,MATR,486,486,0,False,1.0798463748251783,1.0741042118881121,False,0.1998463748251782,False,461.0,1.0741042118881121,1.0785008310023347,1.0798463748251783,1.080494568298372,,False,,False,486.0,False,,False,461.0,False,471.0,False,430.0,False,443.0,False,395.0,False,411.0,False,19.0,False,19.0,461.0,0.0063903564102598676,True,0.0031705703530822667,0.0012963977083574737,0.0012259801740734327,rollover,1.0,4.0,1.0,3.0,1.0,1.0,1.0,0.0,1.0,0.0,0.0,0.0,0.0,0.0,0.0,0.0,0.0,0.0,0.0,0.0,0.001307230352320039
MATR_b2c44,MATR,478,477,1,False,1.0762321946386981,1.0713530839160834,False,0.196232194638698,False,455.0,1.0713530839160834,1.074822305361309,1.0762321946386981,1.0770742969697005,,False,,False,477.0,False,,False,455.0,False,465.0,False,428.0,False,440.0,False,396.0,False,412.0,False,20.0,False,20.0,455.0,0.005748041724945807,True,0.003658717830449123,0.0013471385058434785,0.0011632571148841556,rollover,1.0,0.0,1.0,0.0,1.0,0.0,0.0,0.0,0.0,0.0,0.0,0.0,0.0,0.0,0.0,0.0,0.0,0.0,0.0,0.0,0.0014933967274268138
MATR_b2c45,MATR,513,513,0,False,1.0751993039627077,1.0708407342657347,False,0.19519930396270757,False,485.0,1.0708407342657347,1.074218444522148,1.0751993039627077,1.0754491100233134,,False,,False,513.0,False,,False,485.0,False,498.0,False,456.0,False,469.0,False,414.0,False,437.0,False,18.0,False,18.0,485.0,0.004608375757578775,True,0.004280200262236762,0.001070023037545313,0.001069633997461499,rollover,1.0,2.0,1.0,1.0,1.0,0.0,0.0,0.0,0.0,0.0,0.0,0.0,0.0,0.0,0.0,0.0,0.0,0.0,0.0,0.0,0.0012628459151616581
MATR_b2c46,MATR,448,448,0,False,1.0787512836829871,1.0730945363636368,False,0.198751283682987,False,429.0,1.0730945363636368,1.0775489962704,1.0787512836829871,1.0797611468531505,,False,,False,448.0,False,,False,429.0,False,437.0,False,407.0,False,417.0,False,380.0,False,393.0,False,20.0,False,20.0,429.0,0.006812108391611726,True,0.00490055490893057,0.0009993464178944084,0.000993154245628234,rollover,1.0,2.0,1.0,2.0,1.0,0.0,0.0,0.0,0.0,0.0,0.0,0.0,0.0,0.0,0.0,0.0,0.0,0.0,0.0,0.0,0.001149435231258679
MATR_b2c47,MATR,744,744,0,False,1.0501250871794907,1.0425019706293706,False,0.1701250871794906,False,712.0,1.0425019706293706,1.0489376412587448,1.0501250871794907,1.0502012293706329,,False,,False,744.0,False,,False,712.0,False,741.0,False,653.0,False,706.0,False,519.0,False,648.0,False,20.0,False,20.0,712.0,0.007699258741262316,True,0.005103555765696324,0.0009594386209890017,0.0009465427136892409,rollover,1.0,0.0,1.0,0.0,1.0,0.0,0.0,0.0,0.0,1.0,0.0,1.0,0.0,1.0,0.0,1.0,0.0,0.0,0.0,0.0,0.0010215250123474064
MATR_b2c5,MATR,506,506,0,False,1.0724442988345024,1.0683388587412592,False,0.19244429883450231,False,479.0,1.0683388587412592,1.0714647501165537,1.0724442988345024,1.0729110083916118,,False,,False,506.0,False,,False,479.0,False,492.0,False,448.0,False,463.0,False,406.0,False,430.0,False,20.0,False,20.0,479.0,0.004572149650352575,True,0.003961276758332196,0.001133150194415877,0.0011202589832378746,rollover,1.0,1.0,0.0,1.0,0.0,0.0,0.0,0.0,0.0,0.0,0.0,0.0,0.0,0.0,0.0,0.0,0.0,0.0,0.0,0.0,0.0014456120842529462
MATR_b2c6,MATR,544,543,1,False,1.0724161662004696,1.0691654622377624,False,0.19241616620046953,False,509.0,1.0691654622377624,1.072412677389281,1.0724161662004696,1.0724161662004696,,False,,False,543.0,False,,False,509.0,False,527.0,False,433.0,False,475.0,False,290.0,False,373.0,False,11.0,False,11.0,509.0,0.003250703962707213,True,0.0040409932891004915,0.001168529994062259,0.0010862659866617958,rollover,5.0,1.0,1.0,0.0,0.0,0.0,0.0,0.0,0.0,1.0,0.0,1.0,0.0,1.0,0.0,1.0,0.0,1.0,0.0,1.0,0.0010101207627928723
MATR_b3c0,MATR,1007,1007,0,False,1.0708755107226144,1.0676003167832169,False,0.19087551072261433,False,1007.0,1.0676003167832169,1.0704691379953415,1.0708755107226144,1.0712839906759943,,False,,False,,False,,False,1007.0,False,,False,961.0,False,985.0,False,892.0,False,935.0,False,20.0,True,20.0,1007.0,0.0036836738927774615,True,0.006662813121297433,0.00097748051141537,0.0009631573554124745,rollover,1.0,1.0,1.0,1.0,1.0,1.0,1.0,1.0,1.0,0.0,1.0,0.0,1.0,0.0,0.0,0.0,0.0,0.0,0.0,0.0,0.0011198312752343832
MATR_b3c1,MATR,1061,1061,0,False,1.068427683449887,1.0652804783216787,False,0.1884276834498868,False,1061.0,1.0652804783216787,1.0683245048951084,1.068427683449887,1.0686969706293743,,False,,False,,False,,False,1061.0,False,,False,996.0,False,1033.0,False,923.0,False,968.0,False,16.0,True,16.0,1061.0,0.0034164923076955844,True,0.006335601325592844,0.0019300469289021782,0.0011024138552365847,rollover,2.0,0.0,0.0,0.0,0.0,2.0,0.0,2.0,0.0,0.0,0.0,0.0,0.0,0.0,0.0,0.0,0.0,0.0,0.0,0.0,0.00110840537861134
MATR_b3c10,MATR,1076,1076,0,False,1.064645648251752,1.0619203300699303,False,0.18464564825175178,False,1076.0,1.0619203300699303,1.0643059356643394,1.064645648251752,1.065008954545458,,False,,False,,False,,False,1076.0,False,,False,1004.0,False,1046.0,False,929.0,False,977.0,False,20.0,True,20.0,1076.0,0.0030886244755277126,True,0.0058744718975614904,0.0023681859214786517,0.0015731796633506152,rollover,1.0,0.0,1.0,0.0,1.0,0.0,0.0,0.0,0.0,0.0,0.0,0.0,0.0,0.0,0.0,0.0,0.0,0.0,0.0,0.0,0.0017688772038944
MATR_b3c11,MATR,815,815,0,False,1.070726958508162,1.0682229825174825,False,0.1907269585081619,False,815.0,1.0682229825174825,1.0704247435897472,1.070726958508162,1.070726958508162,,False,,False,,False,,False,815.0,False,,False,767.0,False,792.0,False,693.0,False,738.0,False,17.0,True,17.0,815.0,0.00250397599067953,True,0.0048805084839309955,0.0008550206527814916,0.0008531643518462129,rollover,1.0,1.0,0.0,1.0,0.0,0.0,0.0,0.0,0.0,0.0,0.0,0.0,0.0,0.0,0.0,0.0,0.0,0.0,0.0,0.0,0.0010613003850362625
MATR_b3c12,MATR,930,930,0,False,1.0768634296037334,1.0744656909090906,False,0.19686342960373326,False,930.0,1.0744656909090906,1.0764313636363672,1.0768634296037334,1.0769329400932437,,False,,False,,False,,False,930.0,False,,False,884.0,False,902.0,False,825.0,False,854.0,False,19.0,True,19.0,930.0,0.0024672491841530864,True,0.005377106506977925,0.001212158830030639,0.001209407267280065,rollover,1.0,1.0,1.0,1.0,1.0,0.0,1.0,0.0,1.0,0.0,0.0,0.0,0.0,0.0,0.0,0.0,0.0,0.0,0.0,0.0,0.0015631084579535506
MATR_b3c13,MATR,814,814,0,False,1.0695746181818218,1.0657594020979022,False,0.18957461818182164,False,814.0,1.0657594020979022,1.0690290853146889,1.0695746181818218,1.0695767310023345,,False,,False,,False,,False,814.0,False,,False,767.0,False,794.0,False,683.0,False,737.0,False,20.0,True,20.0,814.0,0.0038173289044323155,True,0.004628044823899322,0.0006481795894017364,0.0006555888614250383,two_term_exponential,0.0,0.0,0.0,0.0,0.0,1.0,0.0,1.0,0.0,0.0,0.0,0.0,0.0,0.0,0.0,0.0,0.0,0.0,0.0,0.0,0.0007542434375199579
MATR_b3c14,MATR,856,856,0,False,1.0772953130536167,1.0733189545454542,False,0.19729531305361658,False,856.0,1.0733189545454542,1.076431297202801,1.0772953130536167,1.0776800620046656,,False,,False,,False,,False,856.0,False,,False,814.0,False,833.0,False,747.0,False,781.0,False,20.0,True,20.0,856.0,0.004361107459211366,True,0.004145315822077485,0.0007303016220984875,0.0007410416111659844,two_term_exponential,0.0,1.0,0.0,1.0,0.0,1.0,0.0,0.0,0.0,0.0,0.0,0.0,0.0,0.0,0.0,0.0,0.0,0.0,0.0,0.0,0.0009440862443953331
MATR_b3c15,MATR,874,874,0,False,1.0711623426573462,1.0686164181818183,False,0.1911623426573461,False,874.0,1.0686164181818183,1.0708318118881155,1.0711623426573462,1.0712137979021015,,False,,False,,False,,False,874.0,False,,False,823.0,False,850.0,False,738.0,False,790.0,False,12.0,True,12.0,874.0,0.002597379720283177,True,0.0044299488553872545,0.0007884146209643822,0.0008011338244348961,two_term_exponential,0.0,1.0,0.0,1.0,0.0,0.0,0.0,0.0,0.0,0.0,0.0,0.0,0.0,0.0,0.0,0.0,0.0,0.0,0.0,0.0,0.0010831869837598452
MATR_b3c16,MATR,1636,1636,0,False,1.0643385261072296,1.06105163986014,False,0.18433852610722945,False,1636.0,1.06105163986014,1.0636177424242461,1.0643385261072296,1.0643385261072296,,False,,False,,False,,False,1636.0,False,,False,1506.0,False,1590.0,False,1352.0,False,1452.0,False,18.0,True,18.0,1636.0,0.0032868862470896154,True,0.00638671848356927,0.0022116806944781266,0.0010964844781521184,rollover,0.0,1.0,0.0,0.0,0.0,2.0,0.0,0.0,0.0,1.0,0.0,1.0,0.0,0.0,0.0,0.0,0.0,0.0,0.0,0.0,0.0010233599367390227
MATR_b3c17,MATR,1313,1313,0,False,1.0698727412587448,1.066598002097902,False,0.18987274125874465,False,1313.0,1.066598002097902,1.0698727412587448,1.0698727412587448,1.0698727412587448,,False,,False,,False,,False,1313.0,False,,False,1213.0,False,1269.0,False,1096.0,False,1160.0,False,10.0,True,10.0,1313.0,0.004806633799533611,True,0.005698211869073836,0.0025190697253859853,0.0011287535767345823,rollover,0.0,1.0,0.0,1.0,0.0,0.0,0.0,0.0,0.0,1.0,0.0,1.0,0.0,1.0,0.0,1.0,0.0,1.0,0.0,1.0,0.0010863686292638321
MATR_b3c18,MATR,1144,1144,0,False,1.0700733776223812,1.0681150419580416,False,0.19007337762238108,False,1144.0,1.0681150419580416,1.0700096195804232,1.0700733776223812,1.0700733776223812,,False,,False,,False,,False,1144.0,False,,False,1057.0,False,1099.0,False,963.0,False,1017.0,False,16.0,False,16.0,1144.0,0.001958335664339561,True,0.005852071694542026,0.0022907344866815427,0.001055756597139682,rollover,1.0,0.0,1.0,0.0,1.0,0.0,1.0,0.0,0.0,0.0,0.0,0.0,0.0,0.0,0.0,0.0,0.0,0.0,0.0,0.0,0.0012137742811700737
MATR_b3c19,MATR,1153,1153,0,False,1.0738731505827541,1.0721259587412586,False,0.193873150582754,False,1153.0,1.0721259587412586,1.0738731505827541,1.0738731505827541,1.0738731505827541,,False,,False,,False,,False,1153.0,False,,False,1066.0,False,1106.0,False,974.0,False,1017.0,False,10.0,False,10.0,1153.0,0.0017471918414955212,True,0.00594266929529236,0.002762104185391464,0.0010435761751811708,rollover,0.0,1.0,0.0,1.0,0.0,0.0,0.0,0.0,0.0,0.0,0.0,0.0,0.0,0.0,0.0,0.0,0.0,0.0,0.0,0.0,0.0013058102987535724
MATR_b3c2,MATR,1265,1265,0,False,1.0630037177156213,1.0607122405594411,False,0.18300371771562118,False,1265.0,1.0607122405594411,1.0628743256410291,1.0630037177156213,1.0630037177156213,,False,,False,,False,,False,1265.0,False,,False,1160.0,False,1224.0,False,1046.0,False,1121.0,False,17.0,True,17.0,1265.0,0.002291477156180166,True,0.005585384509865139,0.002640414256676115,0.0008516597295570818,rollover,1.0,4.0,1.0,1.0,3.0,1.0,2.0,1.0,1.0,1.0,0.0,0.0,0.0,0.0,0.0,0.0,0.0,0.0,0.0,0.0,0.0008139075203287006
MATR_b3c20,MATR,811,811,0,False,1.068003553379957,1.0651969895104891,False,0.1880035533799569,False,811.0,1.0651969895104891,1.0675574650349686,1.068003553379957,1.0680706081585116,,False,,False,,False,,False,811.0,False,,False,772.0,False,793.0,False,720.0,False,754.0,False,20.0,True,20.0,811.0,0.0028736186480224912,True,0.006695047081180171,0.001288221090729331,0.0012543833541546804,rollover,1.0,1.0,1.0,0.0,1.0,0.0,1.0,0.0,1.0,0.0,1.0,0.0,1.0,0.0,0.0,0.0,0.0,0.0,0.0,0.0,0.0014232920506409847
MATR_b3c21,MATR,770,770,0,False,1.0686206491841528,1.0677852818181819,False,0.18862064918415267,False,770.0,1.0677852818181819,1.0686206491841528,1.0686206491841528,1.0686206491841528,,False,,False,,False,,False,770.0,False,,False,699.0,False,744.0,False,520.0,False,628.0,False,8.0,True,8.0,770.0,0.000835367365970896,True,0.005911140305363216,0.0009894624943620925,0.001035645359322096,two_term_exponential,0.0,1.0,0.0,1.0,0.0,1.0,0.0,1.0,0.0,0.0,0.0,0.0,0.0,0.0,0.0,0.0,0.0,0.0,0.0,0.0,0.0013815576535508283
MATR_b3c22,MATR,1000,1000,0,False,1.0590757659673695,1.0564074678321684,False,0.1790757659673694,False,1000.0,1.0564074678321684,1.0586166939393975,1.0590757659673695,1.0590757659673695,,False,,False,,False,,False,1000.0,False,,False,964.0,False,990.0,False,898.0,False,950.0,False,17.0,True,17.0,1000.0,0.002668298135201086,True,0.007336725176176536,0.001331165958382196,0.0013063682057124918,rollover,0.0,0.0,0.0,0.0,0.0,0.0,0.0,0.0,0.0,0.0,0.0,0.0,0.0,0.0,0.0,0.0,0.0,0.0,0.0,0.0,0.0017857603728842638
MATR_b3c23,MATR,2188,2188,0,False,1.0687427270396306,1.0658912608391613,False,0.18874272703963046,False,,1.0658912608391613,1.06841397668998,1.0687427270396306,1.0688795627039662,,False,,False,,False,,False,,False,,False,2188.0,False,,False,1935.0,False,2103.0,False,16.0,False,16.0,2188.0,0.002988301864804921,True,0.005376203553871128,0.0005265140791879323,0.0004355498405517365,rollover,11.0,14.0,8.0,4.0,14.0,7.0,9.0,4.0,6.0,6.0,2.0,2.0,7.0,4.0,1.0,2.0,1.0,2.0,0.0,2.0,0.00035798464523551855
MATR_b3c24,MATR,823,823,0,False,1.050482590442894,1.0464083314685317,False,0.17048259044289393,False,823.0,1.0464083314685317,1.0500666219114254,1.050482590442894,1.0510358995338032,,False,,False,,False,,False,823.0,False,,False,782.0,False,817.0,False,699.0,False,776.0,False,20.0,True,20.0,823.0,0.004627568065271426,True,0.00561734772947298,0.0013320274141500662,0.0013189507207170639,rollover,0.0,1.0,0.0,0.0,0.0,0.0,0.0,0.0,0.0,1.0,0.0,1.0,0.0,0.0,0.0,0.0,0.0,0.0,0.0,0.0,0.0013406889032120178
MATR_b3c25,MATR,987,987,0,False,1.0650901836829871,1.0612567930069934,False,0.18509018368298702,False,987.0,1.0612567930069934,1.0643531125874162,1.0650901836829871,1.0654148715617753,,False,,False,,False,,False,987.0,False,,False,940.0,False,970.0,False,870.0,False,918.0,False,20.0,True,20.0,987.0,0.0041648020979052625,True,0.006533372615871687,0.0012616234182174133,0.0011440065758275652,rollover,0.0,1.0,0.0,1.0,0.0,0.0,0.0,0.0,0.0,0.0,0.0,0.0,0.0,0.0,0.0,0.0,0.0,0.0,0.0,0.0,0.0015885269058089372
MATR_b3c26,MATR,1026,1026,0,False,1.0755010188811225,1.0719720125874121,False,0.19550101888112237,False,1026.0,1.0719720125874121,1.0751170130536165,1.0755010188811225,1.0757369552447589,,False,,False,,False,,False,1026.0,False,,False,960.0,False,989.0,False,874.0,False,917.0,False,20.0,True,20.0,1026.0,0.003764942657346726,True,0.004483631446200507,0.0015560299439871662,0.0008266812272159707,rollover,0.0,0.0,0.0,0.0,0.0,1.0,0.0,1.0,0.0,0.0,0.0,0.0,0.0,0.0,0.0,0.0,0.0,0.0,0.0,0.0,0.0010700037120484705
MATR_b3c27,MATR,848,848,0,False,1.064168887412591,1.0605818692307694,False,0.18416888741259085,False,848.0,1.0605818692307694,1.0638645540792577,1.064168887412591,1.064385504195808,,False,,False,,False,,False,848.0,False,,False,798.0,False,828.0,False,723.0,False,777.0,False,20.0,False,20.0,848.0,0.0038036349650385493,True,0.0048387603577574965,0.0008294433680165854,0.0007831769025908987,rollover,1.0,0.0,1.0,0.0,1.0,0.0,1.0,0.0,1.0,2.0,1.0,2.0,1.0,0.0,1.0,0.0,1.0,0.0,1.0,0.0,0.0007118727374213875
MATR_b3c28,MATR,539,539,0,False,1.0527228668997703,1.0519767769230772,False,0.17272286689977023,False,539.0,1.0519767769230772,1.0527228668997703,1.0527228668997703,1.0527228668997703,,False,,False,,False,,False,539.0,False,,False,449.0,False,524.0,False,289.0,False,421.0,False,6.0,True,6.0,539.0,0.0007460899766931206,True,0.003461118908754299,0.0005687783269457621,0.0005771677526765694,two_term_exponential,0.0,1.0,0.0,1.0,0.0,0.0,0.0,0.0,0.0,0.0,0.0,0.0,0.0,0.0,0.0,0.0,0.0,0.0,0.0,0.0,0.0007407062941831411
MATR_b3c29,MATR,856,856,0,False,1.0708673715617751,1.0665129944055947,False,0.19086737156177502,False,856.0,1.0665129944055947,1.0700271349650385,1.0708673715617751,1.0711715289044326,,False,,False,,False,,False,856.0,False,,False,806.0,False,833.0,False,725.0,False,776.0,False,20.0,True,20.0,856.0,0.004658534498837907,True,0.004729278686785368,0.0006638833402341241,0.0006639272038444066,two_term_exponential,1.0,0.0,0.0,0.0,0.0,0.0,0.0,0.0,0.0,1.0,0.0,1.0,0.0,1.0,0.0,1.0,0.0,1.0,0.0,1.0,0.0006433295014169209
MATR_b3c3,MATR,1113,1113,0,False,1.0652432510489547,1.0628084776223778,False,0.18524325104895456,False,1113.0,1.0628084776223778,1.0650568752913787,1.0652432510489547,1.0655227062937098,,False,,False,,False,,False,1113.0,False,,False,1044.0,False,1084.0,False,958.0,False,1015.0,False,20.0,True,20.0,1113.0,0.002714228671331975,True,0.0058528782603270236,0.0015470719454208975,0.0010023145102897265,rollover,3.0,1.0,3.0,1.0,1.0,1.0,1.0,1.0,1.0,0.0,1.0,0.0,1.0,0.0,0.0,0.0,0.0,0.0,0.0,0.0,0.001074048363221366
MATR_b3c30,MATR,933,933,0,False,1.0721533466200504,1.0689066545454549,False,0.19215334662005024,False,933.0,1.0689066545454549,1.071779680419584,1.0721533466200504,1.0723138939393975,,False,,False,,False,,False,933.0,False,,False,891.0,False,913.0,False,826.0,False,865.0,False,20.0,True,20.0,933.0,0.003407239393942607,True,0.005699197098790022,0.0005448697177108294,0.0005397980162186366,rollover,1.0,2.0,1.0,1.0,1.0,1.0,0.0,0.0,0.0,1.0,0.0,1.0,0.0,1.0,0.0,0.0,0.0,0.0,0.0,0.0,0.0005304681798057573
MATR_b3c31,MATR,729,729,0,False,1.0714425400932437,1.0683497727272733,False,0.19144254009324357,False,729.0,1.0683497727272733,1.0709485331002369,1.0714425400932437,1.0716160034965072,,False,,False,,False,,False,729.0,False,,False,694.0,False,712.0,False,645.0,False,673.0,False,20.0,True,20.0,729.0,0.0032662307692339354,True,0.0057395975782918865,0.0010477061656918112,0.0010377605111644495,rollover,1.0,0.0,1.0,0.0,1.0,0.0,1.0,0.0,1.0,0.0,0.0,0.0,0.0,0.0,0.0,0.0,0.0,0.0,0.0,0.0,0.0011826488310703077
MATR_b3c32,MATR,2236,2236,0,False,1.075078153379957,1.0726526531468532,False,0.19507815337995682,False,,1.0726526531468532,1.0748301337995374,1.075078153379957,1.075078153379957,,False,,False,,False,,False,,False,,False,,False,,False,2115.0,False,2236.0,False,19.0,False,19.0,2236.0,0.002425500233103728,True,0.002629200401980907,0.0005207420127352744,0.0005243368120511716,two_term_exponential,0.0,3.0,0.0,1.0,0.0,2.0,0.0,0.0,0.0,0.0,0.0,0.0,0.0,0.0,0.0,0.0,0.0,0.0,0.0,0.0,0.0006874808622123485
MATR_b3c33,MATR,1282,1282,0,False,1.0627973167832203,1.0603153293706293,False,0.1827973167832202,False,1282.0,1.0603153293706293,1.0625401692307728,1.0627973167832203,1.0628610351981387,,False,,False,,False,,False,1282.0,False,,False,1214.0,False,1257.0,False,1119.0,False,1187.0,False,20.0,True,20.0,1282.0,0.002545705827509348,True,0.007678566432705054,0.0014987145031760656,0.0009424480386424103,rollover,0.0,1.0,0.0,1.0,0.0,1.0,0.0,1.0,0.0,0.0,0.0,0.0,0.0,0.0,0.0,0.0,0.0,0.0,0.0,0.0,0.0011255763813950086
MATR_b3c34,MATR,1156,1156,0,False,1.0642233501165537,1.061545432867133,False,0.18422335011655355,False,1156.0,1.061545432867133,1.0640323750582785,1.0642233501165537,1.0642236261072298,,False,,False,,False,,False,1156.0,False,,False,1067.0,False,1125.0,False,973.0,False,1031.0,False,20.0,True,20.0,1156.0,0.002678193240096771,True,0.006238352726519108,0.0029240645517535193,0.001267861416134706,rollover,0.0,1.0,0.0,0.0,0.0,0.0,0.0,0.0,0.0,0.0,0.0,0.0,0.0,0.0,0.0,0.0,0.0,0.0,0.0,0.0,0.001496556161476734
MATR_b3c35,MATR,1091,1091,0,False,1.065326200466204,1.0634828986013987,False,0.18532620046620396,False,1091.0,1.0634828986013987,1.0652333550116586,1.065326200466204,1.0653447750582785,,False,,False,,False,,False,1091.0,False,,False,1008.0,False,1056.0,False,906.0,False,973.0,False,19.0,True,19.0,1091.0,0.0020090745920746667,True,0.005003633265740823,0.0016794646581176145,0.0010672718585746377,rollover,1.0,2.0,1.0,1.0,0.0,1.0,0.0,0.0,0.0,1.0,0.0,0.0,0.0,0.0,0.0,0.0,0.0,0.0,0.0,0.0,0.0012324362695363827
MATR_b3c36,MATR,921,921,0,False,1.060545249417253,1.0575962783216786,False,0.1805452494172528,False,921.0,1.0575962783216786,1.0601036069930105,1.060545249417253,1.060545249417253,,False,,False,,False,,False,921.0,False,,False,886.0,False,910.0,False,811.0,False,872.0,False,20.0,True,20.0,921.0,0.0029489710955743487,True,0.0072652499831758624,0.0014024605970728613,0.0013657587735237547,rollover,0.0,0.0,0.0,0.0,0.0,0.0,0.0,0.0,0.0,0.0,0.0,0.0,0.0,0.0,0.0,0.0,0.0,0.0,0.0,0.0,0.0018885218911765074
MATR_b3c37,MATR,1388,1388,0,False,1.0506014363636398,1.0470061307692307,False,0.17060143636363967,False,1388.0,1.0470061307692307,1.0499475519813555,1.0506014363636398,1.051195951515155,,False,,False,,False,,False,1388.0,False,,False,1309.0,False,1376.0,False,1123.0,False,1294.0,False,11.0,True,11.0,1388.0,0.033355744522144626,False,0.007196307869310757,0.0032315319257057713,0.003215742671789856,rollover,4.0,4.0,1.0,4.0,2.0,3.0,1.0,3.0,1.0,3.0,1.0,2.0,1.0,3.0,1.0,1.0,1.0,2.0,1.0,1.0,0.001259419895613744
MATR_b3c38,MATR,1933,1933,0,False,1.0725392601398638,1.0703227006993008,False,0.19253926013986367,False,1933.0,1.0703227006993008,1.0723114876456914,1.0725392601398638,1.0725392601398638,,False,,False,,False,,False,1933.0,False,,False,1810.0,False,1874.0,False,1598.0,False,1715.0,False,19.0,False,19.0,1933.0,0.002216559440562982,True,0.006715895976221447,0.00128410365149772,0.0009485108218146559,rollover,0.0,0.0,0.0,0.0,0.0,0.0,0.0,0.0,0.0,0.0,0.0,0.0,0.0,0.0,0.0,0.0,0.0,0.0,0.0,0.0,0.0012467128212930911
MATR_b3c39,MATR,1154,1154,0,False,1.0514178428904464,1.047463913986014,False,0.17141784289044626,False,1154.0,1.047463913986014,1.050500684382288,1.0514178428904464,1.0514294596736633,,False,,False,,False,,False,1154.0,False,,False,1100.0,False,1145.0,False,991.0,False,1092.0,False,20.0,True,20.0,1154.0,0.003965545687649286,True,0.007543869963727263,0.001087513703041186,0.0010555822424376385,rollover,1.0,1.0,1.0,1.0,1.0,0.0,1.0,0.0,1.0,0.0,0.0,0.0,0.0,0.0,0.0,0.0,0.0,0.0,0.0,0.0,0.0012215041891976276
MATR_b3c4,MATR,1046,1046,0,False,1.0748160550116586,1.0725074993006993,False,0.19481605501165844,False,1046.0,1.0725074993006993,1.0745793372960408,1.0748160550116586,1.0752443808857843,,False,,False,,False,,False,1046.0,False,,False,977.0,False,1006.0,False,892.0,False,937.0,False,16.0,False,16.0,1046.0,0.002736881585085005,True,0.004734941505966558,0.0012736718114759172,0.0008929479526653535,rollover,0.0,1.0,0.0,1.0,1.0,1.0,1.0,1.0,1.0,1.0,1.0,1.0,1.0,0.0,1.0,0.0,1.0,0.0,1.0,0.0,0.0009212101031833046
MATR_b3c40,MATR,794,794,0,False,1.0637955932400969,1.0592270258741263,False,0.18379559324009676,False,794.0,1.0592270258741263,1.06325222634033,1.0637955932400969,1.0638146181818218,,False,,False,,False,,False,794.0,False,,False,747.0,False,778.0,False,668.0,False,726.0,False,17.0,True,17.0,794.0,0.004587592307695454,True,0.0045591574408456225,0.0006256666887183634,0.0006239239973381155,rollover,0.0,0.0,0.0,0.0,0.0,1.0,0.0,1.0,0.0,0.0,0.0,0.0,0.0,0.0,0.0,0.0,0.0,0.0,0.0,0.0,0.0008058232840515804
MATR_b3c41,MATR,784,784,0,False,1.0544417202797238,1.0506918300699297,False,0.1744417202797237,False,784.0,1.0506918300699297,1.0537938358974395,1.0544417202797238,1.054847885314689,,False,,False,,False,,False,784.0,False,,False,734.0,False,773.0,False,654.0,False,722.0,False,20.0,True,20.0,784.0,0.004160568997672698,True,0.0032892950998484206,0.0006268960429093164,0.0005835551412100622,rollover,1.0,0.0,1.0,0.0,1.0,1.0,1.0,1.0,1.0,1.0,1.0,0.0,1.0,0.0,0.0,0.0,0.0,0.0,0.0,0.0,0.0007091773787735002
MATR_b3c42,MATR,1640,1640,0,False,1.0697535997669032,1.0671082223776225,False,0.1897535997669031,False,1640.0,1.0671082223776225,1.0691544179487216,1.0697535997669032,1.0699642550116586,,False,,False,,False,,False,1640.0,False,,False,1527.0,False,1588.0,False,1358.0,False,1455.0,False,20.0,True,20.0,1640.0,0.0028560326340361097,True,0.0056751991852952,0.001369354390626499,0.001359682406223288,rollover,1.0,1.0,1.0,1.0,0.0,0.0,0.0,0.0,0.0,0.0,0.0,0.0,0.0,0.0,0.0,0.0,0.0,0.0,0.0,0.0,0.0015338391614240967
MATR_b3c43,MATR,1044,1044,0,False,1.0731610986014022,1.0702973440559442,False,0.19316109860140207,False,1044.0,1.0702973440559442,1.0727246156177193,1.0731610986014022,1.0732905351981388,,False,,False,,False,,False,1044.0,False,,False,993.0,False,1018.0,False,927.0,False,962.0,False,20.0,True,20.0,1044.0,0.00299319114219454,True,0.006705372455754011,0.0016147193419596385,0.0014441105843866018,rollover,0.0,0.0,0.0,0.0,0.0,0.0,0.0,0.0,0.0,0.0,0.0,0.0,0.0,0.0,0.0,0.0,0.0,0.0,0.0,0.0,0.0019795220260671004
MATR_b3c44,MATR,938,938,0,False,1.0736855699300736,1.0697429020979026,False,0.19368556993007346,False,938.0,1.0697429020979026,1.0729211587412624,1.0736855699300736,1.0738763832167868,,False,,False,,False,,False,938.0,False,,False,902.0,False,920.0,False,848.0,False,880.0,False,20.0,True,20.0,938.0,0.00413348111888423,True,0.006763827222484576,0.0013119247050125144,0.001301381770296328,rollover,0.0,0.0,0.0,0.0,0.0,0.0,0.0,0.0,0.0,0.0,0.0,0.0,0.0,0.0,0.0,0.0,0.0,0.0,0.0,0.0,0.0018185993462902495
MATR_b3c45,MATR,1799,1799,0,False,1.0716944969697004,1.0696614426573425,False,0.1916944969697003,False,1799.0,1.0696614426573425,1.0712892046620084,1.0716944969697004,1.072205884382288,,False,,False,,False,,False,1799.0,False,,False,1673.0,False,1735.0,False,1498.0,False,1594.0,False,16.0,True,16.0,1799.0,0.00254444172494539,True,0.006183164611403626,0.0014447555499146054,0.0012783266384689585,rollover,1.0,0.0,0.0,0.0,0.0,3.0,0.0,1.0,0.0,0.0,0.0,0.0,0.0,0.0,0.0,0.0,0.0,0.0,0.0,0.0,0.0014624422978641823
MATR_b3c5,MATR,826,826,0,False,1.0538047477855512,1.0515670986013987,False,0.1738047477855511,False,826.0,1.0515670986013987,1.0536847638694673,1.0538047477855512,1.0540021065268101,,False,,False,,False,,False,826.0,False,,False,779.0,False,815.0,False,687.0,False,768.0,False,20.0,True,20.0,826.0,0.002435007925411403,True,0.005845081342488662,0.0012600764514125887,0.0012443388361054544,rollover,0.0,0.0,0.0,0.0,0.0,1.0,0.0,1.0,0.0,0.0,0.0,0.0,0.0,0.0,0.0,0.0,0.0,0.0,0.0,0.0,0.0012319074338712152
MATR_b3c6,MATR,665,665,0,False,1.063035861118881,1.062732006293706,False,0.18303586111888093,False,665.0,1.062732006293706,1.063035861118881,1.063035861118881,1.063035861118881,,False,,False,,False,,False,665.0,False,,False,548.0,False,629.0,False,358.0,False,490.0,False,4.0,True,4.0,665.0,0.0008665181818180434,True,0.003592862866574712,0.0011738357510268466,0.0010438553133689662,rollover,0.0,0.0,0.0,0.0,0.0,0.0,0.0,0.0,0.0,0.0,0.0,0.0,0.0,0.0,0.0,0.0,0.0,0.0,0.0,0.0,0.0005054482612073524
MATR_b3c7,MATR,1834,1834,0,False,1.0708184925407962,1.0677476048951051,False,0.19081849254079608,False,1834.0,1.0677476048951051,1.0703120289044323,1.0708184925407962,1.0709502641025677,,False,,False,,False,,False,1834.0,False,,False,1708.0,False,1775.0,False,1518.0,False,1630.0,False,14.0,True,14.0,1834.0,0.0032026592074625437,True,0.005691515383355309,0.0013002309594214124,0.0009978797901641088,rollover,0.0,0.0,0.0,0.0,0.0,1.0,0.0,0.0,0.0,0.0,0.0,0.0,0.0,0.0,0.0,0.0,0.0,0.0,0.0,0.0,0.0012953264522100657
MATR_b3c8,MATR,826,826,0,False,1.0684814097902133,1.0648958629370628,False,0.18848140979021322,False,826.0,1.0648958629370628,1.067979624475528,1.0684814097902133,1.068667708624712,,False,,False,,False,,False,826.0,False,,False,789.0,False,810.0,False,730.0,False,770.0,False,20.0,True,20.0,826.0,0.0037718456876492112,True,0.0061412788433374945,0.0010420656053975019,0.0010300077461816847,rollover,1.0,1.0,0.0,1.0,0.0,0.0,0.0,0.0,0.0,0.0,0.0,0.0,0.0,0.0,0.0,0.0,0.0,0.0,0.0,0.0,0.0012828326225464194
MATR_b3c9,MATR,1037,1037,0,False,1.0732625727272764,1.0696274230769232,False,0.19326257272727632,False,1037.0,1.0696274230769232,1.0728384396270432,1.0732625727272764,1.0733451209790246,,False,,False,,False,,False,1037.0,False,,False,985.0,False,1010.0,False,918.0,False,955.0,False,17.0,True,17.0,1037.0,0.0037176979021014134,True,0.005663186282990132,0.001182197936100688,0.0011764793661422643,rollover,1.0,0.0,1.0,0.0,1.0,0.0,1.0,0.0,1.0,0.0,1.0,0.0,1.0,0.0,0.0,0.0,0.0,0.0,0.0,0.0,0.001441697447306174
HUST_1-1,HUST,1504,1504,0,False,1.1740283473193478,1.1740283473193478,False,0.2940283473193477,False,1504.0,1.1740283473193478,1.1740283473193478,1.1740283473193478,1.1740283473193478,,False,,False,,False,1504.0,False,1504.0,False,1348.0,False,1359.0,False,1187.0,False,1210.0,False,986.0,False,1.0,True,1.0,1504.0,0.00011768443408444185,True,0.0031110560779734646,0.0022605028631307155,0.0008093494449010704,rollover,1.0,8.0,1.0,7.0,1.0,0.0,0.0,0.0,0.0,0.0,0.0,0.0,0.0,0.0,0.0,0.0,0.0,0.0,0.0,0.0,0.000830922256103786
HUST_1-2,HUST,2678,2678,0,False,1.2053069067599071,1.2053069067599071,False,0.32530690675990703,False,2678.0,1.2053069067599071,1.2053069067599071,1.2053069067599071,1.2053069067599071,,False,,False,,False,2548.0,False,2678.0,False,2246.0,False,2388.0,False,1944.0,False,2120.0,False,1504.0,False,1.0,False,1.0,2678.0,0.00011287334887333245,True,0.004374327866014931,0.0026230733016414072,0.0013429915963960493,rollover,0.0,0.0,0.0,0.0,1.0,0.0,1.0,0.0,1.0,0.0,1.0,0.0,1.0,0.0,1.0,0.0,1.0,0.0,0.0,0.0,0.0020887007127626087
HUST_1-3,HUST,1858,1858,0,False,1.1827078635068675,1.163728174980576,True,0.3027078635068674,False,1858.0,1.163728174980576,1.1745700509712549,1.1827078635068675,1.1875407734783774,,False,,False,,False,1858.0,False,1858.0,False,1693.0,False,1679.0,False,1509.0,False,1506.0,False,1302.0,False,20.0,True,20.0,1858.0,0.023812598497801485,False,0.005049971783727209,0.0031707751190914214,0.0007709066040250602,rollover,1.0,1.0,0.0,1.0,1.0,1.0,1.0,1.0,0.0,1.0,0.0,1.0,0.0,1.0,0.0,1.0,0.0,1.0,0.0,0.0,0.0010600839399273149
HUST_1-4,HUST,1500,1500,0,False,1.1819039394457433,1.1642979376845377,True,0.30190393944574323,False,1500.0,1.1642979376845377,1.1741429425537464,1.1819039394457433,1.1870954627816668,,False,,False,,False,1500.0,False,1500.0,False,1356.0,False,1346.0,False,1207.0,False,1207.0,False,1062.0,False,20.0,True,20.0,1500.0,0.022797525097129068,False,0.005601910778446979,0.004477418867277649,0.0011616292794200784,rollover,2.0,9.0,1.0,2.0,3.0,0.0,0.0,0.0,1.0,0.0,0.0,0.0,2.0,0.0,1.0,0.0,0.0,1.0,0.0,1.0,0.0010321986954246797
HUST_1-5,HUST,1971,1971,0,False,1.175808510075114,1.1572136085470088,True,0.295808510075114,False,1971.0,1.1572136085470088,1.1676068934472974,1.175808510075114,1.1806826813778852,,False,,False,,False,,False,1971.0,False,1799.0,False,1759.0,False,1522.0,False,1490.0,False,1207.0,False,20.0,True,20.0,1971.0,0.023469072830876403,False,0.002215258940429567,0.0010163103156307978,0.0009396092543781177,rollover,0.0,1.0,0.0,1.0,0.0,2.0,0.0,2.0,0.0,1.0,0.0,1.0,0.0,0.0,0.0,0.0,0.0,0.0,0.0,0.0,0.0013643703777734154
HUST_1-6,HUST,1143,1143,0,False,1.2031721841491843,1.2031721841491843,False,0.32317218414918414,False,1143.0,1.2031721841491843,1.2031721841491843,1.2031721841491843,1.2031721841491843,,False,,False,,False,1094.0,False,1143.0,False,963.0,False,1023.0,False,813.0,False,899.0,False,617.0,False,1.0,True,1.0,1143.0,0.0,True,0.004244644705223111,0.0020721737432034815,0.001106858020008766,rollover,1.0,16.0,0.0,10.0,0.0,0.0,0.0,0.0,0.0,0.0,0.0,0.0,0.0,0.0,0.0,0.0,0.0,0.0,0.0,0.0,0.000968801548381975
HUST_1-7,HUST,1678,1678,0,False,1.1857813594405595,1.1857813594405595,False,0.3057813594405594,False,1678.0,1.1857813594405595,1.1857813594405595,1.1857813594405595,1.1857813594405595,,False,,False,,False,1652.0,False,1678.0,False,1481.0,False,1520.0,False,1307.0,False,1363.0,False,1080.0,False,1.0,True,1.0,1678.0,0.00010537663817666854,True,0.003653662858037124,0.002363957474558733,0.0007775025243240545,rollover,2.0,8.0,1.0,6.0,1.0,0.0,1.0,0.0,0.0,0.0,0.0,0.0,0.0,0.0,0.0,0.0,0.0,0.0,0.0,0.0,0.0008234893293110246
HUST_1-8,HUST,2285,2285,0,False,1.190939220823621,1.190939220823621,False,0.3109392208236208,False,2285.0,1.190939220823621,1.190939220823621,1.190939220823621,1.190939220823621,,False,,False,,False,2227.0,False,2285.0,False,1976.0,False,2049.0,False,1713.0,False,1817.0,False,1361.0,False,1.0,False,1.0,2285.0,0.0027153061383060617,True,0.003047721216732706,0.001569478033762113,0.0007684805442853117,rollover,2.0,7.0,1.0,6.0,1.0,0.0,1.0,0.0,0.0,0.0,0.0,0.0,0.0,0.0,0.0,0.0,0.0,0.0,0.0,0.0,0.0008691852032407983
HUST_10-1,HUST,1702,1702,0,False,1.174714499300699,1.174714499300699,False,0.29471449930069893,False,1702.0,1.174714499300699,1.174714499300699,1.174714499300699,1.174714499300699,,False,,False,,False,1700.0,False,1702.0,False,1538.0,False,1551.0,False,1365.0,False,1392.0,False,1145.0,False,1.0,True,1.0,1702.0,0.00010840326340333384,True,0.003978773218251691,0.002089369305053742,0.0007729923474831308,rollover,1.0,9.0,1.0,8.0,1.0,0.0,0.0,0.0,0.0,0.0,0.0,0.0,0.0,0.0,0.0,0.0,0.0,0.0,0.0,0.0,0.0008256476443682517
HUST_10-2,HUST,1697,1697,0,False,1.1999069484071525,1.1851868362082365,True,0.3199069484071524,False,1697.0,1.1851868362082365,1.1969667012691052,1.1999069484071525,1.2009492854182895,,False,,False,,False,1678.0,False,1697.0,False,1540.0,False,1572.0,False,1375.0,False,1429.0,False,1131.0,False,20.0,True,20.0,1697.0,0.015762449210052987,False,0.005883014154810816,0.0010850846075094631,0.0007806597919688602,rollover,0.0,12.0,0.0,10.0,0.0,0.0,0.0,0.0,2.0,0.0,0.0,0.0,1.0,0.0,0.0,0.0,4.0,0.0,3.0,0.0,0.0008551890253348941
HUST_10-3,HUST,1848,1848,0,False,1.181921724320124,1.181921724320124,False,0.301921724320124,False,1848.0,1.181921724320124,1.181921724320124,1.181921724320124,1.181921724320124,,False,,False,,False,1833.0,False,1848.0,False,1662.0,False,1695.0,False,1461.0,False,1513.0,False,1197.0,False,1.0,False,1.0,1848.0,0.00010580668220683265,True,0.004440798786494005,0.001829632856693215,0.0007005828647455574,rollover,13.0,8.0,3.0,6.0,1.0,15.0,1.0,12.0,1.0,9.0,1.0,5.0,1.0,1.0,1.0,1.0,1.0,2.0,1.0,1.0,0.0004918935094618849
HUST_10-4,HUST,1811,1811,0,False,1.1956806434602472,1.1792975931623932,True,0.31568064346024705,False,1811.0,1.1792975931623932,1.1902041135457178,1.1956806434602472,1.198623219943024,,False,,False,,False,1799.0,False,1811.0,False,1650.0,False,1672.0,False,1490.0,False,1527.0,False,1281.0,False,20.0,True,20.0,1811.0,0.019325626780630767,False,0.0054939262807974275,0.0019331199391051748,0.0005670026254703637,rollover,2.0,3.0,2.0,1.0,4.0,0.0,1.0,0.0,2.0,0.0,0.0,0.0,3.0,0.0,1.0,0.0,3.0,0.0,1.0,0.0,0.0006559066431424108
HUST_10-5,HUST,2030,2030,0,False,1.1973988891996932,1.180147335353535,True,0.31739888919969306,False,2030.0,1.180147335353535,1.1916825389277428,1.1973988891996932,1.2003990346024387,,False,,False,,False,2016.0,False,2030.0,False,1846.0,False,1873.0,False,1655.0,False,1702.0,False,1400.0,False,20.0,True,20.0,2030.0,0.020251699248903687,False,0.005291768463918815,0.0015225225783522959,0.0006967070855765456,rollover,0.0,4.0,0.0,1.0,1.0,0.0,1.0,0.0,2.0,0.0,2.0,0.0,0.0,0.0,0.0,0.0,3.0,0.0,3.0,0.0,0.0007933818888095426
HUST_10-6,HUST,2285,2285,0,False,1.2318836186480187,1.2318836186480187,False,0.35188361864801854,False,2285.0,1.2318836186480187,1.2318836186480187,1.2318836186480187,1.2318836186480187,,False,,False,,False,2116.0,False,2285.0,False,1880.0,False,2073.0,False,1643.0,False,1862.0,False,1349.0,False,1.0,True,1.0,2285.0,0.00010416327376328027,True,0.004333719153681321,0.0036382064635724727,0.0008199959944094265,rollover,0.0,8.0,0.0,5.0,1.0,0.0,0.0,0.0,0.0,0.0,0.0,0.0,0.0,0.0,0.0,0.0,0.0,0.0,0.0,0.0,0.0010496813989533057
HUST_10-7,HUST,1783,1783,0,False,1.1974141228179267,1.1808558988344986,True,0.3174141228179266,False,1783.0,1.1808558988344986,1.1916603551411593,1.1974141228179267,1.200216632944837,,False,,False,,False,1771.0,False,1783.0,False,1610.0,False,1637.0,False,1430.0,False,1475.0,False,1207.0,False,20.0,True,20.0,1783.0,0.01936073411033834,False,0.004512509578351559,0.001715543479699144,0.0005731231438683116,rollover,3.0,19.0,0.0,14.0,2.0,2.0,2.0,1.0,2.0,0.0,0.0,0.0,0.0,0.0,0.0,0.0,1.0,0.0,1.0,0.0,0.0005559495538174949
HUST_10-8,HUST,1400,1400,0,False,1.1863510301476308,1.1863510301476308,False,0.30635103014763065,False,1400.0,1.1863510301476308,1.1863510301476308,1.1863510301476308,1.1863510301476308,,False,,False,,False,1380.0,False,1400.0,False,1239.0,False,1274.0,False,1082.0,False,1133.0,False,900.0,False,1.0,True,1.0,1400.0,0.00010737886557898868,True,0.003481714476974457,0.0026938112933968692,0.0007732145613744914,rollover,1.0,6.0,1.0,4.0,1.0,12.0,1.0,9.0,1.0,7.0,0.0,4.0,0.0,1.0,0.0,0.0,1.0,0.0,1.0,0.0,0.0006191034464174646
HUST_2-2,HUST,2651,2651,0,False,1.2212242557886563,1.2212242557886563,False,0.3412242557886562,False,2651.0,1.2212242557886563,1.2212242557886563,1.2212242557886563,1.2212242557886563,,False,,False,,False,2527.0,False,2651.0,False,2286.0,False,2457.0,False,1995.0,False,2230.0,False,1574.0,False,1.0,False,1.0,2651.0,0.00011839808339808577,True,0.006556739858443381,0.002453797721064083,0.0011180180061857745,rollover,0.0,11.0,0.0,9.0,0.0,11.0,0.0,8.0,1.0,4.0,1.0,4.0,1.0,1.0,1.0,1.0,1.0,0.0,0.0,0.0,0.0007786341418870371
HUST_2-3,HUST,1751,1751,0,False,1.1844303394457434,1.166800254856255,True,0.30443033944574327,False,1751.0,1.166800254856255,1.1762382228438268,1.1844303394457434,1.1890099005957047,,False,,False,,False,1751.0,False,1751.0,False,1581.0,False,1576.0,False,1409.0,False,1414.0,False,1235.0,False,20.0,True,20.0,1751.0,0.022209645739449613,False,0.005079993550212532,0.0040800975505971785,0.0011790465064746047,rollover,0.0,1.0,0.0,1.0,0.0,1.0,0.0,1.0,0.0,1.0,0.0,1.0,0.0,1.0,0.0,1.0,0.0,0.0,0.0,0.0,0.0015110040871557397
HUST_2-4,HUST,1499,1499,0,False,1.1839517055167053,1.1839517055167053,False,0.30395170551670514,False,1499.0,1.1839517055167053,1.1839517055167053,1.1839517055167053,1.1839517055167053,,False,,False,,False,1479.0,False,1499.0,False,1322.0,False,1354.0,False,1151.0,False,1201.0,False,931.0,False,1.0,True,1.0,1499.0,0.00010137498057516403,True,0.002983542775301434,0.0017126169910831846,0.0007840824942766457,rollover,0.0,9.0,0.0,8.0,0.0,14.0,0.0,12.0,1.0,3.0,1.0,0.0,1.0,0.0,1.0,0.0,0.0,0.0,0.0,0.0,0.0006351249245177407
HUST_2-5,HUST,1386,1386,0,False,1.177056308987313,1.1578954442890443,True,0.29705630898731283,False,1386.0,1.1578954442890443,1.1687575256151295,1.177056308987313,1.180099534162138,,False,,False,,False,,False,1386.0,False,1256.0,False,1231.0,False,1089.0,False,1071.0,False,904.0,False,20.0,True,20.0,1386.0,0.022204089873093746,False,0.002547487904770663,0.001807233163905101,0.0003802830693181729,rollover,3.0,4.0,1.0,0.0,5.0,0.0,4.0,0.0,7.0,0.0,5.0,0.0,6.0,0.0,4.0,0.0,5.0,1.0,3.0,1.0,0.0002920213887843198
HUST_2-6,HUST,1572,1572,0,False,1.192580784097388,1.1730249822843828,True,0.312580784097388,False,1572.0,1.1730249822843828,1.184328726910131,1.192580784097388,1.195624158974363,,False,,False,,False,1572.0,False,1572.0,False,1437.0,False,1445.0,False,1294.0,False,1311.0,False,1117.0,False,20.0,True,20.0,1572.0,0.022599176689980238,False,0.005816089685404834,0.0022370492226170915,0.0008266989577091806,rollover,0.0,1.0,0.0,1.0,0.0,1.0,0.0,1.0,0.0,1.0,0.0,1.0,0.0,1.0,0.0,0.0,0.0,0.0,0.0,0.0,0.0011725852355947068
HUST_2-7,HUST,2202,2202,0,False,1.1984368495208537,1.1806023507381505,True,0.3184368495208536,False,2202.0,1.1806023507381505,1.191753999896404,1.1984368495208537,1.2007997572649614,,False,,False,,False,2189.0,False,2202.0,False,2004.0,False,2036.0,False,1783.0,False,1836.0,False,1496.0,False,20.0,True,20.0,2202.0,0.0201974065268109,False,0.006045294458397112,0.001943695138694637,0.0009287567579834846,rollover,1.0,10.0,1.0,8.0,1.0,19.0,1.0,15.0,0.0,2.0,0.0,1.0,2.0,0.0,2.0,0.0,1.0,0.0,1.0,0.0,0.0007965848864723411
HUST_2-8,HUST,1481,1481,0,False,1.1785668376068377,1.1785668376068377,False,0.29856683760683755,False,1481.0,1.1785668376068377,1.1785668376068377,1.1785668376068377,1.1785668376068377,,False,,False,,False,1471.0,False,1481.0,False,1328.0,False,1347.0,False,1180.0,False,1212.0,False,988.0,False,1.0,True,1.0,1481.0,0.00010431546231526312,True,0.0038767516488012518,0.002126057612833884,0.0009600886557326741,rollover,1.0,0.0,1.0,0.0,1.0,0.0,1.0,0.0,1.0,0.0,1.0,0.0,1.0,0.0,1.0,0.0,1.0,0.0,1.0,0.0,0.0013084140943429754
HUST_3-1,HUST,1938,1938,0,False,1.1977781796425837,1.181669508313908,True,0.3177781796425836,False,1938.0,1.181669508313908,1.1917913236467277,1.1977781796425837,1.2003702240870282,,False,,False,,False,1921.0,False,1938.0,False,1752.0,False,1782.0,False,1565.0,False,1615.0,False,1302.0,False,20.0,True,20.0,1938.0,0.01870071577312027,False,0.005195094701663854,0.0012912810613556866,0.0008599744236453409,rollover,4.0,0.0,4.0,0.0,0.0,0.0,0.0,0.0,0.0,0.0,0.0,0.0,0.0,0.0,0.0,0.0,0.0,0.0,0.0,0.0,0.001298908022755681
HUST_3-2,HUST,2283,2283,0,False,1.199377555037559,1.185415952447553,True,0.3193775550375588,False,2283.0,1.185415952447553,1.1943677551411591,1.199377555037559,1.2012359083657125,,False,,False,,False,2250.0,False,2283.0,False,2024.0,False,2077.0,False,1765.0,False,1846.0,False,1423.0,False,20.0,False,20.0,2283.0,0.015819955918159545,False,0.0038930449748675435,0.0012789210807278312,0.0009459347536353306,rollover,2.0,15.0,1.0,9.0,0.0,0.0,0.0,0.0,2.0,0.0,2.0,0.0,1.0,0.0,1.0,0.0,1.0,0.0,1.0,0.0,0.0009859806124806925
HUST_3-3,HUST,1649,1649,0,False,1.1889586590520629,1.1734822672882674,True,0.30895865905206277,False,1649.0,1.1734822672882674,1.183101481067085,1.1889586590520629,1.190525143071747,,False,,False,,False,1649.0,False,1649.0,False,1510.0,False,1520.0,False,1354.0,False,1376.0,False,1133.0,False,20.0,True,20.0,1649.0,0.017042875783479516,False,0.005991555300307895,0.0014112063027729854,0.0006469496051810981,rollover,1.0,0.0,1.0,0.0,4.0,0.0,3.0,0.0,1.0,0.0,0.0,0.0,0.0,0.0,0.0,0.0,0.0,0.0,0.0,0.0,0.0008573219064178298
HUST_3-4,HUST,1766,1766,0,False,1.1735509308469312,1.1735509308469312,False,0.29355093084693107,False,1766.0,1.1735509308469312,1.1735509308469312,1.1735509308469312,1.1735509308469312,,False,,False,,False,1766.0,False,1766.0,False,1592.0,False,1605.0,False,1374.0,False,1404.0,False,1104.0,False,1.0,True,1.0,1766.0,0.00010714763014796347,True,0.0033969198756294222,0.00173458247237894,0.0010435777024794112,rollover,1.0,0.0,0.0,0.0,1.0,0.0,1.0,0.0,0.0,1.0,0.0,1.0,0.0,0.0,0.0,0.0,1.0,0.0,0.0,0.0,0.0010441330715591393
HUST_3-5,HUST,2657,2657,0,False,1.2291144727272725,1.2291144727272725,False,0.34911447272727236,False,2657.0,1.2291144727272725,1.2291144727272725,1.2291144727272725,1.2291144727272725,,False,,False,,False,2436.0,False,2657.0,False,2142.0,False,2370.0,False,1855.0,False,2112.0,False,1470.0,False,1.0,True,1.0,2657.0,0.0002641980315982728,True,0.004745149931591998,0.0038971952217785157,0.0012201802366653026,rollover,1.0,0.0,0.0,0.0,2.0,0.0,0.0,0.0,0.0,0.0,0.0,0.0,0.0,0.0,0.0,0.0,1.0,0.0,1.0,0.0,0.001657605372094037
HUST_3-6,HUST,2491,2491,0,False,1.1943579345247384,1.1792669003885003,True,0.31435793452473826,False,2491.0,1.1792669003885003,1.1884570341880383,1.1943579345247384,1.196338639730644,,False,,False,,False,2473.0,False,2491.0,False,2230.0,False,2264.0,False,1967.0,False,2026.0,False,1621.0,False,20.0,False,20.0,2491.0,0.017071739342143566,False,0.00481952846418854,0.0017965001244055077,0.0008593591645563296,rollover,1.0,2.0,0.0,1.0,1.0,0.0,1.0,0.0,1.0,0.0,1.0,0.0,1.0,0.0,1.0,0.0,2.0,0.0,1.0,0.0,0.0010104557135108196
HUST_3-7,HUST,2479,2479,0,False,1.170896992385392,1.170896992385392,False,0.2908969923853919,False,2479.0,1.170896992385392,1.170896992385392,1.170896992385392,1.170896992385392,,False,,False,,False,2479.0,False,2479.0,False,2155.0,False,2165.0,False,1854.0,False,1881.0,False,1521.0,False,1.0,True,1.0,2479.0,0.00013696156436138196,True,0.0036594831225226308,0.003351045526500221,0.0011445148444120387,rollover,3.0,0.0,1.0,0.0,0.0,0.0,0.0,0.0,1.0,0.0,1.0,0.0,1.0,0.0,1.0,0.0,1.0,0.0,0.0,0.0,0.0016013437258496153
HUST_3-8,HUST,2342,2342,0,False,1.2128649951825992,1.1982728158508156,True,0.33286499518259904,False,2342.0,1.1982728158508156,1.2068995876197917,1.2128649951825992,1.2141296752136792,,False,,False,,False,2288.0,False,2342.0,False,2086.0,False,2169.0,False,1844.0,False,1967.0,False,1490.0,False,20.0,False,20.0,2342.0,0.01585685936286363,False,0.005980716403567836,0.0013488090779897788,0.0009470748166618985,rollover,0.0,17.0,0.0,16.0,1.0,1.0,0.0,0.0,0.0,0.0,0.0,0.0,1.0,0.0,0.0,0.0,1.0,0.0,1.0,0.0,0.0009483993280976315
HUST_4-1,HUST,2217,2217,0,False,1.1820940974358976,1.1820940974358976,False,0.30209409743589744,False,2217.0,1.1820940974358976,1.1820940974358976,1.1820940974358976,1.1820940974358976,,False,,False,,False,2202.0,False,2217.0,False,1996.0,False,2038.0,False,1736.0,False,1810.0,False,1316.0,False,1.0,True,1.0,2217.0,0.00010578186998166927,True,0.005571988412451025,0.0009247397770666484,0.0008766794804968303,rollover,1.0,0.0,0.0,0.0,0.0,0.0,0.0,0.0,0.0,0.0,0.0,0.0,1.0,0.0,1.0,0.0,2.0,0.0,1.0,0.0,0.0012179980110613648
HUST_4-2,HUST,1782,1782,0,False,1.1953833126133167,1.1797019522921528,True,0.31538331261331654,False,1782.0,1.1797019522921528,1.1894392054390095,1.1953833126133167,1.1971602528360568,,False,,False,,False,1770.0,False,1782.0,False,1617.0,False,1640.0,False,1448.0,False,1487.0,False,1234.0,False,20.0,True,20.0,1782.0,0.01745830054390396,False,0.0049629437406271204,0.001825517484523485,0.0005436649781580266,rollover,2.0,2.0,1.0,0.0,3.0,0.0,2.0,0.0,5.0,0.0,5.0,0.0,2.0,0.0,2.0,0.0,0.0,0.0,0.0,0.0,0.0006515770414510254
HUST_4-3,HUST,1142,1142,0,False,1.1755608912198914,1.1755608912198914,False,0.29556089121989126,False,1142.0,1.1755608912198914,1.1755608912198914,1.1755608912198914,1.1755608912198914,,False,,False,,False,1140.0,False,1142.0,False,1040.0,False,1050.0,False,924.0,False,943.0,False,777.0,False,1.0,True,1.0,1142.0,0.00010366827246821586,True,0.0033895873522468093,0.0021212544547366432,0.0008134213992904227,rollover,1.0,12.0,1.0,10.0,1.0,0.0,0.0,0.0,1.0,0.0,0.0,0.0,0.0,0.0,0.0,0.0,0.0,0.0,0.0,0.0,0.0007494281729743244
HUST_4-4,HUST,1491,1491,0,False,1.1713454265734264,1.1713454265734264,False,0.2913454265734263,False,1491.0,1.1713454265734264,1.1713454265734264,1.1713454265734264,1.1713454265734264,,False,,False,,False,1491.0,False,1491.0,False,1351.0,False,1356.0,False,1191.0,False,1208.0,False,992.0,False,1.0,True,1.0,1491.0,0.00010793291893307355,True,0.0031875878912668906,0.00205985268408441,0.0007874464397215071,rollover,1.0,3.0,1.0,2.0,1.0,8.0,1.0,7.0,1.0,7.0,1.0,5.0,0.0,0.0,0.0,0.0,0.0,0.0,0.0,0.0,0.0005892468429648313
HUST_4-5,HUST,1561,1561,0,False,1.1944593763791764,1.1944593763791764,False,0.3144593763791763,False,1561.0,1.1944593763791764,1.1944593763791764,1.1944593763791764,1.1944593763791764,,False,,False,,False,1524.0,False,1561.0,False,1372.0,False,1426.0,False,1207.0,False,1280.0,False,1004.0,False,1.0,True,1.0,1561.0,0.00011509230769291001,True,0.0037017801649690987,0.002507920697669106,0.0007497773699317827,rollover,8.0,4.0,0.0,4.0,0.0,8.0,0.0,8.0,1.0,12.0,0.0,10.0,1.0,6.0,1.0,5.0,1.0,0.0,1.0,0.0,0.0004932067870039833
HUST_4-6,HUST,1380,1380,0,False,1.1703703546231548,1.1703703546231548,False,0.29037035462315464,False,1380.0,1.1703703546231548,1.1703703546231548,1.1703703546231548,1.1703703546231548,,False,,False,,False,1380.0,False,1380.0,False,1244.0,False,1247.0,False,1077.0,False,1091.0,False,878.0,False,1.0,True,1.0,1380.0,9.907075887083394e-05,True,0.0030639465846759657,0.0018016925179186979,0.0007524791646664324,rollover,1.0,8.0,1.0,6.0,1.0,13.0,1.0,10.0,1.0,2.0,1.0,1.0,1.0,2.0,0.0,1.0,0.0,1.0,0.0,0.0,0.0005933687921985735
HUST_4-7,HUST,2216,2216,0,False,1.2279596658896657,1.2279596658896657,False,0.34795966588966554,False,2216.0,1.2279596658896657,1.2279596658896657,1.2279596658896657,1.2279596658896657,,False,,False,,False,2050.0,False,2216.0,False,1805.0,False,1994.0,False,1566.0,False,1775.0,False,1281.0,False,1.0,True,1.0,2216.0,0.00010496348096356023,True,0.003926709264001348,0.0036980423778623156,0.0009743417997182521,rollover,0.0,0.0,0.0,0.0,0.0,0.0,0.0,0.0,0.0,0.0,0.0,0.0,1.0,0.0,1.0,0.0,1.0,0.0,1.0,0.0,0.0014271762435735863
HUST_4-8,HUST,1706,1706,0,False,1.1990569747733786,1.180763662004662,True,0.31905697477337847,False,1706.0,1.180763662004662,1.1911114586376628,1.1990569747733786,1.2022357620305661,,False,,False,,False,1693.0,False,1706.0,False,1542.0,False,1566.0,False,1387.0,False,1424.0,False,1192.0,False,20.0,True,20.0,1706.0,0.02147210002590416,False,0.0046051670857097295,0.0020718400469489973,0.0007419050910690183,rollover,0.0,1.0,0.0,1.0,0.0,0.0,0.0,0.0,0.0,0.0,0.0,0.0,0.0,0.0,0.0,0.0,0.0,0.0,0.0,0.0,0.0011242421937282948
HUST_5-1,HUST,2507,2507,0,False,1.2056354057498062,1.2056354057498062,False,0.3256354057498061,False,2507.0,1.2056354057498062,1.2056354057498062,1.2056354057498062,1.2056354057498062,,False,,False,,False,2391.0,False,2507.0,False,2104.0,False,2243.0,False,1807.0,False,1982.0,False,1382.0,False,1.0,True,1.0,2507.0,0.00019157984977979936,True,0.003986639488101447,0.0020814662085844758,0.0011685793650375623,rollover,0.0,0.0,0.0,0.0,1.0,0.0,1.0,0.0,1.0,0.0,1.0,0.0,1.0,0.0,1.0,0.0,1.0,0.0,0.0,0.0,0.0017391297514726836
HUST_5-2,HUST,1926,1926,0,False,1.1866618963481002,1.169755575757576,True,0.30666189634810004,False,1926.0,1.169755575757576,1.1792941153587193,1.1866618963481002,1.1924644144004186,,False,,False,,False,1926.0,False,1926.0,False,1752.0,False,1754.0,False,1563.0,False,1578.0,False,1337.0,False,20.0,True,20.0,1926.0,0.022885064832948387,False,0.0044501770232394594,0.002127482275731619,0.0006580083707245526,rollover,3.0,1.0,3.0,1.0,2.0,1.0,1.0,1.0,1.0,1.0,0.0,1.0,0.0,1.0,0.0,1.0,0.0,1.0,0.0,1.0,0.0008445831311349343
HUST_5-3,HUST,2689,2689,0,False,1.2017634859362858,1.2017634859362858,False,0.3217634859362857,False,2689.0,1.2017634859362858,1.2017634859362858,1.2017634859362858,1.2017634859362858,,False,,False,,False,2591.0,False,2689.0,False,2306.0,False,2434.0,False,1995.0,False,2166.0,False,1537.0,False,1.0,False,1.0,2689.0,0.00037398010877987,True,0.00512988442739173,0.002114372914223176,0.0010618847926295194,rollover,2.0,2.0,1.0,2.0,0.0,0.0,0.0,0.0,0.0,0.0,0.0,0.0,1.0,0.0,1.0,0.0,1.0,0.0,1.0,0.0,0.0012987964649308864
HUST_5-4,HUST,1962,1962,0,False,1.179970822843823,1.179970822843823,False,0.2999708228438229,False,1962.0,1.179970822843823,1.179970822843823,1.179970822843823,1.179970822843823,,False,,False,,False,1943.0,False,1962.0,False,1715.0,False,1748.0,False,1506.0,False,1552.0,False,1266.0,False,1.0,True,1.0,1962.0,0.0002352814814809978,True,0.0035683018718740216,0.003271856982946947,0.0012147934143881592,rollover,3.0,0.0,2.0,0.0,1.0,0.0,0.0,0.0,0.0,0.0,0.0,0.0,0.0,0.0,0.0,0.0,0.0,0.0,0.0,0.0,0.0018272834202797033
HUST_5-5,HUST,1583,1583,0,False,1.1865113972028012,1.1715438983682986,True,0.3065113972028011,False,1583.0,1.1715438983682986,1.1798885564361603,1.1865113972028012,1.1914008167832209,,False,,False,,False,1583.0,False,1583.0,False,1416.0,False,1422.0,False,1236.0,False,1254.0,False,1030.0,False,20.0,True,20.0,1583.0,0.01985691841492221,False,0.0027165302962871836,0.0019671719047166915,0.0005574751892191575,rollover,0.0,4.0,0.0,1.0,2.0,0.0,2.0,0.0,4.0,1.0,2.0,1.0,1.0,1.0,0.0,1.0,2.0,1.0,1.0,1.0,0.0005458628617194347
HUST_5-6,HUST,2460,2460,0,False,1.2032417255633254,1.2032417255633254,False,0.3232417255633253,False,2460.0,1.2032417255633254,1.2032417255633254,1.2032417255633254,1.2032417255633254,,False,,False,,False,2351.0,False,2460.0,False,2069.0,False,2198.0,False,1782.0,False,1942.0,False,1391.0,False,1.0,True,1.0,2460.0,0.00010938741258748053,True,0.004171990973151257,0.0024197708840336804,0.0010157981332071533,rollover,0.0,0.0,0.0,0.0,0.0,0.0,0.0,0.0,1.0,0.0,1.0,0.0,1.0,0.0,1.0,0.0,1.0,0.0,1.0,0.0,0.0014486246183775583
HUST_5-7,HUST,1448,1448,0,False,1.1768484141414142,1.1768484141414142,False,0.29684841414141405,False,1448.0,1.1768484141414142,1.1768484141414142,1.1768484141414142,1.1768484141414142,,False,,False,,False,1444.0,False,1448.0,False,1311.0,False,1326.0,False,1159.0,False,1187.0,False,963.0,False,1.0,True,1.0,1448.0,0.00010441688681672723,True,0.0035325386678197036,0.002040169740180231,0.0008429149695304144,rollover,1.0,11.0,0.0,10.0,0.0,0.0,0.0,0.0,0.0,0.0,0.0,0.0,1.0,0.0,1.0,0.0,0.0,0.0,0.0,0.0,0.0007877903815497554
HUST_6-1,HUST,1609,1609,0,False,1.17404611981352,1.17404611981352,False,0.2940461198135198,False,1609.0,1.17404611981352,1.17404611981352,1.17404611981352,1.17404611981352,,False,,False,,False,1608.0,False,1609.0,False,1425.0,False,1437.0,False,1242.0,False,1268.0,False,1005.0,False,1.0,True,1.0,1609.0,0.00013384542864547377,True,0.002905489490969291,0.00189416842018054,0.0008745559350200061,rollover,2.0,3.0,1.0,2.0,0.0,0.0,0.0,0.0,0.0,0.0,0.0,0.0,0.0,0.0,0.0,0.0,1.0,0.0,1.0,0.0,0.001034709466579236
HUST_6-2,HUST,1908,1908,0,False,1.1987315846153885,1.1819873560217562,True,0.3187315846153884,False,1908.0,1.1819873560217562,1.191480724112928,1.1987315846153885,1.2053152527842568,,False,,False,,False,1888.0,False,1908.0,False,1694.0,False,1730.0,False,1486.0,False,1540.0,False,1253.0,False,20.0,True,20.0,1908.0,0.023327896762500577,False,0.0034340493460603442,0.0023705240006910108,0.0005436056796343688,rollover,3.0,11.0,3.0,7.0,2.0,0.0,1.0,0.0,1.0,0.0,0.0,0.0,3.0,0.0,2.0,0.0,3.0,1.0,3.0,1.0,0.0004555270854966946
HUST_6-3,HUST,1804,1804,0,False,1.194666576793581,1.1791560001554002,True,0.3146665767935808,False,1804.0,1.1791560001554002,1.1875904228438268,1.194666576793581,1.198067816990421,,False,,False,,False,1790.0,False,1804.0,False,1605.0,False,1629.0,False,1430.0,False,1466.0,False,1222.0,False,20.0,True,20.0,1804.0,0.018911816835020856,False,0.004715911761927832,0.0029841689456945645,0.0010417241134386777,rollover,0.0,0.0,0.0,0.0,0.0,0.0,0.0,0.0,0.0,0.0,0.0,0.0,0.0,0.0,0.0,0.0,0.0,0.0,0.0,0.0,0.00157634378767426
HUST_6-4,HUST,1717,1717,0,False,1.1777274068376067,1.1777274068376067,False,0.29772740683760657,False,1717.0,1.1777274068376067,1.1777274068376067,1.1777274068376067,1.1777274068376067,,False,,False,,False,1708.0,False,1717.0,False,1521.0,False,1544.0,False,1316.0,False,1356.0,False,1063.0,False,1.0,True,1.0,1717.0,0.00010546117586129888,True,0.002690640242753236,0.0017599738994803628,0.0007792321635935192,rollover,2.0,3.0,0.0,2.0,0.0,6.0,0.0,5.0,1.0,10.0,0.0,9.0,1.0,12.0,0.0,11.0,1.0,6.0,1.0,5.0,0.00047997853696612466
HUST_6-5,HUST,2178,2178,0,False,1.1853468556332556,1.1853468556332556,False,0.3053468556332555,False,2178.0,1.1853468556332556,1.1853468556332556,1.1853468556332556,1.1853468556332556,,False,,False,,False,2145.0,False,2178.0,False,1915.0,False,1968.0,False,1663.0,False,1742.0,False,1334.0,False,1.0,True,1.0,2178.0,0.00015767645687647658,True,0.0039979750478264554,0.0017784006876101009,0.0005525350287244196,rollover,6.0,3.0,2.0,3.0,1.0,6.0,0.0,5.0,0.0,6.0,0.0,5.0,1.0,9.0,1.0,9.0,0.0,7.0,0.0,5.0,0.0004099760851147328
HUST_6-6,HUST,2468,2468,0,False,1.1848687725459766,1.1712826786324784,True,0.30486877254597644,False,2468.0,1.1712826786324784,1.1773388698782736,1.1848687725459766,1.1922492788914827,,False,,False,,False,2468.0,False,2468.0,False,2197.0,False,2207.0,False,1898.0,False,1931.0,False,1553.0,False,20.0,True,20.0,2468.0,0.021440608712772535,False,0.0033100636890392838,0.0017790632394556808,0.000797618284748345,rollover,1.0,20.0,1.0,16.0,2.0,1.0,1.0,0.0,6.0,1.0,5.0,1.0,3.0,1.0,1.0,1.0,1.0,1.0,1.0,1.0,0.0007894174719854757
HUST_6-8,HUST,2450,2450,0,False,1.2062976310800315,1.2062976310800315,False,0.3262976310800314,False,2450.0,1.2062976310800315,1.2062976310800315,1.2062976310800315,1.2062976310800315,,False,,False,,False,2314.0,False,2450.0,False,1992.0,False,2148.0,False,1680.0,False,1864.0,False,1302.0,False,1.0,True,1.0,2450.0,0.00010263791763787111,True,0.004406734785321862,0.00356547325641721,0.0011669059161651652,rollover,3.0,13.0,1.0,11.0,1.0,16.0,0.0,10.0,1.0,0.0,0.0,0.0,0.0,0.0,0.0,0.0,1.0,0.0,1.0,0.0,0.000912375656802864
HUST_7-1,HUST,1690,1690,0,False,1.1825962915306916,1.1825962915306916,False,0.30259629153069145,False,1690.0,1.1825962915306916,1.1825962915306916,1.1825962915306916,1.1825962915306916,,False,,False,,False,1671.0,False,1690.0,False,1494.0,False,1529.0,False,1291.0,False,1345.0,False,1043.0,False,1.0,True,1.0,1690.0,0.00010325366485353094,True,0.0031897492384779513,0.0017266298778930264,0.0007821018868214416,rollover,1.0,10.0,1.0,9.0,1.0,0.0,1.0,0.0,0.0,0.0,0.0,0.0,0.0,0.0,0.0,0.0,0.0,0.0,0.0,0.0,0.0007851643330912674
HUST_7-2,HUST,2030,2030,0,False,1.2004356013986055,1.190936596114996,False,0.3204356013986054,False,2030.0,1.190936596114996,1.1983244731934772,1.2004356013986055,1.2004356013986055,,False,,False,,False,2000.0,False,2030.0,False,1845.0,False,1893.0,False,1631.0,False,1722.0,False,1301.0,False,19.0,True,19.0,2030.0,0.009499005283609474,True,0.006555933779307543,0.000978143920305357,0.0009721129880072269,rollover,0.0,10.0,0.0,7.0,1.0,0.0,0.0,0.0,1.0,0.0,0.0,0.0,1.0,0.0,1.0,0.0,0.0,0.0,0.0,0.0,0.0009920158232409858
HUST_7-3,HUST,1295,1295,0,False,1.170555916550117,1.170555916550117,False,0.2905559165501168,False,1295.0,1.170555916550117,1.170555916550117,1.170555916550117,1.170555916550117,,False,,False,,False,1295.0,False,1295.0,False,1177.0,False,1180.0,False,1056.0,False,1067.0,False,895.0,False,1.0,True,1.0,1295.0,0.00011200000000011201,True,0.0033293975250438543,0.0019823476966253878,0.0008104534584352484,rollover,2.0,0.0,2.0,0.0,1.0,0.0,1.0,0.0,3.0,0.0,2.0,0.0,2.0,0.0,1.0,0.0,1.0,0.0,0.0,0.0,0.000971957482646361
HUST_7-4,HUST,1393,1393,0,False,1.172528566122766,1.172528566122766,False,0.2925285661227659,False,1393.0,1.172528566122766,1.172528566122766,1.172528566122766,1.172528566122766,,False,,False,,False,1393.0,False,1393.0,False,1270.0,False,1277.0,False,1140.0,False,1156.0,False,971.0,False,1.0,True,1.0,1393.0,0.00011011893291912322,True,0.0032730743526004093,0.00198502579775977,0.0008186765009008835,rollover,0.0,1.0,0.0,1.0,1.0,0.0,0.0,0.0,0.0,0.0,0.0,0.0,1.0,0.0,1.0,0.0,1.0,0.0,1.0,0.0,0.0009896802380444508
HUST_7-5,HUST,1873,1873,0,False,1.1975136004144047,1.183109502874903,True,0.3175136004144046,False,1873.0,1.183109502874903,1.194002537943542,1.1975136004144047,1.1988797735301777,,False,,False,,False,1858.0,False,1873.0,False,1709.0,False,1739.0,False,1532.0,False,1583.0,False,1296.0,False,20.0,True,20.0,1873.0,0.0157702706552747,False,0.005512871628323634,0.0014435737228725189,0.0005836517589714429,rollover,2.0,19.0,1.0,16.0,0.0,18.0,0.0,12.0,1.0,2.0,1.0,0.0,1.0,0.0,1.0,0.0,1.0,0.0,0.0,0.0,0.000482772574541715
HUST_7-6,HUST,1419,1419,0,False,1.174396781973582,1.174396781973582,False,0.294396781973582,False,1419.0,1.174396781973582,1.174396781973582,1.174396781973582,1.174396781973582,,False,,False,,False,1418.0,False,1419.0,False,1293.0,False,1303.0,False,1151.0,False,1172.0,False,976.0,False,1.0,True,1.0,1419.0,0.00011099740999753749,True,0.003712058574638722,0.0024414663674964454,0.0007087281961693946,rollover,1.0,10.0,1.0,6.0,1.0,10.0,1.0,8.0,1.0,2.0,1.0,1.0,1.0,0.0,1.0,0.0,1.0,0.0,1.0,0.0,0.000565667605148234
HUST_7-7,HUST,1685,1685,0,False,1.174172407770008,1.174172407770008,False,0.29417240777000786,False,1685.0,1.174172407770008,1.174172407770008,1.174172407770008,1.174172407770008,,False,,False,,False,1684.0,False,1685.0,False,1528.0,False,1539.0,False,1355.0,False,1380.0,False,1131.0,False,1.0,False,1.0,1685.0,0.00010763242683231589,True,0.0035901084758494864,0.001905621055686896,0.0007070187484508603,rollover,5.0,5.0,1.0,3.0,1.0,7.0,0.0,7.0,1.0,8.0,1.0,7.0,1.0,1.0,1.0,0.0,0.0,0.0,0.0,0.0,0.0005202523859257138
HUST_7-8,HUST,1938,1938,0,False,1.1975598337218376,1.1805525227661233,True,0.3175598337218375,False,1938.0,1.1805525227661233,1.191198205076409,1.1975598337218376,1.2005221528101568,,False,,False,,False,1923.0,False,1938.0,False,1754.0,False,1783.0,False,1566.0,False,1612.0,False,1328.0,False,20.0,True,20.0,1938.0,0.019969630044033515,False,0.003932919828772288,0.0017032060182136058,0.0007146974142480848,rollover,0.0,0.0,0.0,0.0,2.0,0.0,2.0,0.0,1.0,0.0,0.0,0.0,2.0,0.0,2.0,0.0,0.0,0.0,0.0,0.0,0.0008712330960036488
HUST_8-1,HUST,1308,1308,0,False,1.1758087916083915,1.1758087916083915,False,0.29580879160839135,False,1308.0,1.1758087916083915,1.1758087916083915,1.1758087916083915,1.1758087916083915,,False,,False,,False,1305.0,False,1308.0,False,1182.0,False,1193.0,False,1054.0,False,1076.0,False,890.0,False,1.0,True,1.0,1308.0,0.00010655006475013273,True,0.0031584180196300242,0.0022111604590713276,0.0006734985301753084,rollover,3.0,9.0,1.0,6.0,1.0,8.0,1.0,7.0,0.0,0.0,0.0,0.0,0.0,0.0,0.0,0.0,0.0,0.0,0.0,0.0,0.0006056750192503354
HUST_8-2,HUST,2041,2041,0,False,1.2005362913752917,1.2005362913752917,False,0.3205362913752916,False,2041.0,1.2005362913752917,1.2005362913752917,1.2005362913752917,1.2005362913752917,,False,,False,,False,1968.0,False,2041.0,False,1760.0,False,1847.0,False,1552.0,False,1659.0,False,1271.0,False,1.0,True,1.0,2041.0,0.00011262833462843957,True,0.005708441672705648,0.0033064035421917965,0.0009110576057371732,rollover,1.0,5.0,1.0,3.0,2.0,0.0,1.0,0.0,1.0,0.0,1.0,0.0,1.0,0.0,1.0,0.0,1.0,0.0,0.0,0.0,0.0011791976109855433
HUST_8-3,HUST,2290,2290,0,False,1.19608527588708,1.1845108371406374,True,0.3160852758870798,False,2290.0,1.1845108371406374,1.1909525198653237,1.19608527588708,1.1987571271691313,,False,,False,,False,2264.0,False,2290.0,False,2062.0,False,2107.0,False,1827.0,False,1900.0,False,1513.0,False,20.0,False,20.0,2290.0,0.014730436850560746,False,0.004682531974924364,0.001416964661839191,0.0007597244373533025,rollover,1.0,17.0,0.0,15.0,1.0,1.0,1.0,0.0,2.0,0.0,1.0,0.0,0.0,0.0,0.0,0.0,0.0,0.0,0.0,0.0,0.0007460397222250103
HUST_8-4,HUST,1885,1885,0,False,1.17896295959596,1.17896295959596,False,0.29896295959596,False,1885.0,1.17896295959596,1.17896295959596,1.17896295959596,1.17896295959596,,False,,False,,False,1874.0,False,1885.0,False,1691.0,False,1716.0,False,1503.0,False,1544.0,False,1259.0,False,1.0,True,1.0,1885.0,0.00011374524734542035,True,0.003712348897723697,0.002186661501705967,0.000768678031165097,rollover,3.0,1.0,2.0,1.0,0.0,0.0,0.0,0.0,0.0,0.0,0.0,0.0,0.0,0.0,0.0,0.0,1.0,0.0,1.0,0.0,0.0009097867228754578
HUST_8-5,HUST,1348,1348,0,False,1.171830412898213,1.171830412898213,False,0.291830412898213,False,1348.0,1.171830412898213,1.171830412898213,1.171830412898213,1.171830412898213,,False,,False,,False,1348.0,False,1348.0,False,1217.0,False,1223.0,False,1081.0,False,1096.0,False,912.0,False,1.0,True,1.0,1348.0,0.00010896301476281955,True,0.0027923606885220872,0.0022723242157649355,0.0007711696998210732,rollover,1.0,7.0,1.0,7.0,0.0,0.0,0.0,0.0,1.0,0.0,1.0,0.0,1.0,0.0,0.0,0.0,2.0,0.0,2.0,0.0,0.0008158683238064702
HUST_8-6,HUST,2365,2365,0,False,1.2207024501942507,1.2207024501942507,False,0.3407024501942506,False,2365.0,1.2207024501942507,1.2207024501942507,1.2207024501942507,1.2207024501942507,,False,,False,,False,2212.0,False,2365.0,False,1970.0,False,2134.0,False,1730.0,False,1916.0,False,1395.0,False,1.0,True,1.0,2365.0,0.00018270681170684533,True,0.004964537164916856,0.0034590044033321805,0.0010623884765791544,rollover,3.0,0.0,2.0,0.0,0.0,0.0,0.0,0.0,1.0,0.0,1.0,0.0,1.0,0.0,1.0,0.0,1.0,0.0,0.0,0.0,0.0016001686729939077
HUST_8-7,HUST,2047,2047,0,False,1.1807953165501168,1.1807953165501168,False,0.3007953165501167,False,2047.0,1.1807953165501168,1.1807953165501168,1.1807953165501168,1.1807953165501168,,False,,False,,False,2023.0,False,2047.0,False,1792.0,False,1828.0,False,1580.0,False,1630.0,False,1327.0,False,1.0,True,1.0,2047.0,0.00012685350945362828,True,0.003228429184820905,0.002927625633339308,0.0011815038762875384,rollover,2.0,0.0,1.0,0.0,1.0,0.0,1.0,0.0,2.0,0.0,0.0,0.0,0.0,0.0,0.0,0.0,0.0,0.0,0.0,0.0,0.00144258888938703
HUST_8-8,HUST,1679,1679,0,False,1.20080077601658,1.1872464024864025,True,0.32080077601657986,False,1679.0,1.1872464024864025,1.1952416773374812,1.20080077601658,1.203627418907023,,False,,False,,False,1656.0,False,1679.0,False,1505.0,False,1543.0,False,1339.0,False,1396.0,False,1129.0,False,20.0,True,20.0,1679.0,0.01638101642062062,False,0.004393878127265302,0.0016547453695339906,0.000590805240680471,rollover,1.0,1.0,1.0,1.0,3.0,1.0,1.0,1.0,2.0,0.0,2.0,0.0,0.0,0.0,0.0,0.0,0.0,0.0,0.0,0.0,0.0007805656290631384
HUST_9-1,HUST,2057,2057,0,False,1.210493996840201,1.1973466943278943,True,0.330493996840201,False,2057.0,1.1973466943278943,1.206530018803423,1.210493996840201,1.2109725828023867,,False,,False,,False,2011.0,False,2057.0,False,1846.0,False,1912.0,False,1641.0,False,1744.0,False,1330.0,False,20.0,True,20.0,2057.0,0.01362588847449242,False,0.0056444797061480515,0.0010802390992771958,0.0010290069697986009,rollover,0.0,0.0,0.0,0.0,2.0,0.0,2.0,0.0,0.0,0.0,0.0,0.0,3.0,0.0,3.0,0.0,0.0,0.0,0.0,0.0,0.0012718037406770747
HUST_9-2,HUST,2143,2143,0,False,1.2036551231287271,1.1899124775446772,True,0.323655123128727,False,2143.0,1.1899124775446772,1.1990500976431016,1.2036551231287271,1.205560723076927,,False,,False,,False,2104.0,False,2143.0,False,1906.0,False,1965.0,False,1676.0,False,1762.0,False,1391.0,False,20.0,True,20.0,2143.0,0.01564824553224975,False,0.004148822695285914,0.0017063935600101334,0.0007486565820531336,rollover,0.0,2.0,0.0,0.0,2.0,0.0,0.0,0.0,1.0,0.0,1.0,0.0,0.0,0.0,0.0,0.0,5.0,0.0,4.0,0.0,0.0008499446889844123
HUST_9-3,HUST,1905,1905,0,False,1.2056246012432053,1.1907210705516704,True,0.32562460124320514,False,1905.0,1.1907210705516704,1.2016226051282093,1.2056246012432053,1.2071693634809675,,False,,False,,False,1872.0,False,1905.0,False,1710.0,False,1759.0,False,1526.0,False,1599.0,False,1273.0,False,20.0,True,20.0,1905.0,0.01644829292929706,False,0.004623341447395634,0.0013280598864204864,0.0008197538942740552,rollover,0.0,0.0,0.0,0.0,1.0,0.0,0.0,0.0,1.0,0.0,1.0,0.0,1.0,0.0,0.0,0.0,1.0,0.0,1.0,0.0,0.0009869986401922603
HUST_9-4,HUST,1975,1975,0,False,1.2069192724682765,1.1924181549339548,True,0.32691927246827635,False,1975.0,1.1924181549339548,1.2030918733488771,1.2069192724682765,1.208327382854187,,False,,False,,False,1938.0,False,1975.0,False,1772.0,False,1826.0,False,1587.0,False,1665.0,False,1320.0,False,20.0,True,20.0,1975.0,0.015909227920232194,False,0.005474375480940726,0.0014454753917403653,0.000754246328544055,rollover,0.0,0.0,0.0,0.0,1.0,0.0,0.0,0.0,2.0,0.0,2.0,0.0,2.0,0.0,2.0,0.0,1.0,0.0,1.0,0.0,0.0009502329689191574
HUST_9-5,HUST,2168,2168,0,False,1.197905511991716,1.1864769376845377,True,0.3179055119917158,False,2168.0,1.1864769376845377,1.1935352970215012,1.197905511991716,1.1985846985237023,,False,,False,,False,2137.0,False,2168.0,False,1937.0,False,1988.0,False,1706.0,False,1782.0,False,1406.0,False,20.0,False,20.0,2168.0,0.01210776083916465,False,0.004588419473112322,0.001771549329312287,0.0008865185535542743,rollover,1.0,21.0,0.0,19.0,1.0,4.0,0.0,0.0,1.0,0.0,1.0,0.0,1.0,0.0,0.0,0.0,0.0,0.0,0.0,0.0,0.0007969689914794199
HUST_9-6,HUST,1742,1742,0,False,1.204779244910649,1.1913861625485627,True,0.3247792449106488,False,1742.0,1.1913861625485627,1.2005260492618532,1.204779244910649,1.2052857421393464,,False,,False,,False,1710.0,False,1742.0,False,1553.0,False,1603.0,False,1376.0,False,1448.0,False,1120.0,False,20.0,True,20.0,1742.0,0.013899579590783695,False,0.005945103106903847,0.0016077533603498896,0.000759678093459704,rollover,0.0,9.0,0.0,3.0,0.0,9.0,0.0,1.0,1.0,0.0,0.0,0.0,1.0,0.0,0.0,0.0,1.0,0.0,1.0,0.0,0.0007420532640024839
HUST_9-7,HUST,2012,2012,0,False,1.1996065325045364,1.1850706040404042,True,0.3196065325045363,False,2012.0,1.1850706040404042,1.1951419505309546,1.1996065325045364,1.2006139734265773,,False,,False,,False,1987.0,False,2012.0,False,1812.0,False,1851.0,False,1615.0,False,1677.0,False,1343.0,False,20.0,True,20.0,2012.0,0.015543369386173067,False,0.004977414456698011,0.0014545743864316555,0.0007796803209905433,rollover,0.0,11.0,0.0,7.0,1.0,0.0,1.0,0.0,0.0,0.0,0.0,0.0,1.0,0.0,1.0,0.0,3.0,0.0,2.0,0.0,0.0008309732333634337
HUST_9-8,HUST,2308,2308,0,False,1.1913103932141973,1.172632321056721,True,0.3113103932141972,False,2308.0,1.172632321056721,1.1856850416990456,1.1913103932141973,1.1932339643615684,,False,,False,,False,2308.0,False,2308.0,False,2088.0,False,2100.0,False,1842.0,False,1872.0,False,1545.0,False,20.0,True,20.0,2308.0,0.02060164330484726,False,0.004030964862051179,0.0020004629795999556,0.0007511088259983573,rollover,1.0,5.0,0.0,3.0,1.0,0.0,1.0,0.0,2.0,0.0,1.0,0.0,1.0,0.0,0.0,0.0,3.0,0.0,3.0,0.0,0.0008347321218298678
NASA_B0005,NASA_PCoE,168,168,0,False,1.8519394283960056,1.8519394283960056,False,0.25193942839600547,False,74.0,1.8519394283960056,1.8519394283960056,1.8519394283960056,1.8519394283960056,125.0,False,163.0,False,98.0,False,127.0,False,74.0,False,104.0,False,59.0,False,80.0,False,,True,64.0,False,1.0,False,1.0,74.0,0.03421128049537825,False,0.007679168259053688,0.007735509740341963,0.007564812491947885,rollover,3.0,2.0,0.0,0.0,1.0,0.0,0.0,0.0,0.0,0.0,0.0,0.0,0.0,0.0,0.0,0.0,0.0,0.0,0.0,0.0,0.010875101343592694
NASA_B0006,NASA_PCoE,168,167,1,False,2.0290099826055994,2.0290099826055994,False,0.4290099826055993,False,63.0,2.0290099826055994,2.0290099826055994,2.0290099826055994,2.0290099826055994,108.0,False,106.0,False,79.0,False,72.0,False,63.0,False,61.0,False,54.0,False,53.0,False,37.0,False,36.0,False,1.0,False,1.0,63.0,0.06267989653328954,False,0.01656198032315258,0.016236207039869974,0.015879255669401536,rollover,1.0,0.0,0.0,0.0,1.0,0.0,0.0,0.0,0.0,0.0,0.0,0.0,0.0,0.0,0.0,0.0,0.0,0.0,0.0,0.0,0.027520830367902163
NASA_B0007,NASA_PCoE,168,168,0,False,1.8859121048815188,1.8859121048815188,False,0.28591210488151875,False,85.0,1.8859121048815188,1.8859121048815188,1.8859121048815188,1.8859121048815188,168.0,False,,False,126.0,False,162.0,False,85.0,False,125.0,False,66.0,False,85.0,False,,True,66.0,False,1.0,False,1.0,85.0,0.02474358987636971,False,0.006219171179701215,0.006501021659417279,0.0053395035289216285,rollover,2.0,1.0,1.0,1.0,1.0,0.0,0.0,0.0,0.0,0.0,0.0,0.0,0.0,0.0,0.0,0.0,0.0,0.0,0.0,0.0,0.007804552981911683
NASA_B0018,NASA_PCoE,132,132,0,False,1.8534402570613984,1.8534402570613984,False,0.2534402570613983,False,60.0,1.8534402570613984,1.8534402570613984,1.8534402570613984,1.8534402570613984,97.0,False,,False,74.0,False,99.0,False,60.0,False,76.0,False,30.0,False,61.0,False,,True,33.0,False,1.0,False,1.0,60.0,0.06695138982065307,False,0.015528466064111263,0.014645747781479762,0.014058686480074679,rollover,1.0,0.0,1.0,0.0,1.0,0.0,1.0,0.0,1.0,0.0,0.0,0.0,1.0,0.0,0.0,0.0,0.0,0.0,0.0,0.0,0.020425943541093023
NASA_B0025,NASA_PCoE,28,28,0,False,1.849106698589152,1.849106698589152,False,0.2491066985891519,False,,1.849106698589152,1.849106698589152,1.849106698589152,1.849106698589152,,False,,False,,False,,False,,False,,False,,False,,False,,True,,False,1.0,False,1.0,28.0,0.0008501929518163198,True,0.00408130496967631,0.00407777384438866,0.0040445497342621005,rollover,0.0,0.0,0.0,0.0,0.0,0.0,0.0,0.0,0.0,0.0,0.0,0.0,0.0,0.0,0.0,0.0,0.0,0.0,0.0,0.0,0.005552146655117247
NASA_B0026,NASA_PCoE,28,26,2,False,1.816222225612228,1.8139607353588765,False,0.21622222561222793,False,,1.8139607353588765,1.816222225612228,1.816222225612228,1.816222225612228,,False,,False,,False,,False,,False,,False,,False,,False,,True,,False,3.0,False,3.0,26.0,0.017836227376179847,True,0.010026318483480854,0.010060106486269278,0.010009536055745356,rollover,0.0,0.0,0.0,0.0,0.0,0.0,0.0,0.0,0.0,0.0,0.0,0.0,0.0,0.0,0.0,0.0,0.0,0.0,0.0,0.0,0.008900394769055877
NASA_B0027,NASA_PCoE,28,28,0,False,1.818239968977594,1.818239968977594,False,0.218239968977594,False,,1.818239968977594,1.818239968977594,1.818239968977594,1.818239968977594,,False,,False,,False,,False,,False,,False,,False,,False,,True,,False,1.0,False,1.0,28.0,0.002192095324405452,True,0.004444567556594367,0.004580633124079622,0.0043576180383654555,rollover,0.0,0.0,0.0,0.0,0.0,0.0,0.0,0.0,0.0,0.0,0.0,0.0,0.0,0.0,0.0,0.0,0.0,0.0,0.0,0.0,0.005984614604821613
NASA_B0028,NASA_PCoE,28,28,0,False,1.805977662571386,1.805977662571386,False,0.20597766257138583,False,,1.805977662571386,1.805977662571386,1.805977662571386,1.805977662571386,,False,,False,,False,,False,,False,,False,,False,,False,,True,,False,1.0,False,1.0,28.0,5.6339909302094426e-05,True,0.0039941429308135625,0.0039399071890882376,0.0038412349653687084,rollover,0.0,0.0,0.0,0.0,0.0,0.0,0.0,0.0,0.0,0.0,0.0,0.0,0.0,0.0,0.0,0.0,0.0,0.0,0.0,0.0,0.0036220783118899665
NASA_B0029,NASA_PCoE,40,39,1,False,1.8369500418982991,1.8369500418982991,False,0.23695004189829905,False,,1.8369500418982991,1.8369500418982991,1.8369500418982991,1.8369500418982991,,False,,False,,False,,False,,False,,False,25.0,False,,False,,True,33.0,False,1.0,False,1.0,39.0,0.0,True,0.005182025251002815,0.005152791989358662,0.005121782425192226,rollover,1.0,0.0,0.0,0.0,0.0,0.0,0.0,0.0,0.0,0.0,0.0,0.0,0.0,0.0,0.0,0.0,0.0,0.0,0.0,0.0,0.00772594273427867
NASA_B0030,NASA_PCoE,40,40,0,False,1.7513167844616742,1.710700863600158,True,0.15131678446167407,False,32.0,1.710700863600158,1.7513167844616742,1.7513167844616742,1.7513167844616742,,False,,False,,False,,False,32.0,False,,False,,True,,False,,True,,False,6.0,False,6.0,32.0,0.04061592086151622,False,0.008042110962386302,0.008035905944255097,0.008024437941824987,rollover,0.0,0.0,0.0,0.0,0.0,0.0,0.0,0.0,0.0,0.0,0.0,0.0,0.0,0.0,0.0,0.0,0.0,0.0,0.0,0.0,0.01521167301386423
NASA_B0031,NASA_PCoE,40,39,1,False,1.8248716900414725,1.8248716900414725,False,0.22487169004147245,False,,1.8248716900414725,1.8248716900414725,1.8248716900414725,1.8248716900414725,,False,,False,,False,,False,,False,,False,32.0,False,,False,,True,,False,1.0,False,1.0,39.0,0.0022538069973823127,True,0.0059168704837774385,0.005898395691061962,0.005873514658728232,rollover,0.0,0.0,0.0,0.0,0.0,0.0,0.0,0.0,0.0,0.0,0.0,0.0,0.0,0.0,0.0,0.0,0.0,0.0,0.0,0.0,0.009058505364335768
NASA_B0032,NASA_PCoE,40,39,1,False,1.8906440940050562,1.8906440940050562,False,0.2906440940050561,False,,1.8906440940050562,1.8906440940050562,1.8906440940050562,1.8906440940050562,,False,,False,,False,,False,,False,,False,30.0,False,,False,,True,30.0,False,1.0,False,1.0,39.0,0.0,True,0.005962739010510586,0.006133736028583456,0.005834840720906291,rollover,0.0,0.0,0.0,0.0,0.0,0.0,0.0,0.0,0.0,0.0,0.0,0.0,0.0,0.0,0.0,0.0,0.0,0.0,0.0,0.0,0.009931920646675134
NASA_B0033,NASA_PCoE,197,190,7,False,1.6466436872907007,1.1892575156591594,True,0.046643687290700564,True,,1.1892575156591594,1.6432558996659425,1.6466436872907007,1.6625186963420753,108.0,False,134.0,False,75.0,False,134.0,False,,True,134.0,False,,True,134.0,False,,True,133.0,False,20.0,False,20.0,190.0,1.3631518745649316,False,0.1404957999746101,0.1361101632261872,0.13521326782036175,rollover,3.0,1.0,2.0,1.0,0.0,1.0,0.0,1.0,1.0,1.0,1.0,1.0,1.0,1.0,1.0,1.0,1.0,1.0,1.0,1.0,0.05379819077023624
NASA_B0034,NASA_PCoE,197,192,5,False,1.6816300176492887,1.6816300176492887,False,0.08163001764928857,True,,1.6816300176492887,1.6816300176492887,1.6816300176492887,1.6816300176492887,58.0,False,,False,5.0,False,183.0,False,,True,75.0,False,,True,11.0,False,,True,5.0,False,1.0,False,1.0,192.0,0.13703071144072254,False,0.02917791166733309,0.02910796809921399,0.028398083479588648,rollover,4.0,0.0,3.0,0.0,3.0,0.0,0.0,0.0,2.0,0.0,0.0,0.0,0.0,0.0,0.0,0.0,0.0,0.0,0.0,0.0,0.04214033082391202
NASA_B0036,NASA_PCoE,197,194,3,False,1.8051011164587945,1.8051011164587945,False,0.20510111645879436,False,183.0,1.8051011164587945,1.8051011164587945,1.8051011164587945,1.8051011164587945,,False,,False,,False,,False,183.0,False,,False,93.0,False,,False,,True,148.0,False,1.0,False,1.0,183.0,0.06314355670803984,False,0.007161286808966744,0.007087994181070801,0.0069182039037739285,rollover,1.0,1.0,1.0,1.0,2.0,1.0,1.0,0.0,1.0,0.0,0.0,0.0,0.0,0.0,0.0,0.0,0.0,0.0,0.0,0.0,0.011296721700258252
NASA_B0038,NASA_PCoE,47,46,1,False,1.8467042772311622,1.0897228263412844,True,0.24670427723116206,False,45.0,1.0897228263412844,1.1724152943315032,1.8467042772311622,1.8467042772311622,,False,,False,,False,,False,45.0,False,,False,43.0,False,,False,,True,,False,16.0,False,16.0,45.0,0.8648137574500515,False,0.016970735865163965,0.016741661496356138,0.01429999378773702,rollover,2.0,0.0,1.0,0.0,1.0,0.0,1.0,0.0,1.0,0.0,1.0,0.0,1.0,0.0,0.0,0.0,1.0,0.0,0.0,0.0,0.007204484766620674
NASA_B0039,NASA_PCoE,47,35,12,False,1.7716448235120288,1.7562250377160928,False,0.1716448235120287,False,32.0,1.7562250377160928,1.7716448235120288,1.7716448235120288,1.7716448235120288,35.0,False,,False,33.0,False,,False,32.0,False,35.0,False,,True,34.0,False,,True,32.0,False,6.0,False,6.0,32.0,0.015419785795935947,True,0.00867222586776467,0.011541607260162897,0.00847780545114971,rollover,1.0,1.0,1.0,1.0,1.0,1.0,1.0,1.0,1.0,1.0,1.0,1.0,1.0,1.0,1.0,1.0,1.0,1.0,1.0,1.0,0.004186883233482792
NASA_B0040,NASA_PCoE,47,35,12,False,1.7338527278063545,1.7183264847539734,False,0.13385272780635438,False,31.0,1.7183264847539734,1.7332987770882307,1.7338527278063545,1.7758814889422991,33.0,False,33.0,False,32.0,False,33.0,False,31.0,False,33.0,False,,True,32.0,False,,True,32.0,False,12.0,False,12.0,31.0,0.08704825147702655,False,0.006670122443938672,0.007568680864668387,0.006235712286841525,rollover,1.0,0.0,1.0,0.0,1.0,0.0,0.0,0.0,1.0,0.0,0.0,0.0,0.0,0.0,0.0,0.0,0.0,0.0,0.0,0.0,0.006130376456385356
NASA_B0041,NASA_PCoE,67,63,4,False,0.0557894049959584,0.05560860078183386,False,-1.5442105950040417,True,,0.05560860078183386,0.0557894049959584,0.0557894049959584,1.1302462723728792,,True,35.0,False,,True,35.0,False,,True,13.0,False,,True,10.0,False,,True,8.0,False,2.0,False,2.0,63.0,1.1745242372424844,False,9.633021094526487,5.8353099693561665,9.633021094522645,two_term_exponential,1.0,0.0,1.0,0.0,1.0,0.0,0.0,0.0,0.0,0.0,0.0,0.0,0.0,0.0,0.0,0.0,0.0,0.0,0.0,0.0,0.24408538705301427
NASA_B0042,NASA_PCoE,112,108,4,False,1.7332554361893322,1.7332554361893322,False,0.1332554361893321,False,35.0,1.7332554361893322,1.7332554361893322,1.7332554361893322,1.7332554361893322,39.0,False,40.0,False,39.0,False,39.0,False,35.0,False,39.0,False,,True,39.0,False,,True,38.0,False,1.0,False,1.0,35.0,0.002433670839523394,True,0.004824748354419834,0.004869515907928098,0.004736305325010607,rollover,1.0,0.0,1.0,0.0,1.0,0.0,1.0,0.0,0.0,0.0,0.0,0.0,0.0,0.0,0.0,0.0,0.0,0.0,0.0,0.0,0.006166540452528454
NASA_B0043,NASA_PCoE,112,108,4,False,1.7100642339880905,1.7100642339880905,False,0.1100642339880904,False,15.0,1.7100642339880905,1.7100642339880905,1.7100642339880905,1.7100642339880905,39.0,False,39.0,False,35.0,False,39.0,False,15.0,False,39.0,False,,True,38.0,False,,True,29.0,False,1.0,False,1.0,15.0,0.0,True,0.0012063481930304318,0.0014869130395878311,0.0013764762247736387,power_law,0.0,0.0,0.0,0.0,0.0,0.0,0.0,0.0,0.0,0.0,0.0,0.0,0.0,0.0,0.0,0.0,0.0,0.0,0.0,0.0,0.0026906760860069974
NASA_B0044,NASA_PCoE,112,108,4,False,1.6816032175914586,1.6816032175914586,False,0.0816032175914585,True,,1.6816032175914586,1.6816032175914586,1.6816032175914586,1.6816032175914586,38.0,False,39.0,False,27.0,False,39.0,False,,True,39.0,False,,True,38.0,False,,True,25.0,False,1.0,False,1.0,108.0,1.643024267419865,False,0.3731543114731664,0.33808535495207376,0.3286043964106666,rollover,0.0,0.0,0.0,0.0,0.0,0.0,0.0,0.0,0.0,0.0,0.0,0.0,0.0,0.0,0.0,0.0,0.0,0.0,0.0,0.0,0.7250963874475694
NASA_B0045,NASA_PCoE,72,69,3,False,0.9172421844459612,0.9172421844459612,False,-0.6827578155540389,True,,0.9172421844459612,0.9172421844459612,0.9172421844459612,0.9172421844459612,,True,51.0,False,,True,38.0,False,,True,19.0,False,,True,13.0,False,,True,6.0,False,1.0,False,1.0,69.0,0.013554851437912574,False,0.012861028919621473,0.01670792022172551,0.01412617495190023,power_law,2.0,0.0,0.0,0.0,1.0,0.0,0.0,0.0,0.0,0.0,0.0,0.0,0.0,0.0,0.0,0.0,0.0,0.0,0.0,0.0,0.009556530001985936
NASA_B0046,NASA_PCoE,72,68,4,False,1.511932307718117,1.511932307718117,False,-0.08806769228188305,True,,1.511932307718117,1.511932307718117,1.511932307718117,1.511932307718117,16.0,False,,False,,True,,False,,True,40.0,False,,True,26.0,False,,True,20.0,False,1.0,False,1.0,68.0,0.04830251402679364,False,0.021593658781596373,0.017252350557134716,0.016403358474315566,rollover,0.0,0.0,0.0,0.0,0.0,0.0,0.0,0.0,0.0,0.0,0.0,0.0,0.0,0.0,0.0,0.0,0.0,0.0,0.0,0.0,0.021674707146484284
NASA_B0047,NASA_PCoE,72,68,4,False,1.5207764415670204,1.5207764415670204,False,-0.07922355843297968,True,,1.5207764415670204,1.5207764415670204,1.5207764415670204,1.5207764415670204,10.0,False,,False,,True,45.0,False,,True,27.0,False,,True,21.0,False,,True,16.0,False,1.0,False,1.0,68.0,0.06298571405531495,False,0.02349873458968654,0.016719665292193597,0.01738643524199679,two_term_exponential,1.0,0.0,0.0,0.0,0.0,0.0,0.0,0.0,0.0,0.0,0.0,0.0,0.0,0.0,0.0,0.0,0.0,0.0,0.0,0.0,0.02471134320572806
NASA_B0048,NASA_PCoE,72,68,4,False,1.5050038334537565,1.5050038334537565,False,-0.09499616654624354,True,,1.5050038334537565,1.5050038334537565,1.5050038334537565,1.5050038334537565,14.0,False,,False,,True,,False,,True,44.0,False,,True,25.0,False,,True,18.0,False,1.0,False,1.0,68.0,0.07367012788267058,False,0.023123477177273526,0.016689801929811742,0.017732305129990102,two_term_exponential,0.0,0.0,0.0,0.0,0.0,0.0,0.0,0.0,0.0,0.0,0.0,0.0,0.0,0.0,0.0,0.0,0.0,0.0,0.0,0.0,0.024025117181315968
NASA_B0049,NASA_PCoE,25,23,2,False,1.565104125276807,1.565104125276807,False,-0.03489587472319311,True,,1.565104125276807,1.565104125276807,1.565104125276807,1.565104125276807,4.0,False,7.0,False,,True,7.0,False,,True,6.0,False,,True,5.0,False,,True,4.0,False,1.0,False,1.0,23.0,0.07889578423920884,False,0.15819432555204954,0.1627253742321681,0.15117114835580397,rollover,0.0,2.0,0.0,1.0,0.0,0.0,0.0,0.0,0.0,0.0,0.0,0.0,0.0,0.0,0.0,0.0,0.0,0.0,0.0,0.0,0.06619938480273833
NASA_B0050,NASA_PCoE,25,16,9,True,,,,,,,,,,,,,,,,,,,,,,,,,,,,,,,,,,,,,,,,,,,,,,,,,,,,,,,,,,,,,
NASA_B0051,NASA_PCoE,25,22,3,False,1.3205408588319105,1.3205408588319105,False,-0.27945914116808956,True,,1.3205408588319105,1.3205408588319105,1.3205408588319105,1.3205408588319105,,True,7.0,False,,True,5.0,False,,True,4.0,False,,True,4.0,False,,True,3.0,False,1.0,False,1.0,22.0,0.0,True,0.02920705340067438,0.05123732846827916,0.024162676239895355,rollover,0.0,0.0,0.0,0.0,0.0,0.0,0.0,0.0,0.0,0.0,0.0,0.0,0.0,0.0,0.0,0.0,0.0,0.0,0.0,0.0,0.02974601451304891
NASA_B0052,NASA_PCoE,25,3,22,True,,,,,,,,,,,,,,,,,,,,,,,,,,,,,,,,,,,,,,,,,,,,,,,,,,,,,,,,,,,,,
NASA_B0053,NASA_PCoE,56,55,1,False,1.1224429052637999,1.113757484210841,False,-0.4775570947362002,True,,1.113757484210841,1.1224429052637999,1.1224429052637999,1.1224429052637999,,True,,False,,True,,False,,True,,False,,True,,False,,True,38.0,False,4.0,False,4.0,55.0,0.08241572777893325,False,0.0259316213857063,0.02430992722310178,0.024328913651039417,two_term_exponential,1.0,0.0,0.0,0.0,1.0,0.0,0.0,0.0,1.0,0.0,0.0,0.0,0.0,0.0,0.0,0.0,0.0,0.0,0.0,0.0,0.023757678699791125
NASA_B0054,NASA_PCoE,103,101,2,False,1.1504531232642043,1.1504531232642043,False,-0.44954687673579574,True,,1.1504531232642043,1.1504531232642043,1.1504531232642043,1.1504531232642043,,True,,False,,True,97.0,False,,True,60.0,False,,True,31.0,False,,True,9.0,False,1.0,False,1.0,101.0,0.0544831248670854,False,0.021467996584735624,0.022017248163218178,0.021121595660850968,rollover,3.0,0.0,1.0,0.0,1.0,0.0,1.0,0.0,1.0,0.0,1.0,0.0,1.0,0.0,0.0,0.0,1.0,0.0,0.0,0.0,0.017855876337576265
NASA_B0055,NASA_PCoE,102,102,0,False,1.2544009301390688,1.0285693561948521,True,-0.34559906986093125,True,,1.0285693561948521,1.2544009301390688,1.2544009301390688,1.2544009301390688,,True,,False,,True,,False,,True,,False,,True,,False,,True,,False,6.0,False,6.0,102.0,0.2258315739442167,False,0.020523045425082886,0.020806729626557288,0.02035170624997387,rollover,3.0,0.0,1.0,0.0,3.0,0.0,1.0,0.0,1.0,0.0,0.0,0.0,0.0,0.0,0.0,0.0,0.0,0.0,0.0,0.0,0.02011335529316304
NASA_B0056,NASA_PCoE,102,101,1,False,1.3369488331300579,1.3369488331300579,False,-0.26305116686994223,True,,1.3369488331300579,1.3369488331300579,1.3369488331300579,1.3369488331300579,,True,,False,,True,,False,,True,,False,,True,63.0,False,,True,15.0,False,1.0,False,1.0,101.0,0.09714707352406249,False,0.02675608390999103,0.02769115204680325,0.02655599370177466,rollover,3.0,0.0,0.0,0.0,1.0,0.0,0.0,0.0,1.0,0.0,0.0,0.0,1.0,0.0,0.0,0.0,0.0,0.0,0.0,0.0,0.028015006591833085
