cell_id,n_stored,n_kept,n_dropped_by_cleaning,too_short,q1,q1_first,q1_material_diff,denominator,excluded_by_guard,T,q1_k20,T_r2_rho0.80,guard_r2_rho0.80,T_r1_rho0.80,guard_r1_rho0.80,fit_end,monotone_violation_Ah,monotone_within_tol,rmse_power_law,rmse_two_term_exponential,rmse_rollover,best_family_in_sample,n_pos_k2.5_m2,n_neg_k2.5_m2,residual_scale_Ah,option,dataset
MATR_b1c0,1850,1850,0,False,1.1709935890442928,1.1293408293706293,True,0.29099358904429273,False,1850.0,1.1709935890442928,1850.0,False,1790.0,False,1850.0,0.14934520666667006,False,0.011110223140033801,0.010404253281285789,0.010051210441130722,rollover,0.0,19.0,0.0032915456149151035,none,MATR
MATR_b1c1,2158,2158,0,False,1.082415053379957,1.0761058349650348,False,0.2024150533799569,False,2158.0,1.082415053379957,2158.0,False,,False,2158.0,0.0063092184149222685,True,0.006167853183771377,0.001880229249898703,0.0018246387043820043,rollover,9.0,7.0,0.0014816934050293595,none,MATR
MATR_b1c10,904,904,0,False,1.0817832839160877,1.0759630258741262,False,0.20178328391608757,False,,1.0817832839160877,,False,,False,904.0,0.00683768694639042,True,0.0031283453933002325,0.0010930091045697333,0.0010981980426167778,two_term_exponential,0.0,3.0,0.0008739831644032777,none,MATR
MATR_b1c11,786,786,0,False,1.0602274261072295,1.0546187083916083,False,0.18022742610722942,False,786.0,1.0602274261072295,786.0,False,,False,786.0,0.006528015850819413,True,0.003014238373860222,0.0020823262142834085,0.001245609679209395,rollover,3.0,3.0,0.0010474709807809393,none,MATR
MATR_b1c12,900,900,0,False,1.0821912965035,1.077824060839161,False,0.20219129650349998,False,,1.0821912965035,,False,,False,900.0,0.005363379953383429,True,0.003072442319016216,0.0009644153155268261,0.0008926180301830758,rollover,2.0,3.0,0.0007113869259259437,none,MATR
MATR_b1c13,895,895,0,False,1.0845483827505866,1.0801282853146852,False,0.2045483827505865,False,,1.0845483827505866,,False,,False,895.0,0.005417631934735656,True,0.0038973943384713336,0.0010397891299835306,0.0010412690113000187,two_term_exponential,0.0,1.0,0.0011036220114528444,none,MATR
MATR_b1c14,878,878,0,False,1.0757307463869499,1.0710733531468528,False,0.19573074638694976,False,878.0,1.0757307463869499,878.0,False,,False,878.0,0.006565865501169554,True,0.0035775022817385537,0.00272155257064251,0.0015954573464578676,rollover,0.0,1.0,0.001567047014818831,none,MATR
MATR_b1c15,717,717,0,False,1.0672611046620082,1.0614584069930066,False,0.18726110466200807,False,717.0,1.0672611046620082,717.0,False,,False,717.0,0.007683305361309012,True,0.0037715469048138278,0.0024308579107549886,0.0014867217616815142,rollover,0.0,2.0,0.0014912863305174523,none,MATR
MATR_b1c16,860,860,0,False,1.0861273305361343,1.081395756643357,False,0.2061273305361342,False,860.0,1.0861273305361343,860.0,False,,False,860.0,0.006865880885784215,True,0.004563985571692804,0.0023107481377794437,0.0015021716885673868,rollover,0.0,1.0,0.0012876016797587723,none,MATR
MATR_b1c17,855,855,0,False,1.077031979254083,1.0723514405594405,False,0.1970319792540829,False,855.0,1.077031979254083,855.0,False,,False,855.0,0.00661925664336005,True,0.003361741066932507,0.0022446266693100926,0.0014604609287525102,rollover,6.0,2.0,0.0011893816496160931,none,MATR
MATR_b1c18,689,689,0,False,1.070131970396274,1.0661330188811189,False,0.19013197039627383,False,689.0,1.070131970396274,689.0,False,,False,689.0,0.5285479888111904,False,0.06543684055281362,0.06445150589516682,0.06439792877606922,rollover,0.0,1.0,0.005357071330567826,none,MATR
MATR_b1c19,786,786,0,False,1.0891354750582787,1.0854258202797202,False,0.20913547505827856,False,786.0,1.0891354750582787,786.0,False,,False,786.0,0.0037096547785584466,True,0.004051762476833109,0.002659944234218817,0.001176408133877896,rollover,0.0,2.0,0.0013391369263752314,none,MATR
MATR_b1c2,2235,2235,0,False,1.0860130920745956,1.0808158895104898,False,0.2060130920745955,False,2235.0,1.0860130920745956,2235.0,False,,False,2235.0,0.03014882855477863,False,0.006279450574831675,0.002877902738789804,0.002871002249849341,rollover,0.0,6.0,0.002025717737464776,none,MATR
MATR_b1c20,532,532,0,False,1.0762344988345025,1.0729113167832167,False,0.1962344988345024,False,532.0,1.0762344988345025,532.0,False,,False,532.0,0.003323182051285789,True,0.00436037594638865,0.0017457360260753289,0.001689870540009715,rollover,0.0,2.0,0.0018916319076867684,none,MATR
MATR_b1c21,557,557,0,False,1.086218375291379,1.0827725083916084,False,0.20621837529137887,False,557.0,1.086218375291379,557.0,False,,False,557.0,0.0034458668997705555,True,0.006451376389044466,0.0015757923412588056,0.0015319421357306662,rollover,0.0,3.0,0.0015310362100581577,none,MATR
MATR_b1c22,889,889,0,False,1.0836297538461572,1.0796626181818183,False,0.2036297538461571,False,,1.0836297538461572,,False,,False,889.0,0.0042550440559474545,True,0.00269548814884713,0.0008457545464465347,0.0008610169093281331,two_term_exponential,0.0,1.0,0.0009274739939505106,none,MATR
MATR_b1c23,1012,1012,0,False,1.0831145179487216,1.0796933706293703,False,0.20311451794872148,False,1012.0,1.0831145179487216,1012.0,False,,False,1012.0,0.003696843123547122,True,0.0037705762181910996,0.0011656775714934979,0.0010471360455557744,rollover,0.0,1.0,0.0011813050953470594,none,MATR
MATR_b1c24,1015,1015,0,False,1.078371781585085,1.0747819678321677,False,0.19837178158508495,False,1015.0,1.078371781585085,1015.0,False,,False,1015.0,0.004109709090912794,True,0.0037387248997966496,0.0013479284990525215,0.001054300847100045,rollover,0.0,3.0,0.0010530213132667573,none,MATR
MATR_b1c25,852,852,0,False,1.0793122790209826,1.0755278615384611,False,0.19931227902098247,False,852.0,1.0793122790209826,852.0,False,,False,852.0,0.004211274825178801,True,0.002869749162552406,0.002141323359745248,0.0010075610549361686,rollover,0.0,3.0,0.0009497692705916159,none,MATR
MATR_b1c26,868,868,0,False,1.091463445454549,1.0879792692307695,False,0.21146344545454898,False,868.0,1.091463445454549,868.0,False,,False,868.0,0.003553378787882311,True,0.0034885789279912186,0.001503410319244795,0.0008531343355524939,rollover,6.0,4.0,0.0006827543321659205,none,MATR
MATR_b1c27,840,840,0,False,1.08276243636364,1.0793470111888113,False,0.20276243636363978,False,840.0,1.08276243636364,840.0,False,,False,840.0,0.0035799298368333066,True,0.003481984473845802,0.0012064634835926194,0.0007438391310051651,rollover,0.0,2.0,0.000672943428291275,none,MATR
MATR_b1c28,858,858,0,False,1.0811753869463905,1.0781334916083913,False,0.20117538694639037,False,858.0,1.0811753869463905,858.0,False,,False,858.0,0.0032806785547825346,True,0.0033392316712155946,0.0026527064922566134,0.0012209558824581089,rollover,0.0,2.0,0.0012562761104461943,none,MATR
MATR_b1c29,915,915,0,False,1.0832527911421947,1.0797808335664336,False,0.20325279114219463,False,915.0,1.0832527911421947,915.0,False,,False,915.0,0.003859194172497693,True,0.0037500862648891333,0.001953585024420946,0.0010262198788614275,rollover,0.0,2.0,0.0009111806550249819,none,MATR
MATR_b1c3,1432,1432,0,False,1.0849810657342693,1.0800317251748255,False,0.20498106573426922,False,1432.0,1.0849810657342693,1432.0,False,,False,1432.0,0.005979675524478756,True,0.004595302964441968,0.003469172006169641,0.0016571421709353092,rollover,4.0,4.0,0.0013217467904305758,none,MATR
MATR_b1c30,707,707,0,False,1.0838315762237798,1.080224300699301,False,0.20383157622377968,False,707.0,1.0838315762237798,707.0,False,,False,707.0,0.0036072755244787036,True,0.004532134273405536,0.0020730953460518366,0.0009077864785103569,rollover,0.0,1.0,0.0010164006056517007,none,MATR
MATR_b1c31,874,874,0,False,1.0983169682983722,1.09500627972028,False,0.2183169682983721,False,874.0,1.0983169682983722,874.0,False,874.0,False,874.0,0.003310688578092247,True,0.004307101382770755,0.002192530731071879,0.0009508014422504911,rollover,3.0,2.0,0.0008702395528468579,none,MATR
MATR_b1c32,729,729,0,False,1.0813510976690013,1.078123133566434,False,0.20135109766900117,False,729.0,1.0813510976690013,729.0,False,,False,729.0,0.003395782051285101,True,0.003547467171095022,0.002411617613759248,0.0011781559875515054,rollover,0.0,1.0,0.0013839600106581836,none,MATR
MATR_b1c33,755,755,0,False,1.0965167762237797,1.0928354300699297,False,0.21651677622377963,False,755.0,1.0965167762237797,755.0,False,755.0,False,755.0,0.0038153333333372785,True,0.003451721345645363,0.0019934474556733326,0.0009283316379142052,rollover,3.0,2.0,0.00087811488114427,none,MATR
MATR_b1c34,740,740,0,False,1.0804175680652717,1.0769782811188813,False,0.20041756806527156,False,740.0,1.0804175680652717,740.0,False,,False,740.0,0.0042933447552482296,True,0.00454539953577856,0.001849549224829374,0.0011955751394988033,rollover,1.0,1.0,0.001211048159782369,none,MATR
MATR_b1c35,701,701,0,False,1.0745774247086284,1.0711045055944053,False,0.19457742470862827,False,701.0,1.0745774247086284,701.0,False,,False,701.0,0.004569719347323309,True,0.0025241131776963114,0.0018996997066848917,0.0008636485513390728,rollover,0.0,1.0,0.0010225489732409447,none,MATR
MATR_b1c36,702,702,0,False,1.0819264717948753,1.078183753146853,False,0.20192647179487522,False,702.0,1.0819264717948753,702.0,False,,False,702.0,0.004104549417253134,True,0.0032835663186057684,0.002527587151025629,0.0010888640863701208,rollover,0.0,1.0,0.001199693017865477,none,MATR
MATR_b1c37,646,646,0,False,1.078749237529141,1.0751396951048953,False,0.19874923752914087,False,646.0,1.078749237529141,646.0,False,,False,646.0,0.004050552214455605,True,0.003277131625354617,0.002082471483497593,0.0009691206830234268,rollover,0.0,1.0,0.001161978500156747,none,MATR
MATR_b1c38,615,615,0,False,1.0764563393939428,1.0731666699300701,False,0.1964563393939427,False,615.0,1.0764563393939428,615.0,False,,False,615.0,0.003313591841495267,True,0.0036705997587580656,0.002279986131264336,0.0014907679222427642,rollover,0.0,1.0,0.001876244498800796,none,MATR
MATR_b1c39,623,623,0,False,1.0860723601398639,1.0821603916083913,False,0.20607236013986374,False,623.0,1.0860723601398639,623.0,False,,False,623.0,0.004155755011658879,True,0.0033150289712264823,0.0026462885783662803,0.0013396758334705272,rollover,0.0,1.0,0.0015611218203091047,none,MATR
MATR_b1c4,1707,1707,0,False,1.0828334538461575,1.078335218881119,False,0.20283345384615736,False,1707.0,1.0828334538461575,1707.0,False,,False,1707.0,0.005767561771565344,True,0.005042672150819819,0.0018058381054838573,0.0015946481023743299,rollover,4.0,4.0,0.0011875465737665853,none,MATR
MATR_b1c40,964,964,0,False,1.0874031818181855,1.0836753895104898,False,0.2074031818181854,False,964.0,1.0874031818181855,964.0,False,,False,964.0,0.003982045920749133,True,0.0027862614029449733,0.0008445909175820368,0.0005640752770002459,rollover,4.0,3.0,0.0004952020273637408,none,MATR
MATR_b1c41,1049,1049,0,False,1.083128194405598,1.0793120965034964,False,0.20312819440559782,False,1049.0,1.083128194405598,1049.0,False,,False,1049.0,0.004368436363640038,True,0.004488634032729597,0.0016326840993775382,0.0011716136956704743,rollover,0.0,1.0,0.0014442675334152577,none,MATR
MATR_b1c42,700,700,0,False,1.084126252214456,1.0803204608391612,False,0.2041262522144558,False,700.0,1.084126252214456,700.0,False,,False,700.0,0.004347235897439239,True,0.002639312695679807,0.0027402356415288437,0.000937051419519009,rollover,0.0,1.0,0.001129454694013087,none,MATR
MATR_b1c43,649,649,0,False,1.0716266890442927,1.0685591825174825,False,0.1916266890442926,False,649.0,1.0716266890442927,649.0,False,,False,649.0,0.003067506526810204,True,0.0035692540319714333,0.002676263036197385,0.0010100418460091691,rollover,0.0,1.0,0.0010419526635368117,none,MATR
MATR_b1c44,614,614,0,False,1.088312417249421,1.0851293657342658,False,0.20831241724942084,False,614.0,1.088312417249421,614.0,False,,False,614.0,0.0031830515151551886,True,0.002558399396020303,0.002686691243583594,0.0007916931786247218,rollover,0.0,1.0,0.0008481418813232077,none,MATR
MATR_b1c45,597,597,0,False,1.0878406757575796,1.0843047762237767,False,0.20784067575757947,False,597.0,1.0878406757575796,597.0,False,,False,597.0,0.003942134265737307,True,0.0026693899465561597,0.002642649264807713,0.0010444792449712914,rollover,0.0,1.0,0.0011505105826390815,none,MATR
MATR_b1c5,1072,1072,0,False,1.0803666487179524,1.0760026384615384,False,0.2003666487179523,False,1072.0,1.0803666487179524,1072.0,False,,False,1072.0,0.030305163986014017,False,0.007070333048009522,0.00361133881912265,0.003604185828454985,rollover,0.0,2.0,0.0022637052691677003,none,MATR
MATR_b1c6,634,634,0,False,1.0817062920745957,1.0760879349650352,False,0.20170629207459556,False,634.0,1.0817062920745957,634.0,False,,False,634.0,0.006002190675994168,True,0.006175899828918446,0.0014102266848731613,0.0013539121821005238,rollover,1.0,2.0,0.0014696669200575411,none,MATR
MATR_b1c7,868,868,0,False,1.097762040326344,1.0941548832167836,False,0.21776204032634383,False,868.0,1.097762040326344,868.0,False,868.0,False,868.0,0.0037782020979053588,True,0.0034902877666845005,0.001384572580741903,0.0008085720772497256,rollover,2.0,4.0,0.0006492299777522199,none,MATR
MATR_b1c8,877,877,0,False,1.0950940948717987,1.0903108944055948,False,0.21509409487179854,False,,1.0950940948717987,,False,,False,877.0,0.005386692773895918,True,0.003251563928666881,0.0010114087805688447,0.00099326448378368,rollover,3.0,6.0,0.0007397666555462838,none,MATR
MATR_b1c9,1052,1052,0,False,1.0876293834498871,1.0829975902097908,False,0.20762938344988702,False,1052.0,1.0876293834498871,1052.0,False,,False,1052.0,0.005750127738930688,True,0.0038536707756684466,0.0010047648155310533,0.0009721264040866528,rollover,1.0,2.0,0.0008239767385752041,none,MATR
MATR_b2c0,325,325,0,False,1.0730828268065304,1.0707877006993007,False,0.19308282680653033,False,299.0,1.0730828268065304,299.0,False,311.0,False,299.0,0.004716003962703885,True,0.0019535421154428666,0.0019566090228378625,0.0019858864669791013,power_law,0.0,2.0,0.0014084412325334277,none,MATR
MATR_b2c1,169,169,0,False,1.0729408174825175,1.0729408174825175,False,0.19294081748251735,False,147.0,1.0729408174825175,147.0,False,157.0,False,147.0,0.0,True,0.0012997434962058185,0.0009005349645223432,0.0009360552006265616,two_term_exponential,0.0,0.0,0.0010529598279833924,none,MATR
MATR_b2c10,595,595,0,False,1.0738626494172532,1.069494112587413,False,0.19386264941725306,False,560.0,1.0738626494172532,560.0,False,576.0,False,560.0,0.04001362365967376,False,0.007239425474138998,0.005670107628815746,0.005670147537077083,two_term_exponential,4.0,2.0,0.0007539667661392867,none,MATR
MATR_b2c11,504,504,0,False,1.0757885573426609,1.072076329370629,False,0.19578855734266076,False,476.0,1.0757885573426609,476.0,False,487.0,False,476.0,0.037236873659673764,False,0.006743321193167154,0.005822039142480508,0.005832974647368667,two_term_exponential,0.0,3.0,0.0010040159289364298,none,MATR
MATR_b2c12,490,490,0,False,1.074213560372964,1.0715449734265738,False,0.19421356037296378,False,457.0,1.074213560372964,457.0,False,471.0,False,457.0,0.1357739790209792,False,0.020948403193369183,0.020600817345757052,0.02060170709259313,two_term_exponential,0.0,0.0,0.0026586518358093767,none,MATR
MATR_b2c13,519,519,0,False,1.0831339678321714,1.080748500699301,False,0.2031339678321713,False,482.0,1.0831339678321714,482.0,False,493.0,False,482.0,0.005738246153846216,True,0.0064510298709209895,0.0016298164763741047,0.0015143444707043944,rollover,1.0,1.0,0.0009512713777516695,none,MATR
MATR_b2c14,508,508,0,False,1.0825336011655047,1.0785424734265736,False,0.20253360116550456,False,484.0,1.0825336011655047,484.0,False,492.0,False,484.0,0.00431030000000332,True,0.004188375711833982,0.0013490390324082382,0.001357160297288979,two_term_exponential,0.0,1.0,0.0017171278625973188,none,MATR
MATR_b2c17,524,524,0,False,1.0746564020979057,1.067748309090909,False,0.19465640209790558,False,493.0,1.0746564020979057,493.0,False,508.0,False,493.0,0.0169814505827508,False,0.004899467474282003,0.002585710849868605,0.002585744127410247,two_term_exponential,0.0,3.0,0.0019713318419516145,none,MATR
MATR_b2c18,522,522,0,False,1.067379839393943,1.0641967489510487,False,0.18737983939394298,False,486.0,1.067379839393943,486.0,False,505.0,False,486.0,0.003183090442894443,True,0.00589255548044562,0.0014387563570592114,0.0014221236165739288,rollover,0.0,1.0,0.0014035480700807562,none,MATR
MATR_b2c19,488,488,0,False,1.049446110489514,1.0480099615384617,False,0.16944611048951397,False,461.0,1.049446110489514,461.0,False,482.0,False,461.0,0.001436148951052374,True,0.006564783113533158,0.000737590705642806,0.0006008805987214198,rollover,0.0,2.0,0.00040408551040940576,none,MATR
MATR_b2c2,463,463,0,False,1.0788818755244791,1.0742747895104898,False,0.198881875524479,False,437.0,1.0788818755244791,437.0,False,447.0,False,437.0,0.0053405482517514535,True,0.004784293866380722,0.0017864817379149287,0.0017979101134436468,two_term_exponential,0.0,1.0,0.0021489824163753906,none,MATR
MATR_b2c20,530,530,0,False,1.0888189480186514,1.083628142657343,False,0.2088189480186513,False,501.0,1.0888189480186514,501.0,False,508.0,False,501.0,0.028953327972027987,False,0.005475356940997304,0.004386392492624887,0.0043867757359134976,two_term_exponential,1.0,2.0,0.0008160802138353027,none,MATR
MATR_b2c21,519,519,0,False,1.0818682671328708,1.077331827972028,False,0.20186826713287065,False,488.0,1.0818682671328708,488.0,False,498.0,False,488.0,0.004536439160842676,True,0.00469965797120732,0.0013655214108596035,0.0013850362817196217,two_term_exponential,0.0,1.0,0.0014795129993742748,none,MATR
MATR_b2c22,539,539,0,False,1.0848692850815889,1.0802457251748252,False,0.20486928508158875,False,512.0,1.0848692850815889,512.0,False,520.0,False,512.0,0.03399660559440565,False,0.006831801805312915,0.005059044061463831,0.005057562524270681,rollover,1.0,2.0,0.0014119437515843218,none,MATR
MATR_b2c23,561,561,0,False,1.0779876869463905,1.0752028188811187,False,0.19798768694639035,False,526.0,1.0779876869463905,526.0,False,539.0,False,526.0,0.002784868065271784,True,0.005038834435272035,0.0011425732152221956,0.0008196583208624237,rollover,1.0,2.0,0.0007420284828423358,none,MATR
MATR_b2c24,523,523,0,False,1.0724225086247121,1.0682985706293702,False,0.192422508624712,False,494.0,1.0724225086247121,494.0,False,509.0,False,494.0,0.00497623030303429,True,0.004064154265289047,0.0015509251602458063,0.0015478779742758239,rollover,1.0,1.0,0.0018644034396563015,none,MATR
MATR_b2c25,486,486,0,False,1.071927690442894,1.0677823664335664,False,0.19192769044289393,False,460.0,1.071927690442894,460.0,False,473.0,False,460.0,0.00416941142191507,True,0.005050008099480943,0.0015626685178548904,0.001567773292181426,two_term_exponential,0.0,1.0,0.0017994880619856641,none,MATR
MATR_b2c26,497,497,0,False,1.0821731620046655,1.0774440650349655,False,0.2021731620046654,False,470.0,1.0821731620046655,470.0,False,479.0,False,470.0,0.004969274358977538,True,0.004571294361654735,0.0014493020508929285,0.0014699671081424461,two_term_exponential,0.0,2.0,0.001548028630974792,none,MATR
MATR_b2c27,494,494,0,False,1.071101937529141,1.0663392650349655,False,0.19110193752914095,False,467.0,1.071101937529141,467.0,False,481.0,False,467.0,0.005304078787881972,True,0.004028607443025516,0.0014522261230266755,0.0014605420638159933,two_term_exponential,0.0,1.0,0.001913298460144671,none,MATR
MATR_b2c28,540,540,0,False,1.0771009006993044,1.0721546853146853,False,0.1971009006993043,False,510.0,1.0771009006993044,510.0,False,523.0,False,510.0,0.03177483543123549,False,0.005741120395933729,0.004797974252458821,0.004790430711283225,rollover,1.0,4.0,0.0011564246665531543,none,MATR
MATR_b2c29,521,521,0,False,1.0777096389277425,1.0729747923076924,False,0.1977096389277424,False,497.0,1.0777096389277425,497.0,False,507.0,False,497.0,0.006356320279720107,True,0.004157068795642425,0.0017138137057511663,0.0016714991912449317,rollover,1.0,2.0,0.0015572611378117734,none,MATR
MATR_b2c3,360,360,0,False,1.0686717219114255,1.0671495125874124,False,0.18867172191142534,False,334.0,1.0686717219114255,334.0,False,347.0,False,334.0,0.00816231170163173,True,0.0025439092031957714,0.0026215802432591586,0.0026772285914116916,power_law,2.0,1.0,0.001011069337913756,none,MATR
MATR_b2c30,506,506,0,False,1.0723456801864837,1.0675460265734271,False,0.19234568018648357,False,480.0,1.0723456801864837,480.0,False,493.0,False,480.0,0.0055175074592104245,True,0.004296908059175355,0.0015751481834570507,0.0015837950306519786,two_term_exponential,0.0,1.0,0.0018468555274569031,none,MATR
MATR_b2c31,518,518,0,False,1.0792844965035,1.0737227027972032,False,0.19928449650349989,False,491.0,1.0792844965035,491.0,False,502.0,False,491.0,0.006271311655015044,True,0.0028495938609877144,0.0011905191822237716,0.0011275575947222026,rollover,1.0,1.0,0.0013614164024911453,none,MATR
MATR_b2c32,543,543,0,False,1.079654732400936,1.0746993209790203,False,0.1996547324009359,False,518.0,1.079654732400936,518.0,False,528.0,False,518.0,0.0064120058275058955,True,0.003815287498188265,0.0019963052139717542,0.001983009942035127,rollover,1.0,4.0,0.0013725035662003995,none,MATR
MATR_b2c33,545,545,0,False,1.0845473414918452,1.079420895104895,False,0.20454734149184506,False,519.0,1.0845473414918452,519.0,False,528.0,False,519.0,0.005891096503500393,True,0.0039512736875751365,0.0016914078208570048,0.0013728768652219647,rollover,1.0,1.0,0.0015711840422660151,none,MATR
MATR_b2c34,525,525,0,False,1.0747136470862508,1.0690936825174826,False,0.19471364708625072,False,498.0,1.0747136470862508,498.0,False,511.0,False,498.0,0.006403381585085022,True,0.00445577707686055,0.0015912728804755884,0.0014663180706117654,rollover,1.0,1.0,0.0017042118403840462,none,MATR
MATR_b2c35,485,485,0,False,1.0738122151515188,1.0688808804195808,False,0.1938122151515187,False,462.0,1.0738122151515188,462.0,False,473.0,False,462.0,0.005509610256413389,True,0.005007512464946845,0.0017208509746946981,0.0017218225763909727,two_term_exponential,0.0,1.0,0.0021083928759912988,none,MATR
MATR_b2c36,559,559,0,False,1.0851975307692343,1.0794738041958039,False,0.2051975307692342,False,533.0,1.0851975307692343,533.0,False,542.0,False,533.0,0.006464436596740564,True,0.003019988296223981,0.0013445354518348267,0.0012750486342690463,rollover,0.0,1.0,0.001450689238841327,none,MATR
MATR_b2c37,501,501,0,False,1.080121601398605,1.0752312699300703,False,0.2001216013986049,False,478.0,1.080121601398605,478.0,False,487.0,False,478.0,0.036922448135198405,False,0.006730972300087294,0.005669195525646122,0.005615448293541618,rollover,0.0,1.0,0.0016267788407204199,none,MATR
MATR_b2c38,486,486,0,False,1.0748100869463906,1.0701755720279718,False,0.19481008694639046,False,464.0,1.0748100869463906,464.0,False,474.0,False,464.0,0.005436212121215922,True,0.004229195813787952,0.0013794052536986116,0.0013868084369702553,two_term_exponential,0.0,2.0,0.0016007837198395564,none,MATR
MATR_b2c39,479,479,0,False,1.0855229659673693,1.0786252020979024,False,0.2055229659673692,False,458.0,1.0855229659673693,458.0,False,465.0,False,458.0,0.008136111421914727,True,0.004382474316357994,0.0015167634585559946,0.00151744207683424,two_term_exponential,1.0,1.0,0.0015900934714178907,none,MATR
MATR_b2c4,470,470,0,False,1.0755664009324044,1.0733526783216787,False,0.1955664009324043,False,443.0,1.0755664009324044,443.0,False,453.0,False,443.0,0.033441821561771556,False,0.007291266434371343,0.005514091099502497,0.005513683101693091,rollover,0.0,2.0,0.0010855948905887642,none,MATR
MATR_b2c40,529,529,0,False,1.082547878321682,1.077379832167832,False,0.20254787832168186,False,498.0,1.082547878321682,498.0,False,509.0,False,498.0,0.006615624941725073,True,0.004221470831379682,0.0018390738956413786,0.001853496521088654,two_term_exponential,0.0,4.0,0.0014569615902730953,none,MATR
MATR_b2c41,451,451,0,False,1.0747969599067635,1.0689927559440555,False,0.19479695990676338,False,428.0,1.0747969599067635,428.0,False,439.0,False,428.0,0.00677763892774319,True,0.0032815644099468627,0.0013321856634638152,0.001340575508695831,two_term_exponential,0.0,2.0,0.0013192258560097616,none,MATR
MATR_b2c42,491,491,0,False,1.0832161708624746,1.0786826468531463,False,0.20321617086247445,False,465.0,1.0832161708624746,465.0,False,473.0,False,465.0,0.02546194090909082,False,0.005082465217864151,0.004274335536524541,0.004226851699795679,rollover,1.0,1.0,0.0017835535108942082,none,MATR
MATR_b2c43,486,486,0,False,1.0798463748251783,1.0741042118881121,False,0.1998463748251782,False,461.0,1.0798463748251783,461.0,False,471.0,False,461.0,0.0063903564102598676,True,0.003139766940546781,0.0014732534796816276,0.0014645951525597523,rollover,1.0,2.0,0.0015527166784171094,none,MATR
MATR_b2c44,478,478,0,False,1.0762321946386981,1.0713530839160834,False,0.196232194638698,False,456.0,1.0762321946386981,456.0,False,466.0,False,456.0,0.1384600722610725,False,0.021069180459594442,0.020869768288896723,0.020866382945278844,rollover,0.0,1.0,0.0022780316269456814,none,MATR
MATR_b2c45,513,513,0,False,1.0751993039627077,1.0708407342657347,False,0.19519930396270757,False,485.0,1.0751993039627077,485.0,False,498.0,False,485.0,0.004608375757578775,True,0.004274593484495171,0.0013431661518956398,0.001347894957219767,two_term_exponential,0.0,1.0,0.0015699957928479566,none,MATR
MATR_b2c46,448,448,0,False,1.0787512836829871,1.0730945363636368,False,0.198751283682987,False,429.0,1.0787512836829871,429.0,False,437.0,False,429.0,0.006812108391611726,True,0.004838933546038594,0.001250364540869197,0.0012531278500295298,two_term_exponential,0.0,1.0,0.0014026019140364438,none,MATR
MATR_b2c47,744,744,0,False,1.0501250871794907,1.0425019706293706,False,0.1701250871794906,False,712.0,1.0501250871794907,712.0,False,741.0,False,712.0,0.007699258741262316,True,0.005112261016665117,0.0014277018825933209,0.0014198711236857334,rollover,0.0,1.0,0.0014343288912008108,none,MATR
MATR_b2c5,506,506,0,False,1.0724442988345024,1.0683388587412592,False,0.19244429883450231,False,479.0,1.0724442988345024,479.0,False,492.0,False,479.0,0.004572149650352575,True,0.003949864212910427,0.0013769527109724375,0.0013781774261264843,two_term_exponential,0.0,1.0,0.0016917708562718867,none,MATR
MATR_b2c6,544,544,0,False,1.0724161662004696,1.0691654622377624,False,0.19241616620046953,False,510.0,1.0724161662004696,510.0,False,528.0,False,510.0,0.016007430955711,False,0.00478585416680733,0.0029368067586704417,0.0028857254809707147,rollover,3.0,2.0,0.0010657576417551478,none,MATR
MATR_b3c0,1007,1007,0,False,1.0708755107226144,1.0676003167832169,False,0.19087551072261433,False,1007.0,1.0708755107226144,1007.0,False,,False,1007.0,0.0036836738927774615,True,0.006656919776758545,0.0011144471584958278,0.001099297121344319,rollover,1.0,1.0,0.0012295897588154281,none,MATR
MATR_b3c1,1061,1061,0,False,1.068427683449887,1.0652804783216787,False,0.1884276834498868,False,1061.0,1.068427683449887,1061.0,False,,False,1061.0,0.0034164923076955844,True,0.006355544274504676,0.001937065849900997,0.0011883586749450942,rollover,0.0,2.0,0.0011545024253437398,none,MATR
MATR_b3c10,1076,1076,0,False,1.064645648251752,1.0619203300699303,False,0.18464564825175178,False,1076.0,1.064645648251752,1076.0,False,,False,1076.0,0.0030886244755277126,True,0.005874496472176474,0.0023695061232922713,0.001665480780236571,rollover,1.0,1.0,0.0018212980855315192,none,MATR
MATR_b3c11,815,815,0,False,1.070726958508162,1.0682229825174825,False,0.1907269585081619,False,815.0,1.070726958508162,815.0,False,,False,815.0,0.00250397599067953,True,0.004930196597439843,0.0009530215535320907,0.000951991211139663,rollover,0.0,1.0,0.001097899910647517,none,MATR
MATR_b3c12,930,930,0,False,1.0768634296037334,1.0744656909090906,False,0.19686342960373326,False,930.0,1.0768634296037334,930.0,False,,False,930.0,0.0024672491841530864,True,0.0053459282690118985,0.001270727240261737,0.0012684372142595856,rollover,1.0,1.0,0.0016120886356741752,none,MATR
MATR_b3c13,814,814,0,False,1.0695746181818218,1.0657594020979022,False,0.18957461818182164,False,814.0,1.0695746181818218,814.0,False,,False,814.0,0.0038173289044323155,True,0.0046766396429280925,0.0008337771441607977,0.0008415359311563975,two_term_exponential,0.0,1.0,0.0008957027276387847,none,MATR
MATR_b3c14,856,856,0,False,1.0772953130536167,1.0733189545454542,False,0.19729531305361658,False,856.0,1.0772953130536167,856.0,False,,False,856.0,0.004361107459211366,True,0.004148095634409029,0.0009055591111538494,0.0009166026453946079,two_term_exponential,0.0,1.0,0.0009680634443745686,none,MATR
MATR_b3c15,874,874,0,False,1.0711623426573462,1.0686164181818183,False,0.1911623426573461,False,874.0,1.0711623426573462,874.0,False,,False,874.0,0.002597379720283177,True,0.004447411166009736,0.0008748973058171519,0.0008879865871189124,two_term_exponential,0.0,1.0,0.0011310101978743606,none,MATR
MATR_b3c16,1636,1636,0,False,1.0643385261072296,1.06105163986014,False,0.18433852610722945,False,1636.0,1.0643385261072296,1636.0,False,,False,1636.0,0.0032868862470896154,True,0.006442522555403104,0.002212371111506561,0.0011771782113745098,rollover,1.0,1.0,0.001073202883149954,none,MATR
MATR_b3c17,1313,1313,0,False,1.0698727412587448,1.066598002097902,False,0.18987274125874465,False,1313.0,1.0698727412587448,1313.0,False,,False,1313.0,0.004806633799533611,True,0.005743506083938734,0.0025115427032615734,0.0011538684776657914,rollover,0.0,2.0,0.0011175444512904699,none,MATR
MATR_b3c18,1144,1144,0,False,1.0700733776223812,1.0681150419580416,False,0.19007337762238108,False,1144.0,1.0700733776223812,1144.0,False,,False,1144.0,0.001958335664339561,True,0.0059391357015189826,0.002278482626438327,0.0011059042273302048,rollover,1.0,1.0,0.0012629921874095992,none,MATR
MATR_b3c19,1153,1153,0,False,1.0738731505827541,1.0721259587412586,False,0.193873150582754,False,1153.0,1.0738731505827541,1153.0,False,,False,1153.0,0.0017471918414955212,True,0.005991073162547193,0.0027524257024907546,0.001084204550975565,rollover,0.0,1.0,0.001353868446466194,none,MATR
MATR_b3c2,1265,1265,0,False,1.0630037177156213,1.0607122405594411,False,0.18300371771562118,False,1265.0,1.0630037177156213,1265.0,False,,False,1265.0,0.002291477156180166,True,0.005666478733116227,0.0026254120819991203,0.000916230224578815,rollover,1.0,2.0,0.0008832922279064445,none,MATR
MATR_b3c20,811,811,0,False,1.068003553379957,1.0651969895104891,False,0.1880035533799569,False,811.0,1.068003553379957,811.0,False,,False,811.0,0.0028736186480224912,True,0.006645909328062915,0.0013812097945538502,0.0013638328100421438,rollover,1.0,1.0,0.0014672295889814394,none,MATR
MATR_b3c21,770,770,0,False,1.0686206491841528,1.0677852818181819,False,0.18862064918415267,False,770.0,1.0686206491841528,770.0,False,,False,770.0,0.000835367365970896,True,0.005993090739086099,0.0009867391269503972,0.0010338344849318286,two_term_exponential,0.0,1.0,0.00138037873120875,none,MATR
MATR_b3c22,1000,1000,0,False,1.0590757659673695,1.0564074678321684,False,0.1790757659673694,False,1000.0,1.0590757659673695,1000.0,False,,False,1000.0,0.002668298135201086,True,0.007317880192659723,0.0014059760777577768,0.001380910280759846,rollover,0.0,1.0,0.0017876247864182248,none,MATR
MATR_b3c23,2188,2188,0,False,1.0687427270396306,1.0658912608391613,False,0.18874272703963046,False,,1.0687427270396306,,False,,False,2188.0,0.002988301864804921,True,0.005389115580148793,0.0005645322242483773,0.0004835412522993706,rollover,14.0,7.0,0.00035864549434985716,none,MATR
MATR_b3c24,823,823,0,False,1.050482590442894,1.0464083314685317,False,0.17048259044289393,False,823.0,1.050482590442894,823.0,False,,False,823.0,0.004627568065271426,True,0.005604969035400209,0.001539936129879428,0.0015277304091539754,rollover,0.0,1.0,0.0016074506778275186,none,MATR
MATR_b3c25,987,987,0,False,1.0650901836829871,1.0612567930069934,False,0.18509018368298702,False,987.0,1.0650901836829871,987.0,False,,False,987.0,0.0041648020979052625,True,0.006507637195066426,0.0013887875492248536,0.0013179191389088424,rollover,0.0,1.0,0.0016629196223188988,none,MATR
MATR_b3c26,1026,1026,0,False,1.0755010188811225,1.0719720125874121,False,0.19550101888112237,False,1026.0,1.0755010188811225,1026.0,False,,False,1026.0,0.003764942657346726,True,0.004536071419895028,0.0015721158077106393,0.0009715436570136343,rollover,0.0,1.0,0.0012178588659115942,none,MATR
MATR_b3c27,848,848,0,False,1.064168887412591,1.0605818692307694,False,0.18416888741259085,False,848.0,1.064168887412591,848.0,False,,False,848.0,0.0038036349650385493,True,0.0048711410541078465,0.000947262614696325,0.000927853119785868,rollover,1.0,2.0,0.0007783565809538474,none,MATR
MATR_b3c28,539,539,0,False,1.0527228668997703,1.0519767769230772,False,0.17272286689977023,False,539.0,1.0527228668997703,539.0,False,,False,539.0,0.0007460899766931206,True,0.0034981397201767966,0.0005997645025021815,0.0006044627405002951,two_term_exponential,0.0,1.0,0.0007311647267560545,none,MATR
MATR_b3c29,856,856,0,False,1.0708673715617751,1.0665129944055947,False,0.19086737156177502,False,856.0,1.0708673715617751,856.0,False,,False,856.0,0.004658534498837907,True,0.004755928561660465,0.0009008075535163687,0.0009023003696208072,two_term_exponential,0.0,1.0,0.0008680626994136933,none,MATR
MATR_b3c3,1113,1113,0,False,1.0652432510489547,1.0628084776223778,False,0.18524325104895456,False,1113.0,1.0652432510489547,1113.0,False,,False,1113.0,0.002714228671331975,True,0.005892959750410668,0.001561792339906519,0.0010922884743482172,rollover,1.0,1.0,0.0011407121774629954,none,MATR
MATR_b3c30,933,933,0,False,1.0721533466200504,1.0689066545454549,False,0.19215334662005024,False,933.0,1.0721533466200504,933.0,False,,False,933.0,0.003407239393942607,True,0.005676773075551905,0.0006839575506901501,0.0006788077758498856,rollover,0.0,1.0,0.0006495947714892607,none,MATR
MATR_b3c31,729,729,0,False,1.0714425400932437,1.0683497727272733,False,0.19144254009324357,False,729.0,1.0714425400932437,729.0,False,,False,729.0,0.0032662307692339354,True,0.005689953946373522,0.00114685229771815,0.0011418820943777136,rollover,1.0,1.0,0.0012454087144873572,none,MATR
MATR_b3c32,2236,2236,0,False,1.075078153379957,1.0726526531468532,False,0.19507815337995682,False,,1.075078153379957,,False,,False,2236.0,0.002425500233103728,True,0.0026245217761190916,0.0005681936211796546,0.0005648583818804798,rollover,0.0,2.0,0.0007308332413005462,none,MATR
MATR_b3c33,1282,1282,0,False,1.0627973167832203,1.0603153293706293,False,0.1827973167832202,False,1282.0,1.0627973167832203,1282.0,False,,False,1282.0,0.002545705827509348,True,0.007732894613597926,0.001528650877151814,0.001044440335681496,rollover,0.0,1.0,0.0012256614524486916,none,MATR
MATR_b3c34,1156,1156,0,False,1.0642233501165537,1.061545432867133,False,0.18422335011655355,False,1156.0,1.0642233501165537,1156.0,False,,False,1156.0,0.002678193240096771,True,0.006335021406586484,0.0029045391662855828,0.0013503959940597225,rollover,0.0,1.0,0.0015775887372811643,none,MATR
MATR_b3c35,1091,1091,0,False,1.065326200466204,1.0634828986013987,False,0.18532620046620396,False,1091.0,1.065326200466204,1091.0,False,,False,1091.0,0.0020090745920746667,True,0.005082734604831233,0.0016770273641893833,0.0011311945941212143,rollover,0.0,2.0,0.001330516488567192,none,MATR
MATR_b3c36,921,921,0,False,1.060545249417253,1.0575962783216786,False,0.1805452494172528,False,921.0,1.060545249417253,921.0,False,,False,921.0,0.0029489710955743487,True,0.00731099334804834,0.0015125432742219922,0.0014753565832592165,rollover,0.0,1.0,0.0017721595186395611,none,MATR
MATR_b3c37,1388,1388,0,False,1.0506014363636398,1.0470061307692307,False,0.17060143636363967,False,1388.0,1.0506014363636398,1388.0,False,,False,1388.0,0.033355744522144626,False,0.007203364607347564,0.0032485434634222537,0.0032322214869425782,rollover,2.0,5.0,0.0012143900944500737,none,MATR
MATR_b3c38,1933,1933,0,False,1.0725392601398638,1.0703227006993008,False,0.19253926013986367,False,1933.0,1.0725392601398638,1933.0,False,,False,1933.0,0.002216559440562982,True,0.006771126327925619,0.0013025275470755452,0.0010019876809877217,rollover,0.0,1.0,0.0013036518006750446,none,MATR
MATR_b3c39,1154,1154,0,False,1.0514178428904464,1.047463913986014,False,0.17141784289044626,False,1154.0,1.0514178428904464,1154.0,False,,False,1154.0,0.003965545687649286,True,0.007581884739930709,0.0012267229683202861,0.0011932661619569749,rollover,1.0,1.0,0.0014069761751748407,none,MATR
MATR_b3c4,1046,1046,0,False,1.0748160550116586,1.0725074993006993,False,0.19481605501165844,False,1046.0,1.0748160550116586,1046.0,False,,False,1046.0,0.002736881585085005,True,0.0047767985621988834,0.001297722254504623,0.0009825813982391849,rollover,1.0,2.0,0.0010273659693749574,none,MATR
MATR_b3c40,794,794,0,False,1.0637955932400969,1.0592270258741263,False,0.18379559324009676,False,794.0,1.0637955932400969,794.0,False,,False,794.0,0.004587592307695454,True,0.004588843349551654,0.0008229045742072677,0.0008226533526969246,rollover,0.0,1.0,0.0009615998500426447,none,MATR
MATR_b3c41,784,784,0,False,1.0544417202797238,1.0506918300699297,False,0.1744417202797237,False,784.0,1.0544417202797238,784.0,False,,False,784.0,0.004160568997672698,True,0.003278997777374072,0.000770138283089622,0.000759532325659898,rollover,1.0,1.0,0.000767297097176887,none,MATR
MATR_b3c42,1640,1640,0,False,1.0697535997669032,1.0671082223776225,False,0.1897535997669031,False,1640.0,1.0697535997669032,1640.0,False,,False,1640.0,0.0028560326340361097,True,0.00570280860447126,0.001430981533518476,0.0014214834235451372,rollover,0.0,1.0,0.0016102269213983283,none,MATR
MATR_b3c43,1044,1044,0,False,1.0731610986014022,1.0702973440559442,False,0.19316109860140207,False,1044.0,1.0731610986014022,1044.0,False,,False,1044.0,0.00299319114219454,True,0.006669242364983065,0.001671299341728771,0.0015463797972069715,rollover,0.0,1.0,0.002008200683083678,none,MATR
MATR_b3c44,938,938,0,False,1.0736855699300736,1.0697429020979026,False,0.19368556993007346,False,938.0,1.0736855699300736,938.0,False,,False,938.0,0.00413348111888423,True,0.006705396773800895,0.0014514060716991437,0.0014413849948004768,rollover,0.0,1.0,0.0018761639333685063,none,MATR
MATR_b3c45,1799,1799,0,False,1.0716944969697004,1.0696614426573425,False,0.1916944969697003,False,1799.0,1.0716944969697004,1799.0,False,,False,1799.0,0.00254444172494539,True,0.0062128056459625075,0.0014755650490116193,0.0013363226602724715,rollover,0.0,3.0,0.0014787199684184829,none,MATR
MATR_b3c5,826,826,0,False,1.0538047477855512,1.0515670986013987,False,0.1738047477855511,False,826.0,1.0538047477855512,826.0,False,,False,826.0,0.002435007925411403,True,0.005894127068671051,0.0013916072500309298,0.0013759522990359656,rollover,0.0,1.0,0.001492630696880596,none,MATR
MATR_b3c6,665,665,0,False,1.063035861118881,1.062732006293706,False,0.18303586111888093,False,665.0,1.063035861118881,665.0,False,,False,665.0,0.0008665181818180434,True,0.0036221187371582105,0.001171396459338438,0.0010422842886556839,rollover,1.0,2.0,0.0005093540716802919,none,MATR
MATR_b3c7,1834,1834,0,False,1.0708184925407962,1.0677476048951051,False,0.19081849254079608,False,1834.0,1.0708184925407962,1834.0,False,,False,1834.0,0.0032026592074625437,True,0.005715455681230099,0.0013267857327317752,0.0010623934646091014,rollover,0.0,1.0,0.001343377126588396,none,MATR
MATR_b3c8,826,826,0,False,1.0684814097902133,1.0648958629370628,False,0.18848140979021322,False,826.0,1.0684814097902133,826.0,False,,False,826.0,0.0037718456876492112,True,0.006113686920679261,0.0012088504268916716,0.0011969887410295708,rollover,0.0,1.0,0.001332872522932074,none,MATR
MATR_b3c9,1037,1037,0,False,1.0732625727272764,1.0696274230769232,False,0.19326257272727632,False,1037.0,1.0732625727272764,1037.0,False,,False,1037.0,0.0037176979021014134,True,0.005632249559563171,0.0012511218820482738,0.0012464070670054942,rollover,1.0,1.0,0.0014927645658614518,none,MATR
MATR_b4c0,982,982,0,False,1.0431989351981388,1.0409811811188812,False,0.16319893519813866,False,856.0,1.0431989351981388,856.0,False,888.0,False,856.0,0.0028115944055977504,True,0.0033120352908612045,0.0011975033724536174,0.0012281461598742014,two_term_exponential,1.0,4.0,0.00048244750519258064,none,MATR
MATR_b4c1,861,861,0,False,1.0503915202797238,1.0487836174825174,False,0.1703915202797237,False,760.0,1.0503915202797238,760.0,False,782.0,False,760.0,0.0017437620046658608,True,0.0031496106400582414,0.0004980631503396875,0.0005032948743824218,two_term_exponential,1.0,5.0,0.0003127531413984075,none,MATR
MATR_b4c10,1082,1082,0,False,1.0653445797202834,1.0623960188811195,False,0.1853445797202833,False,872.0,1.0653445797202834,872.0,False,892.0,False,872.0,0.0036603368298397942,True,0.0065665573983355605,0.0011898799276586277,0.0011797989787979521,rollover,1.0,2.0,0.0011687074914085236,none,MATR
MATR_b4c11,930,930,0,False,1.0624336871794906,1.0597364818181818,False,0.1824336871794905,False,863.0,1.0624336871794906,863.0,False,885.0,False,863.0,0.003173011188814634,True,0.006721897731311904,0.001700561768061895,0.0016858998775196447,rollover,0.0,1.0,0.0021017178139312712,none,MATR
MATR_b4c12,898,898,0,False,1.0614887398601434,1.058254244755244,False,0.18148873986014324,False,818.0,1.0614887398601434,818.0,False,836.0,False,818.0,0.0036902930069973028,True,0.006357707730239012,0.001449546566795172,0.001439264481190053,rollover,0.0,1.0,0.0017686760488815525,none,MATR
MATR_b4c13,869,869,0,False,1.0700591214452249,1.0661404741258744,False,0.19005912144522474,False,771.0,1.0700591214452249,771.0,False,785.0,False,771.0,0.004846282750586184,True,0.0064811111854095015,0.0015610391669038447,0.001554263928419143,rollover,0.0,1.0,0.001915016001789753,none,MATR
MATR_b4c14,767,767,0,False,1.0639097081585116,1.060804648251748,False,0.1839097081585115,False,607.0,1.0639097081585116,607.0,False,624.0,False,607.0,0.003603484615388508,True,0.005724028108718889,0.0009401926083263276,0.0009393076874300861,rollover,1.0,2.0,0.0008032580313611132,none,MATR
MATR_b4c15,871,871,0,False,1.065459961538465,1.0620670734265738,False,0.1854599615384649,False,675.0,1.065459961538465,675.0,False,692.0,False,675.0,0.003865900233103403,True,0.00558650167165323,0.0011389754553424634,0.001136353120233545,rollover,1.0,1.0,0.0012189447899009476,none,MATR
MATR_b4c16,983,983,0,False,1.0595014342657378,1.0569953510489507,False,0.17950143426573772,False,909.0,1.0595014342657378,909.0,False,932.0,False,909.0,0.003037995104899105,True,0.006469876768230031,0.0010759098515780458,0.0010640323504618407,rollover,1.0,2.0,0.0010241702873559468,none,MATR
MATR_b4c17,930,930,0,False,1.0420506741258775,1.039900321678322,False,0.16205067412587737,False,828.0,1.0420506741258775,828.0,False,861.0,False,828.0,0.0024499829836861498,True,0.006584991415893078,0.0016991981605090694,0.00167714070766025,rollover,0.0,1.0,0.0020504554474385034,none,MATR
MATR_b4c18,1057,1057,0,False,1.0539252766899803,1.0511627727272728,False,0.17392527668998015,False,906.0,1.0539252766899803,906.0,False,932.0,False,906.0,0.0030276801864834724,True,0.0063985794067626936,0.0011926073489657656,0.0011757766129621358,rollover,0.0,1.0,0.0013440192714710777,none,MATR
MATR_b4c19,1111,1111,0,False,1.052456878554782,1.050356,False,0.17245687855478198,False,991.0,1.052456878554782,991.0,False,1019.0,False,991.0,0.0024644100233135458,True,0.0056457691104313664,0.0007184462751476646,0.0007077960795686197,rollover,0.0,1.0,0.0008173318242390118,none,MATR
MATR_b4c2,784,784,0,False,1.0551414538461572,1.0530369195804197,False,0.1751414538461571,False,742.0,1.0551414538461572,742.0,False,762.0,False,742.0,0.0024571475524510777,True,0.004546039675365708,0.0006596539895681191,0.0006613658588643761,two_term_exponential,0.0,2.0,0.0005531980217362146,none,MATR
MATR_b4c20,804,804,0,False,1.0465396209790245,1.0451952293706295,False,0.16653962097902442,False,747.0,1.0465396209790245,747.0,False,777.0,False,747.0,0.0014810575757608913,True,0.0044436914073436124,0.0005892500577836352,0.0005946933548676561,two_term_exponential,0.0,3.0,0.0003951955639967848,none,MATR
MATR_b4c21,903,903,0,False,1.0588875426573463,1.0555788748251749,False,0.1788875426573462,False,773.0,1.0588875426573463,773.0,False,793.0,False,773.0,0.004013665268068678,True,0.005951678505600051,0.0016454728843821687,0.0016389061196470719,rollover,0.0,1.0,0.0019473055225458075,none,MATR
MATR_b4c22,745,745,0,False,1.0530028200466235,1.050904304195804,False,0.17300282004662337,False,671.0,1.0530028200466235,671.0,False,686.0,False,671.0,0.0021631058275095594,True,0.007060705225042701,0.0011431665390889507,0.0011322935054651775,rollover,0.0,1.0,0.0014615863317161647,none,MATR
MATR_b4c23,1094,1094,0,False,1.0510903447552484,1.0485054608391606,False,0.1710903447552483,False,1038.0,1.0510903447552484,1038.0,False,1067.0,False,1038.0,0.0030473564102599937,True,0.0066361844381582005,0.0011535922771385555,0.0011398278689695497,rollover,1.0,1.0,0.0012513988888035914,none,MATR
MATR_b4c24,1115,1115,0,False,1.0482384519813555,1.0458418146853148,False,0.16823845198135534,False,988.0,1.0482384519813555,988.0,False,1015.0,False,988.0,0.002822114918418217,True,0.005685828960346906,0.0013159160910600598,0.001300400071260342,rollover,0.0,1.0,0.001435632432932164,none,MATR
MATR_b4c25,567,567,0,False,1.0380228752913787,1.0335345314685318,False,0.1580228752913786,False,453.0,1.0380228752913787,453.0,False,469.0,False,453.0,0.005185637296040602,True,0.0057084228487849714,0.0021582270841651392,0.0018886123140177602,rollover,0.0,1.0,0.0022558630203597806,none,MATR
MATR_b4c26,579,579,0,False,1.0399363034965068,1.036695497902098,False,0.15993630349650667,False,476.0,1.0399363034965068,476.0,False,490.0,False,476.0,0.0035372270396305527,True,0.006333804142164166,0.0010964714693339603,0.0008943760266057568,rollover,0.0,1.0,0.000975226751526571,none,MATR
MATR_b4c27,563,563,0,False,1.040699822610726,1.0370675300699301,False,0.1606998226107259,False,500.0,1.040699822610726,500.0,False,516.0,False,500.0,0.004057171794875192,True,0.00652403724316756,0.0017056887202849637,0.00143011090563221,rollover,0.0,1.0,0.0017469051860765136,none,MATR
MATR_b4c28,882,882,0,False,1.0677705811188847,1.0648732020979021,False,0.18777058111888456,False,828.0,1.0677705811188847,828.0,False,842.0,False,828.0,0.0032472461538495256,True,0.007226957869583219,0.0015935972405577916,0.0015790872176654623,rollover,0.0,1.0,0.0019228796666134204,none,MATR
MATR_b4c29,956,956,0,False,1.0679211440559477,1.0661259342657345,False,0.18792114405594762,False,887.0,1.0679211440559477,887.0,False,906.0,False,887.0,0.0019203792540825049,True,0.005583782427400236,0.0009402140968276228,0.0005466241250048321,rollover,0.0,1.0,0.000565951338152023,none,MATR
MATR_b4c3,911,911,0,False,1.0503911792540828,1.047303211188811,False,0.17039117925408265,False,776.0,1.0503911792540828,776.0,False,802.0,False,776.0,0.003944544522148208,True,0.004934076082768051,0.0012071296712241155,0.0010716764364271615,rollover,0.0,2.0,0.0012675796403205841,none,MATR
MATR_b4c30,719,719,0,False,1.0527116300699335,1.0496495146853149,False,0.1727116300699334,False,615.0,1.0527116300699335,615.0,False,637.0,False,615.0,0.003480945920749434,True,0.002821549158268611,0.0006302581490582911,0.0006647567860901395,two_term_exponential,0.0,2.0,0.000503458503474853,none,MATR
MATR_b4c31,832,832,0,False,1.0549789177156212,1.0520586062937067,False,0.17497891771562113,False,559.0,1.0549789177156212,559.0,False,572.0,False,559.0,0.003303796736599862,True,0.007270956928191654,0.0015196469940024963,0.0014919365450094554,rollover,0.0,1.0,0.0018427233744846483,none,MATR
MATR_b4c32,839,839,0,False,1.0581061755244792,1.054960655244755,False,0.17810617552447905,False,754.0,1.0581061755244792,754.0,False,772.0,False,754.0,0.0035979379953419155,True,0.006296569607399216,0.0014188770384132119,0.001412016113452114,rollover,0.0,1.0,0.0016403383522669108,none,MATR
MATR_b4c33,530,530,0,False,1.0669113020979055,1.0642750510489507,False,0.1869113020979054,False,505.0,1.0669113020979055,505.0,False,515.0,False,505.0,0.0028962447552487447,True,0.0069351342212165,0.0011448105946144976,0.001140120928156522,rollover,0.0,1.0,0.00148823135779714,none,MATR
MATR_b4c34,997,997,0,False,1.05235826620047,1.0504179951048953,False,0.1723582662004699,False,891.0,1.05235826620047,891.0,False,923.0,False,891.0,0.0024375335664368336,True,0.006220794302679714,0.0013392442096849342,0.0013109000664752381,rollover,0.0,1.0,0.0016649227095146505,none,MATR
MATR_b4c35,1131,1131,0,False,1.056639127505831,1.0540411398601397,False,0.176639127505831,False,1081.0,1.056639127505831,1081.0,False,1093.0,False,1081.0,0.0029066205128243094,True,0.006470513290156202,0.0014962775065224061,0.0014693239171989774,rollover,0.0,2.0,0.0016606297069613107,none,MATR
MATR_b4c36,713,713,0,False,1.0616686277389311,1.0592293293706292,False,0.181668627738931,False,599.0,1.0616686277389311,599.0,False,610.0,False,599.0,0.002683818181822062,True,0.00787828630730682,0.0015744926651212027,0.0014047621959219817,rollover,0.0,1.0,0.0016773231121406974,none,MATR
MATR_b4c37,1005,1005,0,False,1.0455237580419616,1.043350413986014,False,0.1655237580419615,False,863.0,1.0455237580419616,863.0,False,895.0,False,863.0,0.002662749650353291,True,0.006369322038523461,0.001455686045854855,0.0014325118111488816,rollover,0.0,1.0,0.0017955266839890516,none,MATR
MATR_b4c38,1230,1230,0,False,1.0606286228438264,1.0576380356643362,False,0.1806286228438263,False,1165.0,1.0606286228438264,1165.0,False,1211.0,False,1165.0,0.037175599557109584,False,0.008128847199648582,0.005415767294446789,0.005030600752555139,rollover,2.0,1.0,0.001683217100970175,none,MATR
MATR_b4c39,761,761,0,False,1.0503610109557144,1.048786210489511,False,0.17036101095571432,False,738.0,1.0503610109557144,738.0,False,758.0,False,738.0,0.001856238228441276,True,0.005066767316246741,0.0008080454932280276,0.0008087225506416912,two_term_exponential,0.0,1.0,0.000914384585921285,none,MATR
MATR_b4c4,912,912,0,False,1.043819155477859,1.0407009482517482,False,0.16381915547785897,False,656.0,1.043819155477859,656.0,False,671.0,False,656.0,0.0036274692307729506,True,0.006752710622062153,0.0012244260726748221,0.001213998213611278,rollover,0.0,2.0,0.0010954693816518455,none,MATR
MATR_b4c40,1122,1122,0,False,1.0615463748251783,1.0587760999999998,False,0.18154637482517821,False,1089.0,1.0615463748251783,1089.0,False,1116.0,False,1089.0,0.040047647086247085,False,0.008178947966550094,0.005858959814130321,0.0058574984315822734,rollover,3.0,3.0,0.000744279909134113,none,MATR
MATR_b4c41,997,997,0,False,1.0598268030303066,1.056504441958042,False,0.17982680303030651,False,836.0,1.0598268030303066,836.0,False,855.0,False,836.0,0.0041475160839195,True,0.0061598197626331445,0.0010671465362130615,0.0010621183105333448,rollover,0.0,1.0,0.001229519986810019,none,MATR
MATR_b4c42,915,915,0,False,1.0536113097902133,1.0498088517482516,False,0.17361130979021322,False,774.0,1.0536113097902133,774.0,False,796.0,False,774.0,0.004643119347323088,True,0.005255094792285274,0.0015771697584813504,0.0015743896942836675,rollover,0.0,1.0,0.0018560776343816575,none,MATR
MATR_b4c43,951,951,0,False,1.0452423538461573,1.0417850251748255,False,0.16524235384615715,False,750.0,1.0452423538461573,750.0,False,776.0,False,750.0,0.004425621911425148,True,0.00416049583881414,0.000921714278330213,0.0009254240156105973,two_term_exponential,0.0,1.0,0.0009313401513735576,none,MATR
MATR_b4c44,1077,1077,0,False,1.0468874552447587,1.0442802209790212,False,0.16688745524475856,False,942.0,1.0468874552447587,942.0,False,971.0,False,942.0,0.0037300848484882465,True,0.00543450380752728,0.0010370302643256417,0.0010301177048101329,rollover,0.0,1.0,0.0009544463624338008,none,MATR
MATR_b4c5,1067,1067,0,False,1.0406355279720314,1.0371364944055947,False,0.1606355279720313,False,913.0,1.0406355279720314,913.0,False,946.0,False,913.0,0.004097148484851543,True,0.006285256209297054,0.0008732718817742688,0.0008612886907694819,rollover,1.0,1.0,0.0007193762728348844,none,MATR
MATR_b4c6,777,777,0,False,1.0389391170163205,1.0366549664335667,False,0.15893911701632035,False,706.0,1.0389391170163205,706.0,False,734.0,False,706.0,0.0027680034965065214,True,0.004547249188151209,0.0006711662625496334,0.0006689108293460838,rollover,0.0,1.0,0.0006281953172097975,none,MATR
MATR_b4c7,562,562,0,False,1.055836097435901,1.052066612587412,False,0.17583609743590078,False,529.0,1.055836097435901,529.0,False,540.0,False,529.0,0.0042773032634073616,True,0.007668534531733741,0.0016781572108380035,0.0014761220120464125,rollover,0.0,1.0,0.001512289494799876,none,MATR
MATR_b4c8,718,718,0,False,1.0525906289044324,1.0492364678321682,False,0.17259062890443233,False,677.0,1.0525906289044324,677.0,False,698.0,False,677.0,0.004089390209793375,True,0.0035040456187743637,0.0009887108442479262,0.0009980909933189333,two_term_exponential,0.0,1.0,0.0008630436493612554,none,MATR
MATR_b4c9,529,529,0,False,1.0619765706293742,1.0583291783216786,False,0.1819765706293741,False,442.0,1.0619765706293742,442.0,False,455.0,False,442.0,0.004051334265737561,True,0.006360651277566114,0.0014018694979686908,0.0013558974565608,rollover,1.0,2.0,0.0012552517032505455,none,MATR
MATR_b1c0,1850,1849,1,False,1.0767031853146891,1.070780724475524,False,0.196703185314689,False,1849.0,1.0767031853146891,1849.0,False,,False,1849.0,0.023997910023310087,False,0.006478406043339149,0.005312438679018049,0.004568589687296472,rollover,0.0,25.0,0.002788804798903039,iso05,MATR
MATR_b1c1,2158,2158,0,False,1.082415053379957,1.0761058349650348,False,0.2024150533799569,False,2158.0,1.082415053379957,2158.0,False,,False,2158.0,0.0063092184149222685,True,0.006167853183771377,0.001880229249898703,0.0018246387043820043,rollover,9.0,7.0,0.0014816934050293595,iso05,MATR
MATR_b1c10,904,904,0,False,1.0817832839160877,1.0759630258741262,False,0.20178328391608757,False,,1.0817832839160877,,False,,False,904.0,0.00683768694639042,True,0.0031283453933002325,0.0010930091045697333,0.0010981980426167778,two_term_exponential,0.0,3.0,0.0008739831644032777,iso05,MATR
MATR_b1c11,786,786,0,False,1.0602274261072295,1.0546187083916083,False,0.18022742610722942,False,786.0,1.0602274261072295,786.0,False,,False,786.0,0.006528015850819413,True,0.003014238373860222,0.0020823262142834085,0.001245609679209395,rollover,3.0,3.0,0.0010474709807809393,iso05,MATR
MATR_b1c12,900,900,0,False,1.0821912965035,1.077824060839161,False,0.20219129650349998,False,,1.0821912965035,,False,,False,900.0,0.005363379953383429,True,0.003072442319016216,0.0009644153155268261,0.0008926180301830758,rollover,2.0,3.0,0.0007113869259259437,iso05,MATR
MATR_b1c13,895,895,0,False,1.0845483827505866,1.0801282853146852,False,0.2045483827505865,False,,1.0845483827505866,,False,,False,895.0,0.005417631934735656,True,0.0038973943384713336,0.0010397891299835306,0.0010412690113000187,two_term_exponential,0.0,1.0,0.0011036220114528444,iso05,MATR
MATR_b1c14,878,878,0,False,1.0757307463869499,1.0710733531468528,False,0.19573074638694976,False,878.0,1.0757307463869499,878.0,False,,False,878.0,0.006565865501169554,True,0.0035775022817385537,0.00272155257064251,0.0015954573464578676,rollover,0.0,1.0,0.001567047014818831,iso05,MATR
MATR_b1c15,717,717,0,False,1.0672611046620082,1.0614584069930066,False,0.18726110466200807,False,717.0,1.0672611046620082,717.0,False,,False,717.0,0.007683305361309012,True,0.0037715469048138278,0.0024308579107549886,0.0014867217616815142,rollover,0.0,2.0,0.0014912863305174523,iso05,MATR
MATR_b1c16,860,860,0,False,1.0861273305361343,1.081395756643357,False,0.2061273305361342,False,860.0,1.0861273305361343,860.0,False,,False,860.0,0.006865880885784215,True,0.004563985571692804,0.0023107481377794437,0.0015021716885673868,rollover,0.0,1.0,0.0012876016797587723,iso05,MATR
MATR_b1c17,855,855,0,False,1.077031979254083,1.0723514405594405,False,0.1970319792540829,False,855.0,1.077031979254083,855.0,False,,False,855.0,0.00661925664336005,True,0.003361741066932507,0.0022446266693100926,0.0014604609287525102,rollover,6.0,2.0,0.0011893816496160931,iso05,MATR
MATR_b1c18,689,688,1,False,1.070131970396274,1.0661330188811189,False,0.19013197039627383,False,688.0,1.070131970396274,688.0,False,,False,688.0,0.003998951515155058,True,0.00811140200676133,0.002169012518375493,0.001215960529559051,rollover,1.0,1.0,0.0011647893785503905,iso05,MATR
MATR_b1c19,786,786,0,False,1.0891354750582787,1.0854258202797202,False,0.20913547505827856,False,786.0,1.0891354750582787,786.0,False,,False,786.0,0.0037096547785584466,True,0.004051762476833109,0.002659944234218817,0.001176408133877896,rollover,0.0,2.0,0.0013391369263752314,iso05,MATR
MATR_b1c2,2235,2234,1,False,1.0860130920745956,1.0808158895104898,False,0.2060130920745955,False,2234.0,1.0860130920745956,2234.0,False,,False,2234.0,0.005208505128208474,True,0.0059349686353705475,0.0020133389713988523,0.0020041224991663204,rollover,0.0,8.0,0.002010345900252179,iso05,MATR
MATR_b1c20,532,532,0,False,1.0762344988345025,1.0729113167832167,False,0.1962344988345024,False,532.0,1.0762344988345025,532.0,False,,False,532.0,0.003323182051285789,True,0.00436037594638865,0.0017457360260753289,0.001689870540009715,rollover,0.0,2.0,0.0018916319076867684,iso05,MATR
MATR_b1c21,557,557,0,False,1.086218375291379,1.0827725083916084,False,0.20621837529137887,False,557.0,1.086218375291379,557.0,False,,False,557.0,0.0034458668997705555,True,0.006451376389044466,0.0015757923412588056,0.0015319421357306662,rollover,0.0,3.0,0.0015310362100581577,iso05,MATR
MATR_b1c22,889,889,0,False,1.0836297538461572,1.0796626181818183,False,0.2036297538461571,False,,1.0836297538461572,,False,,False,889.0,0.0042550440559474545,True,0.00269548814884713,0.0008457545464465347,0.0008610169093281331,two_term_exponential,0.0,1.0,0.0009274739939505106,iso05,MATR
MATR_b1c23,1012,1012,0,False,1.0831145179487216,1.0796933706293703,False,0.20311451794872148,False,1012.0,1.0831145179487216,1012.0,False,,False,1012.0,0.003696843123547122,True,0.0037705762181910996,0.0011656775714934979,0.0010471360455557744,rollover,0.0,1.0,0.0011813050953470594,iso05,MATR
MATR_b1c24,1015,1015,0,False,1.078371781585085,1.0747819678321677,False,0.19837178158508495,False,1015.0,1.078371781585085,1015.0,False,,False,1015.0,0.004109709090912794,True,0.0037387248997966496,0.0013479284990525215,0.001054300847100045,rollover,0.0,3.0,0.0010530213132667573,iso05,MATR
MATR_b1c25,852,852,0,False,1.0793122790209826,1.0755278615384611,False,0.19931227902098247,False,852.0,1.0793122790209826,852.0,False,,False,852.0,0.004211274825178801,True,0.002869749162552406,0.002141323359745248,0.0010075610549361686,rollover,0.0,3.0,0.0009497692705916159,iso05,MATR
MATR_b1c26,868,868,0,False,1.091463445454549,1.0879792692307695,False,0.21146344545454898,False,868.0,1.091463445454549,868.0,False,,False,868.0,0.003553378787882311,True,0.0034885789279912186,0.001503410319244795,0.0008531343355524939,rollover,6.0,4.0,0.0006827543321659205,iso05,MATR
MATR_b1c27,840,840,0,False,1.08276243636364,1.0793470111888113,False,0.20276243636363978,False,840.0,1.08276243636364,840.0,False,,False,840.0,0.0035799298368333066,True,0.003481984473845802,0.0012064634835926194,0.0007438391310051651,rollover,0.0,2.0,0.000672943428291275,iso05,MATR
MATR_b1c28,858,858,0,False,1.0811753869463905,1.0781334916083913,False,0.20117538694639037,False,858.0,1.0811753869463905,858.0,False,,False,858.0,0.0032806785547825346,True,0.0033392316712155946,0.0026527064922566134,0.0012209558824581089,rollover,0.0,2.0,0.0012562761104461943,iso05,MATR
MATR_b1c29,915,915,0,False,1.0832527911421947,1.0797808335664336,False,0.20325279114219463,False,915.0,1.0832527911421947,915.0,False,,False,915.0,0.003859194172497693,True,0.0037500862648891333,0.001953585024420946,0.0010262198788614275,rollover,0.0,2.0,0.0009111806550249819,iso05,MATR
MATR_b1c3,1432,1432,0,False,1.0849810657342693,1.0800317251748255,False,0.20498106573426922,False,1432.0,1.0849810657342693,1432.0,False,,False,1432.0,0.005979675524478756,True,0.004595302964441968,0.003469172006169641,0.0016571421709353092,rollover,4.0,4.0,0.0013217467904305758,iso05,MATR
MATR_b1c30,707,707,0,False,1.0838315762237798,1.080224300699301,False,0.20383157622377968,False,707.0,1.0838315762237798,707.0,False,,False,707.0,0.0036072755244787036,True,0.004532134273405536,0.0020730953460518366,0.0009077864785103569,rollover,0.0,1.0,0.0010164006056517007,iso05,MATR
MATR_b1c31,874,874,0,False,1.0983169682983722,1.09500627972028,False,0.2183169682983721,False,874.0,1.0983169682983722,874.0,False,874.0,False,874.0,0.003310688578092247,True,0.004307101382770755,0.002192530731071879,0.0009508014422504911,rollover,3.0,2.0,0.0008702395528468579,iso05,MATR
MATR_b1c32,729,729,0,False,1.0813510976690013,1.078123133566434,False,0.20135109766900117,False,729.0,1.0813510976690013,729.0,False,,False,729.0,0.003395782051285101,True,0.003547467171095022,0.002411617613759248,0.0011781559875515054,rollover,0.0,1.0,0.0013839600106581836,iso05,MATR
MATR_b1c33,755,755,0,False,1.0965167762237797,1.0928354300699297,False,0.21651677622377963,False,755.0,1.0965167762237797,755.0,False,755.0,False,755.0,0.0038153333333372785,True,0.003451721345645363,0.0019934474556733326,0.0009283316379142052,rollover,3.0,2.0,0.00087811488114427,iso05,MATR
MATR_b1c34,740,740,0,False,1.0804175680652717,1.0769782811188813,False,0.20041756806527156,False,740.0,1.0804175680652717,740.0,False,,False,740.0,0.0042933447552482296,True,0.00454539953577856,0.001849549224829374,0.0011955751394988033,rollover,1.0,1.0,0.001211048159782369,iso05,MATR
MATR_b1c35,701,701,0,False,1.0745774247086284,1.0711045055944053,False,0.19457742470862827,False,701.0,1.0745774247086284,701.0,False,,False,701.0,0.004569719347323309,True,0.0025241131776963114,0.0018996997066848917,0.0008636485513390728,rollover,0.0,1.0,0.0010225489732409447,iso05,MATR
MATR_b1c36,702,702,0,False,1.0819264717948753,1.078183753146853,False,0.20192647179487522,False,702.0,1.0819264717948753,702.0,False,,False,702.0,0.004104549417253134,True,0.0032835663186057684,0.002527587151025629,0.0010888640863701208,rollover,0.0,1.0,0.001199693017865477,iso05,MATR
MATR_b1c37,646,646,0,False,1.078749237529141,1.0751396951048953,False,0.19874923752914087,False,646.0,1.078749237529141,646.0,False,,False,646.0,0.004050552214455605,True,0.003277131625354617,0.002082471483497593,0.0009691206830234268,rollover,0.0,1.0,0.001161978500156747,iso05,MATR
MATR_b1c38,615,615,0,False,1.0764563393939428,1.0731666699300701,False,0.1964563393939427,False,615.0,1.0764563393939428,615.0,False,,False,615.0,0.003313591841495267,True,0.0036705997587580656,0.002279986131264336,0.0014907679222427642,rollover,0.0,1.0,0.001876244498800796,iso05,MATR
MATR_b1c39,623,623,0,False,1.0860723601398639,1.0821603916083913,False,0.20607236013986374,False,623.0,1.0860723601398639,623.0,False,,False,623.0,0.004155755011658879,True,0.0033150289712264823,0.0026462885783662803,0.0013396758334705272,rollover,0.0,1.0,0.0015611218203091047,iso05,MATR
MATR_b1c4,1707,1707,0,False,1.0828334538461575,1.078335218881119,False,0.20283345384615736,False,1707.0,1.0828334538461575,1707.0,False,,False,1707.0,0.005767561771565344,True,0.005042672150819819,0.0018058381054838573,0.0015946481023743299,rollover,4.0,4.0,0.0011875465737665853,iso05,MATR
MATR_b1c40,964,964,0,False,1.0874031818181855,1.0836753895104898,False,0.2074031818181854,False,964.0,1.0874031818181855,964.0,False,,False,964.0,0.003982045920749133,True,0.0027862614029449733,0.0008445909175820368,0.0005640752770002459,rollover,4.0,3.0,0.0004952020273637408,iso05,MATR
MATR_b1c41,1049,1049,0,False,1.083128194405598,1.0793120965034964,False,0.20312819440559782,False,1049.0,1.083128194405598,1049.0,False,,False,1049.0,0.004368436363640038,True,0.004488634032729597,0.0016326840993775382,0.0011716136956704743,rollover,0.0,1.0,0.0014442675334152577,iso05,MATR
MATR_b1c42,700,700,0,False,1.084126252214456,1.0803204608391612,False,0.2041262522144558,False,700.0,1.084126252214456,700.0,False,,False,700.0,0.004347235897439239,True,0.002639312695679807,0.0027402356415288437,0.000937051419519009,rollover,0.0,1.0,0.001129454694013087,iso05,MATR
MATR_b1c43,649,649,0,False,1.0716266890442927,1.0685591825174825,False,0.1916266890442926,False,649.0,1.0716266890442927,649.0,False,,False,649.0,0.003067506526810204,True,0.0035692540319714333,0.002676263036197385,0.0010100418460091691,rollover,0.0,1.0,0.0010419526635368117,iso05,MATR
MATR_b1c44,614,614,0,False,1.088312417249421,1.0851293657342658,False,0.20831241724942084,False,614.0,1.088312417249421,614.0,False,,False,614.0,0.0031830515151551886,True,0.002558399396020303,0.002686691243583594,0.0007916931786247218,rollover,0.0,1.0,0.0008481418813232077,iso05,MATR
MATR_b1c45,597,597,0,False,1.0878406757575796,1.0843047762237767,False,0.20784067575757947,False,597.0,1.0878406757575796,597.0,False,,False,597.0,0.003942134265737307,True,0.0026693899465561597,0.002642649264807713,0.0010444792449712914,rollover,0.0,1.0,0.0011505105826390815,iso05,MATR
MATR_b1c5,1072,1071,1,False,1.0803666487179524,1.0760026384615384,False,0.2003666487179523,False,1071.0,1.0803666487179524,1071.0,False,,False,1071.0,0.005817834265738009,True,0.006463207955945259,0.0018517104997658293,0.0018360270151396363,rollover,0.0,2.0,0.002177606151262217,iso05,MATR
MATR_b1c6,634,634,0,False,1.0817062920745957,1.0760879349650352,False,0.20170629207459556,False,634.0,1.0817062920745957,634.0,False,,False,634.0,0.006002190675994168,True,0.006175899828918446,0.0014102266848731613,0.0013539121821005238,rollover,1.0,2.0,0.0014696669200575411,iso05,MATR
MATR_b1c7,868,868,0,False,1.097762040326344,1.0941548832167836,False,0.21776204032634383,False,868.0,1.097762040326344,868.0,False,868.0,False,868.0,0.0037782020979053588,True,0.0034902877666845005,0.001384572580741903,0.0008085720772497256,rollover,2.0,4.0,0.0006492299777522199,iso05,MATR
MATR_b1c8,877,877,0,False,1.0950940948717987,1.0903108944055948,False,0.21509409487179854,False,,1.0950940948717987,,False,,False,877.0,0.005386692773895918,True,0.003251563928666881,0.0010114087805688447,0.00099326448378368,rollover,3.0,6.0,0.0007397666555462838,iso05,MATR
MATR_b1c9,1052,1052,0,False,1.0876293834498871,1.0829975902097908,False,0.20762938344988702,False,1052.0,1.0876293834498871,1052.0,False,,False,1052.0,0.005750127738930688,True,0.0038536707756684466,0.0010047648155310533,0.0009721264040866528,rollover,1.0,2.0,0.0008239767385752041,iso05,MATR
MATR_b2c0,325,325,0,False,1.0730828268065304,1.0707877006993007,False,0.19308282680653033,False,299.0,1.0730828268065304,299.0,False,311.0,False,299.0,0.004716003962703885,True,0.0019535421154428666,0.0019566090228378625,0.0019858864669791013,power_law,0.0,2.0,0.0014084412325334277,iso05,MATR
MATR_b2c1,169,169,0,False,1.0729408174825175,1.0729408174825175,False,0.19294081748251735,False,147.0,1.0729408174825175,147.0,False,157.0,False,147.0,0.0,True,0.0012997434962058185,0.0009005349645223432,0.0009360552006265616,two_term_exponential,0.0,0.0,0.0010529598279833924,iso05,MATR
MATR_b2c10,595,594,1,False,1.0738626494172532,1.069494112587413,False,0.19386264941725306,False,559.0,1.0738626494172532,559.0,False,575.0,False,559.0,0.004368536829840286,True,0.0043598244297063365,0.0010722949152549572,0.0010817095425319676,two_term_exponential,0.0,2.0,0.0008446366656195308,iso05,MATR
MATR_b2c11,504,503,1,False,1.0757885573426609,1.072076329370629,False,0.19578855734266076,False,475.0,1.0757885573426609,475.0,False,486.0,False,475.0,0.003739585081588892,True,0.003394286049884895,0.001270851068838934,0.0013212956634813472,two_term_exponential,0.0,3.0,0.0011371882400542685,iso05,MATR
MATR_b2c12,490,489,1,False,1.074213560372964,1.0715449734265738,False,0.19421356037296378,False,456.0,1.074213560372964,456.0,False,470.0,False,456.0,0.0026685869463900502,True,0.004220576650660906,0.0015854760027285092,0.0015826262008377789,rollover,0.0,2.0,0.001656815562151222,iso05,MATR
MATR_b2c13,519,519,0,False,1.0831339678321714,1.080748500699301,False,0.2031339678321713,False,482.0,1.0831339678321714,482.0,False,493.0,False,482.0,0.005738246153846216,True,0.0064510298709209895,0.0016298164763741047,0.0015143444707043944,rollover,1.0,1.0,0.0009512713777516695,iso05,MATR
MATR_b2c14,508,508,0,False,1.0825336011655047,1.0785424734265736,False,0.20253360116550456,False,484.0,1.0825336011655047,484.0,False,492.0,False,484.0,0.00431030000000332,True,0.004188375711833982,0.0013490390324082382,0.001357160297288979,two_term_exponential,0.0,1.0,0.0017171278625973188,iso05,MATR
MATR_b2c17,524,524,0,False,1.0746564020979057,1.067748309090909,False,0.19465640209790558,False,493.0,1.0746564020979057,493.0,False,508.0,False,493.0,0.0169814505827508,False,0.004899467474282003,0.002585710849868605,0.002585744127410247,two_term_exponential,0.0,3.0,0.0019713318419516145,iso05,MATR
MATR_b2c18,522,522,0,False,1.067379839393943,1.0641967489510487,False,0.18737983939394298,False,486.0,1.067379839393943,486.0,False,505.0,False,486.0,0.003183090442894443,True,0.00589255548044562,0.0014387563570592114,0.0014221236165739288,rollover,0.0,1.0,0.0014035480700807562,iso05,MATR
MATR_b2c19,488,488,0,False,1.049446110489514,1.0480099615384617,False,0.16944611048951397,False,461.0,1.049446110489514,461.0,False,482.0,False,461.0,0.001436148951052374,True,0.006564783113533158,0.000737590705642806,0.0006008805987214198,rollover,0.0,2.0,0.00040408551040940576,iso05,MATR
MATR_b2c2,463,463,0,False,1.0788818755244791,1.0742747895104898,False,0.198881875524479,False,437.0,1.0788818755244791,437.0,False,447.0,False,437.0,0.0053405482517514535,True,0.004784293866380722,0.0017864817379149287,0.0017979101134436468,two_term_exponential,0.0,1.0,0.0021489824163753906,iso05,MATR
MATR_b2c20,530,529,1,False,1.0888189480186514,1.083628142657343,False,0.2088189480186513,False,500.0,1.0888189480186514,500.0,False,507.0,False,500.0,0.005568880186483494,True,0.003185707089182866,0.0009784580015907963,0.0009834923530932192,two_term_exponential,1.0,2.0,0.0008475151529047293,iso05,MATR
MATR_b2c21,519,519,0,False,1.0818682671328708,1.077331827972028,False,0.20186826713287065,False,488.0,1.0818682671328708,488.0,False,498.0,False,488.0,0.004536439160842676,True,0.00469965797120732,0.0013655214108596035,0.0013850362817196217,two_term_exponential,0.0,1.0,0.0014795129993742748,iso05,MATR
MATR_b2c22,539,538,1,False,1.0848692850815889,1.0802457251748252,False,0.20486928508158875,False,511.0,1.0848692850815889,511.0,False,519.0,False,511.0,0.005047085547789099,True,0.004551314773256168,0.0014163306173120445,0.0014158289316151568,rollover,0.0,1.0,0.0017135092772551002,iso05,MATR
MATR_b2c23,561,561,0,False,1.0779876869463905,1.0752028188811187,False,0.19798768694639035,False,526.0,1.0779876869463905,526.0,False,539.0,False,526.0,0.002784868065271784,True,0.005038834435272035,0.0011425732152221956,0.0008196583208624237,rollover,1.0,2.0,0.0007420284828423358,iso05,MATR
MATR_b2c24,523,523,0,False,1.0724225086247121,1.0682985706293702,False,0.192422508624712,False,494.0,1.0724225086247121,494.0,False,509.0,False,494.0,0.00497623030303429,True,0.004064154265289047,0.0015509251602458063,0.0015478779742758239,rollover,1.0,1.0,0.0018644034396563015,iso05,MATR
MATR_b2c25,486,486,0,False,1.071927690442894,1.0677823664335664,False,0.19192769044289393,False,460.0,1.071927690442894,460.0,False,473.0,False,460.0,0.00416941142191507,True,0.005050008099480943,0.0015626685178548904,0.001567773292181426,two_term_exponential,0.0,1.0,0.0017994880619856641,iso05,MATR
MATR_b2c26,497,497,0,False,1.0821731620046655,1.0774440650349655,False,0.2021731620046654,False,470.0,1.0821731620046655,470.0,False,479.0,False,470.0,0.004969274358977538,True,0.004571294361654735,0.0014493020508929285,0.0014699671081424461,two_term_exponential,0.0,2.0,0.001548028630974792,iso05,MATR
MATR_b2c27,494,494,0,False,1.071101937529141,1.0663392650349655,False,0.19110193752914095,False,467.0,1.071101937529141,467.0,False,481.0,False,467.0,0.005304078787881972,True,0.004028607443025516,0.0014522261230266755,0.0014605420638159933,two_term_exponential,0.0,1.0,0.001913298460144671,iso05,MATR
MATR_b2c28,540,539,1,False,1.0771009006993044,1.0721546853146853,False,0.1971009006993043,False,509.0,1.0771009006993044,509.0,False,522.0,False,509.0,0.005612359440563042,True,0.003293593046655325,0.0015452103113146353,0.001537118683674084,rollover,1.0,2.0,0.001326899365013192,iso05,MATR
MATR_b2c29,521,521,0,False,1.0777096389277425,1.0729747923076924,False,0.1977096389277424,False,497.0,1.0777096389277425,497.0,False,507.0,False,497.0,0.006356320279720107,True,0.004157068795642425,0.0017138137057511663,0.0016714991912449317,rollover,1.0,2.0,0.0015572611378117734,iso05,MATR
MATR_b2c3,360,360,0,False,1.0686717219114255,1.0671495125874124,False,0.18867172191142534,False,334.0,1.0686717219114255,334.0,False,347.0,False,334.0,0.00816231170163173,True,0.0025439092031957714,0.0026215802432591586,0.0026772285914116916,power_law,2.0,1.0,0.001011069337913756,iso05,MATR
MATR_b2c30,506,506,0,False,1.0723456801864837,1.0675460265734271,False,0.19234568018648357,False,480.0,1.0723456801864837,480.0,False,493.0,False,480.0,0.0055175074592104245,True,0.004296908059175355,0.0015751481834570507,0.0015837950306519786,two_term_exponential,0.0,1.0,0.0018468555274569031,iso05,MATR
MATR_b2c31,518,518,0,False,1.0792844965035,1.0737227027972032,False,0.19928449650349989,False,491.0,1.0792844965035,491.0,False,502.0,False,491.0,0.006271311655015044,True,0.0028495938609877144,0.0011905191822237716,0.0011275575947222026,rollover,1.0,1.0,0.0013614164024911453,iso05,MATR
MATR_b2c32,543,543,0,False,1.079654732400936,1.0746993209790203,False,0.1996547324009359,False,518.0,1.079654732400936,518.0,False,528.0,False,518.0,0.0064120058275058955,True,0.003815287498188265,0.0019963052139717542,0.001983009942035127,rollover,1.0,4.0,0.0013725035662003995,iso05,MATR
MATR_b2c33,545,545,0,False,1.0845473414918452,1.079420895104895,False,0.20454734149184506,False,519.0,1.0845473414918452,519.0,False,528.0,False,519.0,0.005891096503500393,True,0.0039512736875751365,0.0016914078208570048,0.0013728768652219647,rollover,1.0,1.0,0.0015711840422660151,iso05,MATR
MATR_b2c34,525,525,0,False,1.0747136470862508,1.0690936825174826,False,0.19471364708625072,False,498.0,1.0747136470862508,498.0,False,511.0,False,498.0,0.006403381585085022,True,0.00445577707686055,0.0015912728804755884,0.0014663180706117654,rollover,1.0,1.0,0.0017042118403840462,iso05,MATR
MATR_b2c35,485,485,0,False,1.0738122151515188,1.0688808804195808,False,0.1938122151515187,False,462.0,1.0738122151515188,462.0,False,473.0,False,462.0,0.005509610256413389,True,0.005007512464946845,0.0017208509746946981,0.0017218225763909727,two_term_exponential,0.0,1.0,0.0021083928759912988,iso05,MATR
MATR_b2c36,559,559,0,False,1.0851975307692343,1.0794738041958039,False,0.2051975307692342,False,533.0,1.0851975307692343,533.0,False,542.0,False,533.0,0.006464436596740564,True,0.003019988296223981,0.0013445354518348267,0.0012750486342690463,rollover,0.0,1.0,0.001450689238841327,iso05,MATR
MATR_b2c37,501,500,1,False,1.080121601398605,1.0752312699300703,False,0.2001216013986049,False,477.0,1.080121601398605,477.0,False,486.0,False,477.0,0.006378324242427347,True,0.0037686582233600347,0.0014973236810269042,0.0013464849050887498,rollover,0.0,1.0,0.001608435299134348,iso05,MATR
MATR_b2c38,486,486,0,False,1.0748100869463906,1.0701755720279718,False,0.19481008694639046,False,464.0,1.0748100869463906,464.0,False,474.0,False,464.0,0.005436212121215922,True,0.004229195813787952,0.0013794052536986116,0.0013868084369702553,two_term_exponential,0.0,2.0,0.0016007837198395564,iso05,MATR
MATR_b2c39,479,479,0,False,1.0855229659673693,1.0786252020979024,False,0.2055229659673692,False,458.0,1.0855229659673693,458.0,False,465.0,False,458.0,0.008136111421914727,True,0.004382474316357994,0.0015167634585559946,0.00151744207683424,two_term_exponential,1.0,1.0,0.0015900934714178907,iso05,MATR
MATR_b2c4,470,469,1,False,1.0755664009324044,1.0733526783216787,False,0.1955664009324043,False,442.0,1.0755664009324044,442.0,False,452.0,False,442.0,0.0022137226107257213,True,0.004785685233137887,0.0013489674299026427,0.0013571231983074698,two_term_exponential,0.0,1.0,0.0013947134827088572,iso05,MATR
MATR_b2c40,529,529,0,False,1.082547878321682,1.077379832167832,False,0.20254787832168186,False,498.0,1.082547878321682,498.0,False,509.0,False,498.0,0.006615624941725073,True,0.004221470831379682,0.0018390738956413786,0.001853496521088654,two_term_exponential,0.0,4.0,0.0014569615902730953,iso05,MATR
MATR_b2c41,451,451,0,False,1.0747969599067635,1.0689927559440555,False,0.19479695990676338,False,428.0,1.0747969599067635,428.0,False,439.0,False,428.0,0.00677763892774319,True,0.0032815644099468627,0.0013321856634638152,0.001340575508695831,two_term_exponential,0.0,2.0,0.0013192258560097616,iso05,MATR
MATR_b2c42,491,490,1,False,1.0832161708624746,1.0786826468531463,False,0.20321617086247445,False,464.0,1.0832161708624746,464.0,False,472.0,False,464.0,0.005302097435901709,True,0.003015701389374863,0.0016764617531269269,0.0015704198331233001,rollover,1.0,1.0,0.0017793002506126887,iso05,MATR
MATR_b2c43,486,486,0,False,1.0798463748251783,1.0741042118881121,False,0.1998463748251782,False,461.0,1.0798463748251783,461.0,False,471.0,False,461.0,0.0063903564102598676,True,0.003139766940546781,0.0014732534796816276,0.0014645951525597523,rollover,1.0,2.0,0.0015527166784171094,iso05,MATR
MATR_b2c44,478,477,1,False,1.0762321946386981,1.0713530839160834,False,0.196232194638698,False,455.0,1.0762321946386981,455.0,False,465.0,False,455.0,0.005748041724945807,True,0.0035990415565017894,0.0014673050088435207,0.0013987402577513108,rollover,1.0,1.0,0.0016458714147449668,iso05,MATR
MATR_b2c45,513,513,0,False,1.0751993039627077,1.0708407342657347,False,0.19519930396270757,False,485.0,1.0751993039627077,485.0,False,498.0,False,485.0,0.004608375757578775,True,0.004274593484495171,0.0013431661518956398,0.001347894957219767,two_term_exponential,0.0,1.0,0.0015699957928479566,iso05,MATR
MATR_b2c46,448,448,0,False,1.0787512836829871,1.0730945363636368,False,0.198751283682987,False,429.0,1.0787512836829871,429.0,False,437.0,False,429.0,0.006812108391611726,True,0.004838933546038594,0.001250364540869197,0.0012531278500295298,two_term_exponential,0.0,1.0,0.0014026019140364438,iso05,MATR
MATR_b2c47,744,744,0,False,1.0501250871794907,1.0425019706293706,False,0.1701250871794906,False,712.0,1.0501250871794907,712.0,False,741.0,False,712.0,0.007699258741262316,True,0.005112261016665117,0.0014277018825933209,0.0014198711236857334,rollover,0.0,1.0,0.0014343288912008108,iso05,MATR
MATR_b2c5,506,506,0,False,1.0724442988345024,1.0683388587412592,False,0.19244429883450231,False,479.0,1.0724442988345024,479.0,False,492.0,False,479.0,0.004572149650352575,True,0.003949864212910427,0.0013769527109724375,0.0013781774261264843,two_term_exponential,0.0,1.0,0.0016917708562718867,iso05,MATR
MATR_b2c6,544,543,1,False,1.0724161662004696,1.0691654622377624,False,0.19241616620046953,False,509.0,1.0724161662004696,509.0,False,527.0,False,509.0,0.003250703962707213,True,0.004007757533515088,0.0015488450100973612,0.0014709003147106374,rollover,1.0,1.0,0.0009184664889089286,iso05,MATR
MATR_b3c0,1007,1007,0,False,1.0708755107226144,1.0676003167832169,False,0.19087551072261433,False,1007.0,1.0708755107226144,1007.0,False,,False,1007.0,0.0036836738927774615,True,0.006656919776758545,0.0011144471584958278,0.001099297121344319,rollover,1.0,1.0,0.0012295897588154281,iso05,MATR
MATR_b3c1,1061,1061,0,False,1.068427683449887,1.0652804783216787,False,0.1884276834498868,False,1061.0,1.068427683449887,1061.0,False,,False,1061.0,0.0034164923076955844,True,0.006355544274504676,0.001937065849900997,0.0011883586749450942,rollover,0.0,2.0,0.0011545024253437398,iso05,MATR
MATR_b3c10,1076,1076,0,False,1.064645648251752,1.0619203300699303,False,0.18464564825175178,False,1076.0,1.064645648251752,1076.0,False,,False,1076.0,0.0030886244755277126,True,0.005874496472176474,0.0023695061232922713,0.001665480780236571,rollover,1.0,1.0,0.0018212980855315192,iso05,MATR
MATR_b3c11,815,815,0,False,1.070726958508162,1.0682229825174825,False,0.1907269585081619,False,815.0,1.070726958508162,815.0,False,,False,815.0,0.00250397599067953,True,0.004930196597439843,0.0009530215535320907,0.000951991211139663,rollover,0.0,1.0,0.001097899910647517,iso05,MATR
MATR_b3c12,930,930,0,False,1.0768634296037334,1.0744656909090906,False,0.19686342960373326,False,930.0,1.0768634296037334,930.0,False,,False,930.0,0.0024672491841530864,True,0.0053459282690118985,0.001270727240261737,0.0012684372142595856,rollover,1.0,1.0,0.0016120886356741752,iso05,MATR
MATR_b3c13,814,814,0,False,1.0695746181818218,1.0657594020979022,False,0.18957461818182164,False,814.0,1.0695746181818218,814.0,False,,False,814.0,0.0038173289044323155,True,0.0046766396429280925,0.0008337771441607977,0.0008415359311563975,two_term_exponential,0.0,1.0,0.0008957027276387847,iso05,MATR
MATR_b3c14,856,856,0,False,1.0772953130536167,1.0733189545454542,False,0.19729531305361658,False,856.0,1.0772953130536167,856.0,False,,False,856.0,0.004361107459211366,True,0.004148095634409029,0.0009055591111538494,0.0009166026453946079,two_term_exponential,0.0,1.0,0.0009680634443745686,iso05,MATR
MATR_b3c15,874,874,0,False,1.0711623426573462,1.0686164181818183,False,0.1911623426573461,False,874.0,1.0711623426573462,874.0,False,,False,874.0,0.002597379720283177,True,0.004447411166009736,0.0008748973058171519,0.0008879865871189124,two_term_exponential,0.0,1.0,0.0011310101978743606,iso05,MATR
MATR_b3c16,1636,1636,0,False,1.0643385261072296,1.06105163986014,False,0.18433852610722945,False,1636.0,1.0643385261072296,1636.0,False,,False,1636.0,0.0032868862470896154,True,0.006442522555403104,0.002212371111506561,0.0011771782113745098,rollover,1.0,1.0,0.001073202883149954,iso05,MATR
MATR_b3c17,1313,1313,0,False,1.0698727412587448,1.066598002097902,False,0.18987274125874465,False,1313.0,1.0698727412587448,1313.0,False,,False,1313.0,0.004806633799533611,True,0.005743506083938734,0.0025115427032615734,0.0011538684776657914,rollover,0.0,2.0,0.0011175444512904699,iso05,MATR
MATR_b3c18,1144,1144,0,False,1.0700733776223812,1.0681150419580416,False,0.19007337762238108,False,1144.0,1.0700733776223812,1144.0,False,,False,1144.0,0.001958335664339561,True,0.0059391357015189826,0.002278482626438327,0.0011059042273302048,rollover,1.0,1.0,0.0012629921874095992,iso05,MATR
MATR_b3c19,1153,1153,0,False,1.0738731505827541,1.0721259587412586,False,0.193873150582754,False,1153.0,1.0738731505827541,1153.0,False,,False,1153.0,0.0017471918414955212,True,0.005991073162547193,0.0027524257024907546,0.001084204550975565,rollover,0.0,1.0,0.001353868446466194,iso05,MATR
MATR_b3c2,1265,1265,0,False,1.0630037177156213,1.0607122405594411,False,0.18300371771562118,False,1265.0,1.0630037177156213,1265.0,False,,False,1265.0,0.002291477156180166,True,0.005666478733116227,0.0026254120819991203,0.000916230224578815,rollover,1.0,2.0,0.0008832922279064445,iso05,MATR
MATR_b3c20,811,811,0,False,1.068003553379957,1.0651969895104891,False,0.1880035533799569,False,811.0,1.068003553379957,811.0,False,,False,811.0,0.0028736186480224912,True,0.006645909328062915,0.0013812097945538502,0.0013638328100421438,rollover,1.0,1.0,0.0014672295889814394,iso05,MATR
MATR_b3c21,770,770,0,False,1.0686206491841528,1.0677852818181819,False,0.18862064918415267,False,770.0,1.0686206491841528,770.0,False,,False,770.0,0.000835367365970896,True,0.005993090739086099,0.0009867391269503972,0.0010338344849318286,two_term_exponential,0.0,1.0,0.00138037873120875,iso05,MATR
MATR_b3c22,1000,1000,0,False,1.0590757659673695,1.0564074678321684,False,0.1790757659673694,False,1000.0,1.0590757659673695,1000.0,False,,False,1000.0,0.002668298135201086,True,0.007317880192659723,0.0014059760777577768,0.001380910280759846,rollover,0.0,1.0,0.0017876247864182248,iso05,MATR
MATR_b3c23,2188,2188,0,False,1.0687427270396306,1.0658912608391613,False,0.18874272703963046,False,,1.0687427270396306,,False,,False,2188.0,0.002988301864804921,True,0.005389115580148793,0.0005645322242483773,0.0004835412522993706,rollover,14.0,7.0,0.00035864549434985716,iso05,MATR
MATR_b3c24,823,823,0,False,1.050482590442894,1.0464083314685317,False,0.17048259044289393,False,823.0,1.050482590442894,823.0,False,,False,823.0,0.004627568065271426,True,0.005604969035400209,0.001539936129879428,0.0015277304091539754,rollover,0.0,1.0,0.0016074506778275186,iso05,MATR
MATR_b3c25,987,987,0,False,1.0650901836829871,1.0612567930069934,False,0.18509018368298702,False,987.0,1.0650901836829871,987.0,False,,False,987.0,0.0041648020979052625,True,0.006507637195066426,0.0013887875492248536,0.0013179191389088424,rollover,0.0,1.0,0.0016629196223188988,iso05,MATR
MATR_b3c26,1026,1026,0,False,1.0755010188811225,1.0719720125874121,False,0.19550101888112237,False,1026.0,1.0755010188811225,1026.0,False,,False,1026.0,0.003764942657346726,True,0.004536071419895028,0.0015721158077106393,0.0009715436570136343,rollover,0.0,1.0,0.0012178588659115942,iso05,MATR
MATR_b3c27,848,848,0,False,1.064168887412591,1.0605818692307694,False,0.18416888741259085,False,848.0,1.064168887412591,848.0,False,,False,848.0,0.0038036349650385493,True,0.0048711410541078465,0.000947262614696325,0.000927853119785868,rollover,1.0,2.0,0.0007783565809538474,iso05,MATR
MATR_b3c28,539,539,0,False,1.0527228668997703,1.0519767769230772,False,0.17272286689977023,False,539.0,1.0527228668997703,539.0,False,,False,539.0,0.0007460899766931206,True,0.0034981397201767966,0.0005997645025021815,0.0006044627405002951,two_term_exponential,0.0,1.0,0.0007311647267560545,iso05,MATR
MATR_b3c29,856,856,0,False,1.0708673715617751,1.0665129944055947,False,0.19086737156177502,False,856.0,1.0708673715617751,856.0,False,,False,856.0,0.004658534498837907,True,0.004755928561660465,0.0009008075535163687,0.0009023003696208072,two_term_exponential,0.0,1.0,0.0008680626994136933,iso05,MATR
MATR_b3c3,1113,1113,0,False,1.0652432510489547,1.0628084776223778,False,0.18524325104895456,False,1113.0,1.0652432510489547,1113.0,False,,False,1113.0,0.002714228671331975,True,0.005892959750410668,0.001561792339906519,0.0010922884743482172,rollover,1.0,1.0,0.0011407121774629954,iso05,MATR
MATR_b3c30,933,933,0,False,1.0721533466200504,1.0689066545454549,False,0.19215334662005024,False,933.0,1.0721533466200504,933.0,False,,False,933.0,0.003407239393942607,True,0.005676773075551905,0.0006839575506901501,0.0006788077758498856,rollover,0.0,1.0,0.0006495947714892607,iso05,MATR
MATR_b3c31,729,729,0,False,1.0714425400932437,1.0683497727272733,False,0.19144254009324357,False,729.0,1.0714425400932437,729.0,False,,False,729.0,0.0032662307692339354,True,0.005689953946373522,0.00114685229771815,0.0011418820943777136,rollover,1.0,1.0,0.0012454087144873572,iso05,MATR
MATR_b3c32,2236,2236,0,False,1.075078153379957,1.0726526531468532,False,0.19507815337995682,False,,1.075078153379957,,False,,False,2236.0,0.002425500233103728,True,0.0026245217761190916,0.0005681936211796546,0.0005648583818804798,rollover,0.0,2.0,0.0007308332413005462,iso05,MATR
MATR_b3c33,1282,1282,0,False,1.0627973167832203,1.0603153293706293,False,0.1827973167832202,False,1282.0,1.0627973167832203,1282.0,False,,False,1282.0,0.002545705827509348,True,0.007732894613597926,0.001528650877151814,0.001044440335681496,rollover,0.0,1.0,0.0012256614524486916,iso05,MATR
MATR_b3c34,1156,1156,0,False,1.0642233501165537,1.061545432867133,False,0.18422335011655355,False,1156.0,1.0642233501165537,1156.0,False,,False,1156.0,0.002678193240096771,True,0.006335021406586484,0.0029045391662855828,0.0013503959940597225,rollover,0.0,1.0,0.0015775887372811643,iso05,MATR
MATR_b3c35,1091,1091,0,False,1.065326200466204,1.0634828986013987,False,0.18532620046620396,False,1091.0,1.065326200466204,1091.0,False,,False,1091.0,0.0020090745920746667,True,0.005082734604831233,0.0016770273641893833,0.0011311945941212143,rollover,0.0,2.0,0.001330516488567192,iso05,MATR
MATR_b3c36,921,921,0,False,1.060545249417253,1.0575962783216786,False,0.1805452494172528,False,921.0,1.060545249417253,921.0,False,,False,921.0,0.0029489710955743487,True,0.00731099334804834,0.0015125432742219922,0.0014753565832592165,rollover,0.0,1.0,0.0017721595186395611,iso05,MATR
MATR_b3c37,1388,1388,0,False,1.0506014363636398,1.0470061307692307,False,0.17060143636363967,False,1388.0,1.0506014363636398,1388.0,False,,False,1388.0,0.033355744522144626,False,0.007203364607347564,0.0032485434634222537,0.0032322214869425782,rollover,2.0,5.0,0.0012143900944500737,iso05,MATR
MATR_b3c38,1933,1933,0,False,1.0725392601398638,1.0703227006993008,False,0.19253926013986367,False,1933.0,1.0725392601398638,1933.0,False,,False,1933.0,0.002216559440562982,True,0.006771126327925619,0.0013025275470755452,0.0010019876809877217,rollover,0.0,1.0,0.0013036518006750446,iso05,MATR
MATR_b3c39,1154,1154,0,False,1.0514178428904464,1.047463913986014,False,0.17141784289044626,False,1154.0,1.0514178428904464,1154.0,False,,False,1154.0,0.003965545687649286,True,0.007581884739930709,0.0012267229683202861,0.0011932661619569749,rollover,1.0,1.0,0.0014069761751748407,iso05,MATR
MATR_b3c4,1046,1046,0,False,1.0748160550116586,1.0725074993006993,False,0.19481605501165844,False,1046.0,1.0748160550116586,1046.0,False,,False,1046.0,0.002736881585085005,True,0.0047767985621988834,0.001297722254504623,0.0009825813982391849,rollover,1.0,2.0,0.0010273659693749574,iso05,MATR
MATR_b3c40,794,794,0,False,1.0637955932400969,1.0592270258741263,False,0.18379559324009676,False,794.0,1.0637955932400969,794.0,False,,False,794.0,0.004587592307695454,True,0.004588843349551654,0.0008229045742072677,0.0008226533526969246,rollover,0.0,1.0,0.0009615998500426447,iso05,MATR
MATR_b3c41,784,784,0,False,1.0544417202797238,1.0506918300699297,False,0.1744417202797237,False,784.0,1.0544417202797238,784.0,False,,False,784.0,0.004160568997672698,True,0.003278997777374072,0.000770138283089622,0.000759532325659898,rollover,1.0,1.0,0.000767297097176887,iso05,MATR
MATR_b3c42,1640,1640,0,False,1.0697535997669032,1.0671082223776225,False,0.1897535997669031,False,1640.0,1.0697535997669032,1640.0,False,,False,1640.0,0.0028560326340361097,True,0.00570280860447126,0.001430981533518476,0.0014214834235451372,rollover,0.0,1.0,0.0016102269213983283,iso05,MATR
MATR_b3c43,1044,1044,0,False,1.0731610986014022,1.0702973440559442,False,0.19316109860140207,False,1044.0,1.0731610986014022,1044.0,False,,False,1044.0,0.00299319114219454,True,0.006669242364983065,0.001671299341728771,0.0015463797972069715,rollover,0.0,1.0,0.002008200683083678,iso05,MATR
MATR_b3c44,938,938,0,False,1.0736855699300736,1.0697429020979026,False,0.19368556993007346,False,938.0,1.0736855699300736,938.0,False,,False,938.0,0.00413348111888423,True,0.006705396773800895,0.0014514060716991437,0.0014413849948004768,rollover,0.0,1.0,0.0018761639333685063,iso05,MATR
MATR_b3c45,1799,1799,0,False,1.0716944969697004,1.0696614426573425,False,0.1916944969697003,False,1799.0,1.0716944969697004,1799.0,False,,False,1799.0,0.00254444172494539,True,0.0062128056459625075,0.0014755650490116193,0.0013363226602724715,rollover,0.0,3.0,0.0014787199684184829,iso05,MATR
MATR_b3c5,826,826,0,False,1.0538047477855512,1.0515670986013987,False,0.1738047477855511,False,826.0,1.0538047477855512,826.0,False,,False,826.0,0.002435007925411403,True,0.005894127068671051,0.0013916072500309298,0.0013759522990359656,rollover,0.0,1.0,0.001492630696880596,iso05,MATR
MATR_b3c6,665,665,0,False,1.063035861118881,1.062732006293706,False,0.18303586111888093,False,665.0,1.063035861118881,665.0,False,,False,665.0,0.0008665181818180434,True,0.0036221187371582105,0.001171396459338438,0.0010422842886556839,rollover,1.0,2.0,0.0005093540716802919,iso05,MATR
MATR_b3c7,1834,1834,0,False,1.0708184925407962,1.0677476048951051,False,0.19081849254079608,False,1834.0,1.0708184925407962,1834.0,False,,False,1834.0,0.0032026592074625437,True,0.005715455681230099,0.0013267857327317752,0.0010623934646091014,rollover,0.0,1.0,0.001343377126588396,iso05,MATR
MATR_b3c8,826,826,0,False,1.0684814097902133,1.0648958629370628,False,0.18848140979021322,False,826.0,1.0684814097902133,826.0,False,,False,826.0,0.0037718456876492112,True,0.006113686920679261,0.0012088504268916716,0.0011969887410295708,rollover,0.0,1.0,0.001332872522932074,iso05,MATR
MATR_b3c9,1037,1037,0,False,1.0732625727272764,1.0696274230769232,False,0.19326257272727632,False,1037.0,1.0732625727272764,1037.0,False,,False,1037.0,0.0037176979021014134,True,0.005632249559563171,0.0012511218820482738,0.0012464070670054942,rollover,1.0,1.0,0.0014927645658614518,iso05,MATR
MATR_b4c0,982,982,0,False,1.0431989351981388,1.0409811811188812,False,0.16319893519813866,False,856.0,1.0431989351981388,856.0,False,888.0,False,856.0,0.0028115944055977504,True,0.0033120352908612045,0.0011975033724536174,0.0012281461598742014,two_term_exponential,1.0,4.0,0.00048244750519258064,iso05,MATR
MATR_b4c1,861,861,0,False,1.0503915202797238,1.0487836174825174,False,0.1703915202797237,False,760.0,1.0503915202797238,760.0,False,782.0,False,760.0,0.0017437620046658608,True,0.0031496106400582414,0.0004980631503396875,0.0005032948743824218,two_term_exponential,1.0,5.0,0.0003127531413984075,iso05,MATR
MATR_b4c10,1082,1082,0,False,1.0653445797202834,1.0623960188811195,False,0.1853445797202833,False,872.0,1.0653445797202834,872.0,False,892.0,False,872.0,0.0036603368298397942,True,0.0065665573983355605,0.0011898799276586277,0.0011797989787979521,rollover,1.0,2.0,0.0011687074914085236,iso05,MATR
MATR_b4c11,930,930,0,False,1.0624336871794906,1.0597364818181818,False,0.1824336871794905,False,863.0,1.0624336871794906,863.0,False,885.0,False,863.0,0.003173011188814634,True,0.006721897731311904,0.001700561768061895,0.0016858998775196447,rollover,0.0,1.0,0.0021017178139312712,iso05,MATR
MATR_b4c12,898,898,0,False,1.0614887398601434,1.058254244755244,False,0.18148873986014324,False,818.0,1.0614887398601434,818.0,False,836.0,False,818.0,0.0036902930069973028,True,0.006357707730239012,0.001449546566795172,0.001439264481190053,rollover,0.0,1.0,0.0017686760488815525,iso05,MATR
MATR_b4c13,869,869,0,False,1.0700591214452249,1.0661404741258744,False,0.19005912144522474,False,771.0,1.0700591214452249,771.0,False,785.0,False,771.0,0.004846282750586184,True,0.0064811111854095015,0.0015610391669038447,0.001554263928419143,rollover,0.0,1.0,0.001915016001789753,iso05,MATR
MATR_b4c14,767,767,0,False,1.0639097081585116,1.060804648251748,False,0.1839097081585115,False,607.0,1.0639097081585116,607.0,False,624.0,False,607.0,0.003603484615388508,True,0.005724028108718889,0.0009401926083263276,0.0009393076874300861,rollover,1.0,2.0,0.0008032580313611132,iso05,MATR
MATR_b4c15,871,871,0,False,1.065459961538465,1.0620670734265738,False,0.1854599615384649,False,675.0,1.065459961538465,675.0,False,692.0,False,675.0,0.003865900233103403,True,0.00558650167165323,0.0011389754553424634,0.001136353120233545,rollover,1.0,1.0,0.0012189447899009476,iso05,MATR
MATR_b4c16,983,983,0,False,1.0595014342657378,1.0569953510489507,False,0.17950143426573772,False,909.0,1.0595014342657378,909.0,False,932.0,False,909.0,0.003037995104899105,True,0.006469876768230031,0.0010759098515780458,0.0010640323504618407,rollover,1.0,2.0,0.0010241702873559468,iso05,MATR
MATR_b4c17,930,930,0,False,1.0420506741258775,1.039900321678322,False,0.16205067412587737,False,828.0,1.0420506741258775,828.0,False,861.0,False,828.0,0.0024499829836861498,True,0.006584991415893078,0.0016991981605090694,0.00167714070766025,rollover,0.0,1.0,0.0020504554474385034,iso05,MATR
MATR_b4c18,1057,1057,0,False,1.0539252766899803,1.0511627727272728,False,0.17392527668998015,False,906.0,1.0539252766899803,906.0,False,932.0,False,906.0,0.0030276801864834724,True,0.0063985794067626936,0.0011926073489657656,0.0011757766129621358,rollover,0.0,1.0,0.0013440192714710777,iso05,MATR
MATR_b4c19,1111,1111,0,False,1.052456878554782,1.050356,False,0.17245687855478198,False,991.0,1.052456878554782,991.0,False,1019.0,False,991.0,0.0024644100233135458,True,0.0056457691104313664,0.0007184462751476646,0.0007077960795686197,rollover,0.0,1.0,0.0008173318242390118,iso05,MATR
MATR_b4c2,784,784,0,False,1.0551414538461572,1.0530369195804197,False,0.1751414538461571,False,742.0,1.0551414538461572,742.0,False,762.0,False,742.0,0.0024571475524510777,True,0.004546039675365708,0.0006596539895681191,0.0006613658588643761,two_term_exponential,0.0,2.0,0.0005531980217362146,iso05,MATR
MATR_b4c20,804,804,0,False,1.0465396209790245,1.0451952293706295,False,0.16653962097902442,False,747.0,1.0465396209790245,747.0,False,777.0,False,747.0,0.0014810575757608913,True,0.0044436914073436124,0.0005892500577836352,0.0005946933548676561,two_term_exponential,0.0,3.0,0.0003951955639967848,iso05,MATR
MATR_b4c21,903,903,0,False,1.0588875426573463,1.0555788748251749,False,0.1788875426573462,False,773.0,1.0588875426573463,773.0,False,793.0,False,773.0,0.004013665268068678,True,0.005951678505600051,0.0016454728843821687,0.0016389061196470719,rollover,0.0,1.0,0.0019473055225458075,iso05,MATR
MATR_b4c22,745,745,0,False,1.0530028200466235,1.050904304195804,False,0.17300282004662337,False,671.0,1.0530028200466235,671.0,False,686.0,False,671.0,0.0021631058275095594,True,0.007060705225042701,0.0011431665390889507,0.0011322935054651775,rollover,0.0,1.0,0.0014615863317161647,iso05,MATR
MATR_b4c23,1094,1094,0,False,1.0510903447552484,1.0485054608391606,False,0.1710903447552483,False,1038.0,1.0510903447552484,1038.0,False,1067.0,False,1038.0,0.0030473564102599937,True,0.0066361844381582005,0.0011535922771385555,0.0011398278689695497,rollover,1.0,1.0,0.0012513988888035914,iso05,MATR
MATR_b4c24,1115,1115,0,False,1.0482384519813555,1.0458418146853148,False,0.16823845198135534,False,988.0,1.0482384519813555,988.0,False,1015.0,False,988.0,0.002822114918418217,True,0.005685828960346906,0.0013159160910600598,0.001300400071260342,rollover,0.0,1.0,0.001435632432932164,iso05,MATR
MATR_b4c25,567,567,0,False,1.0380228752913787,1.0335345314685318,False,0.1580228752913786,False,453.0,1.0380228752913787,453.0,False,469.0,False,453.0,0.005185637296040602,True,0.0057084228487849714,0.0021582270841651392,0.0018886123140177602,rollover,0.0,1.0,0.0022558630203597806,iso05,MATR
MATR_b4c26,579,579,0,False,1.0399363034965068,1.036695497902098,False,0.15993630349650667,False,476.0,1.0399363034965068,476.0,False,490.0,False,476.0,0.0035372270396305527,True,0.006333804142164166,0.0010964714693339603,0.0008943760266057568,rollover,0.0,1.0,0.000975226751526571,iso05,MATR
MATR_b4c27,563,563,0,False,1.040699822610726,1.0370675300699301,False,0.1606998226107259,False,500.0,1.040699822610726,500.0,False,516.0,False,500.0,0.004057171794875192,True,0.00652403724316756,0.0017056887202849637,0.00143011090563221,rollover,0.0,1.0,0.0017469051860765136,iso05,MATR
MATR_b4c28,882,882,0,False,1.0677705811188847,1.0648732020979021,False,0.18777058111888456,False,828.0,1.0677705811188847,828.0,False,842.0,False,828.0,0.0032472461538495256,True,0.007226957869583219,0.0015935972405577916,0.0015790872176654623,rollover,0.0,1.0,0.0019228796666134204,iso05,MATR
MATR_b4c29,956,956,0,False,1.0679211440559477,1.0661259342657345,False,0.18792114405594762,False,887.0,1.0679211440559477,887.0,False,906.0,False,887.0,0.0019203792540825049,True,0.005583782427400236,0.0009402140968276228,0.0005466241250048321,rollover,0.0,1.0,0.000565951338152023,iso05,MATR
MATR_b4c3,911,911,0,False,1.0503911792540828,1.047303211188811,False,0.17039117925408265,False,776.0,1.0503911792540828,776.0,False,802.0,False,776.0,0.003944544522148208,True,0.004934076082768051,0.0012071296712241155,0.0010716764364271615,rollover,0.0,2.0,0.0012675796403205841,iso05,MATR
MATR_b4c30,719,719,0,False,1.0527116300699335,1.0496495146853149,False,0.1727116300699334,False,615.0,1.0527116300699335,615.0,False,637.0,False,615.0,0.003480945920749434,True,0.002821549158268611,0.0006302581490582911,0.0006647567860901395,two_term_exponential,0.0,2.0,0.000503458503474853,iso05,MATR
MATR_b4c31,832,832,0,False,1.0549789177156212,1.0520586062937067,False,0.17497891771562113,False,559.0,1.0549789177156212,559.0,False,572.0,False,559.0,0.003303796736599862,True,0.007270956928191654,0.0015196469940024963,0.0014919365450094554,rollover,0.0,1.0,0.0018427233744846483,iso05,MATR
MATR_b4c32,839,839,0,False,1.0581061755244792,1.054960655244755,False,0.17810617552447905,False,754.0,1.0581061755244792,754.0,False,772.0,False,754.0,0.0035979379953419155,True,0.006296569607399216,0.0014188770384132119,0.001412016113452114,rollover,0.0,1.0,0.0016403383522669108,iso05,MATR
MATR_b4c33,530,530,0,False,1.0669113020979055,1.0642750510489507,False,0.1869113020979054,False,505.0,1.0669113020979055,505.0,False,515.0,False,505.0,0.0028962447552487447,True,0.0069351342212165,0.0011448105946144976,0.001140120928156522,rollover,0.0,1.0,0.00148823135779714,iso05,MATR
MATR_b4c34,997,997,0,False,1.05235826620047,1.0504179951048953,False,0.1723582662004699,False,891.0,1.05235826620047,891.0,False,923.0,False,891.0,0.0024375335664368336,True,0.006220794302679714,0.0013392442096849342,0.0013109000664752381,rollover,0.0,1.0,0.0016649227095146505,iso05,MATR
MATR_b4c35,1131,1130,1,False,1.056639127505831,1.0540411398601397,False,0.176639127505831,False,1081.0,1.056639127505831,1081.0,False,1099.0,False,1081.0,0.0029066205128243094,True,0.006470513290156202,0.0014962775065224061,0.0014693239171989774,rollover,0.0,2.0,0.0016606297069613107,iso05,MATR
MATR_b4c36,713,713,0,False,1.0616686277389311,1.0592293293706292,False,0.181668627738931,False,599.0,1.0616686277389311,599.0,False,610.0,False,599.0,0.002683818181822062,True,0.00787828630730682,0.0015744926651212027,0.0014047621959219817,rollover,0.0,1.0,0.0016773231121406974,iso05,MATR
MATR_b4c37,1005,1005,0,False,1.0455237580419616,1.043350413986014,False,0.1655237580419615,False,863.0,1.0455237580419616,863.0,False,895.0,False,863.0,0.002662749650353291,True,0.006369322038523461,0.001455686045854855,0.0014325118111488816,rollover,0.0,1.0,0.0017955266839890516,iso05,MATR
MATR_b4c38,1230,1228,2,False,1.0606286228438264,1.0576380356643362,False,0.1806286228438263,False,1163.0,1.0606286228438264,1163.0,False,1209.0,False,1163.0,0.0032705072261101087,True,0.006706091188303748,0.0023957271965406287,0.001757197265191241,rollover,1.0,2.0,0.0016958546932177333,iso05,MATR
MATR_b4c39,761,761,0,False,1.0503610109557144,1.048786210489511,False,0.17036101095571432,False,738.0,1.0503610109557144,738.0,False,758.0,False,738.0,0.001856238228441276,True,0.005066767316246741,0.0008080454932280276,0.0008087225506416912,two_term_exponential,0.0,1.0,0.000914384585921285,iso05,MATR
MATR_b4c4,912,912,0,False,1.043819155477859,1.0407009482517482,False,0.16381915547785897,False,656.0,1.043819155477859,656.0,False,671.0,False,656.0,0.0036274692307729506,True,0.006752710622062153,0.0012244260726748221,0.001213998213611278,rollover,0.0,2.0,0.0010954693816518455,iso05,MATR
MATR_b4c40,1122,1120,2,False,1.0615463748251783,1.0587760999999998,False,0.18154637482517821,False,1087.0,1.0615463748251783,1087.0,False,1114.0,False,1087.0,0.0028605006993043247,True,0.006013188683157193,0.0008328250506282077,0.0008212787398172518,rollover,1.0,3.0,0.000750711198067401,iso05,MATR
MATR_b4c41,997,997,0,False,1.0598268030303066,1.056504441958042,False,0.17982680303030651,False,836.0,1.0598268030303066,836.0,False,855.0,False,836.0,0.0041475160839195,True,0.0061598197626331445,0.0010671465362130615,0.0010621183105333448,rollover,0.0,1.0,0.001229519986810019,iso05,MATR
MATR_b4c42,915,915,0,False,1.0536113097902133,1.0498088517482516,False,0.17361130979021322,False,774.0,1.0536113097902133,774.0,False,796.0,False,774.0,0.004643119347323088,True,0.005255094792285274,0.0015771697584813504,0.0015743896942836675,rollover,0.0,1.0,0.0018560776343816575,iso05,MATR
MATR_b4c43,951,951,0,False,1.0452423538461573,1.0417850251748255,False,0.16524235384615715,False,750.0,1.0452423538461573,750.0,False,776.0,False,750.0,0.004425621911425148,True,0.00416049583881414,0.000921714278330213,0.0009254240156105973,two_term_exponential,0.0,1.0,0.0009313401513735576,iso05,MATR
MATR_b4c44,1077,1077,0,False,1.0468874552447587,1.0442802209790212,False,0.16688745524475856,False,942.0,1.0468874552447587,942.0,False,971.0,False,942.0,0.0037300848484882465,True,0.00543450380752728,0.0010370302643256417,0.0010301177048101329,rollover,0.0,1.0,0.0009544463624338008,iso05,MATR
MATR_b4c5,1067,1067,0,False,1.0406355279720314,1.0371364944055947,False,0.1606355279720313,False,913.0,1.0406355279720314,913.0,False,946.0,False,913.0,0.004097148484851543,True,0.006285256209297054,0.0008732718817742688,0.0008612886907694819,rollover,1.0,1.0,0.0007193762728348844,iso05,MATR
MATR_b4c6,777,777,0,False,1.0389391170163205,1.0366549664335667,False,0.15893911701632035,False,706.0,1.0389391170163205,706.0,False,734.0,False,706.0,0.0027680034965065214,True,0.004547249188151209,0.0006711662625496334,0.0006689108293460838,rollover,0.0,1.0,0.0006281953172097975,iso05,MATR
MATR_b4c7,562,562,0,False,1.055836097435901,1.052066612587412,False,0.17583609743590078,False,529.0,1.055836097435901,529.0,False,540.0,False,529.0,0.0042773032634073616,True,0.007668534531733741,0.0016781572108380035,0.0014761220120464125,rollover,0.0,1.0,0.001512289494799876,iso05,MATR
MATR_b4c8,718,718,0,False,1.0525906289044324,1.0492364678321682,False,0.17259062890443233,False,677.0,1.0525906289044324,677.0,False,698.0,False,677.0,0.004089390209793375,True,0.0035040456187743637,0.0009887108442479262,0.0009980909933189333,two_term_exponential,0.0,1.0,0.0008630436493612554,iso05,MATR
MATR_b4c9,529,529,0,False,1.0619765706293742,1.0583291783216786,False,0.1819765706293741,False,442.0,1.0619765706293742,442.0,False,455.0,False,442.0,0.004051334265737561,True,0.006360651277566114,0.0014018694979686908,0.0013558974565608,rollover,1.0,2.0,0.0012552517032505455,iso05,MATR
MATR_b1c0,1850,1849,1,False,1.0767031853146891,1.070780724475524,False,0.196703185314689,False,1849.0,1.0767031853146891,1849.0,False,,False,1849.0,0.023997910023310087,False,0.006478406043339149,0.005312438679018049,0.004568589687296472,rollover,0.0,25.0,0.002788804798903039,iso10,MATR
MATR_b1c1,2158,2158,0,False,1.082415053379957,1.0761058349650348,False,0.2024150533799569,False,2158.0,1.082415053379957,2158.0,False,,False,2158.0,0.0063092184149222685,True,0.006167853183771377,0.001880229249898703,0.0018246387043820043,rollover,9.0,7.0,0.0014816934050293595,iso10,MATR
MATR_b1c10,904,904,0,False,1.0817832839160877,1.0759630258741262,False,0.20178328391608757,False,,1.0817832839160877,,False,,False,904.0,0.00683768694639042,True,0.0031283453933002325,0.0010930091045697333,0.0010981980426167778,two_term_exponential,0.0,3.0,0.0008739831644032777,iso10,MATR
MATR_b1c11,786,786,0,False,1.0602274261072295,1.0546187083916083,False,0.18022742610722942,False,786.0,1.0602274261072295,786.0,False,,False,786.0,0.006528015850819413,True,0.003014238373860222,0.0020823262142834085,0.001245609679209395,rollover,3.0,3.0,0.0010474709807809393,iso10,MATR
MATR_b1c12,900,900,0,False,1.0821912965035,1.077824060839161,False,0.20219129650349998,False,,1.0821912965035,,False,,False,900.0,0.005363379953383429,True,0.003072442319016216,0.0009644153155268261,0.0008926180301830758,rollover,2.0,3.0,0.0007113869259259437,iso10,MATR
MATR_b1c13,895,895,0,False,1.0845483827505866,1.0801282853146852,False,0.2045483827505865,False,,1.0845483827505866,,False,,False,895.0,0.005417631934735656,True,0.0038973943384713336,0.0010397891299835306,0.0010412690113000187,two_term_exponential,0.0,1.0,0.0011036220114528444,iso10,MATR
MATR_b1c14,878,878,0,False,1.0757307463869499,1.0710733531468528,False,0.19573074638694976,False,878.0,1.0757307463869499,878.0,False,,False,878.0,0.006565865501169554,True,0.0035775022817385537,0.00272155257064251,0.0015954573464578676,rollover,0.0,1.0,0.001567047014818831,iso10,MATR
MATR_b1c15,717,717,0,False,1.0672611046620082,1.0614584069930066,False,0.18726110466200807,False,717.0,1.0672611046620082,717.0,False,,False,717.0,0.007683305361309012,True,0.0037715469048138278,0.0024308579107549886,0.0014867217616815142,rollover,0.0,2.0,0.0014912863305174523,iso10,MATR
MATR_b1c16,860,860,0,False,1.0861273305361343,1.081395756643357,False,0.2061273305361342,False,860.0,1.0861273305361343,860.0,False,,False,860.0,0.006865880885784215,True,0.004563985571692804,0.0023107481377794437,0.0015021716885673868,rollover,0.0,1.0,0.0012876016797587723,iso10,MATR
MATR_b1c17,855,855,0,False,1.077031979254083,1.0723514405594405,False,0.1970319792540829,False,855.0,1.077031979254083,855.0,False,,False,855.0,0.00661925664336005,True,0.003361741066932507,0.0022446266693100926,0.0014604609287525102,rollover,6.0,2.0,0.0011893816496160931,iso10,MATR
MATR_b1c18,689,688,1,False,1.070131970396274,1.0661330188811189,False,0.19013197039627383,False,688.0,1.070131970396274,688.0,False,,False,688.0,0.003998951515155058,True,0.00811140200676133,0.002169012518375493,0.001215960529559051,rollover,1.0,1.0,0.0011647893785503905,iso10,MATR
MATR_b1c19,786,786,0,False,1.0891354750582787,1.0854258202797202,False,0.20913547505827856,False,786.0,1.0891354750582787,786.0,False,,False,786.0,0.0037096547785584466,True,0.004051762476833109,0.002659944234218817,0.001176408133877896,rollover,0.0,2.0,0.0013391369263752314,iso10,MATR
MATR_b1c2,2235,2235,0,False,1.0860130920745956,1.0808158895104898,False,0.2060130920745955,False,2235.0,1.0860130920745956,2235.0,False,,False,2235.0,0.03014882855477863,False,0.006279450574831675,0.002877902738789804,0.002871002249849341,rollover,0.0,6.0,0.002025717737464776,iso10,MATR
MATR_b1c20,532,532,0,False,1.0762344988345025,1.0729113167832167,False,0.1962344988345024,False,532.0,1.0762344988345025,532.0,False,,False,532.0,0.003323182051285789,True,0.00436037594638865,0.0017457360260753289,0.001689870540009715,rollover,0.0,2.0,0.0018916319076867684,iso10,MATR
MATR_b1c21,557,557,0,False,1.086218375291379,1.0827725083916084,False,0.20621837529137887,False,557.0,1.086218375291379,557.0,False,,False,557.0,0.0034458668997705555,True,0.006451376389044466,0.0015757923412588056,0.0015319421357306662,rollover,0.0,3.0,0.0015310362100581577,iso10,MATR
MATR_b1c22,889,889,0,False,1.0836297538461572,1.0796626181818183,False,0.2036297538461571,False,,1.0836297538461572,,False,,False,889.0,0.0042550440559474545,True,0.00269548814884713,0.0008457545464465347,0.0008610169093281331,two_term_exponential,0.0,1.0,0.0009274739939505106,iso10,MATR
MATR_b1c23,1012,1012,0,False,1.0831145179487216,1.0796933706293703,False,0.20311451794872148,False,1012.0,1.0831145179487216,1012.0,False,,False,1012.0,0.003696843123547122,True,0.0037705762181910996,0.0011656775714934979,0.0010471360455557744,rollover,0.0,1.0,0.0011813050953470594,iso10,MATR
MATR_b1c24,1015,1015,0,False,1.078371781585085,1.0747819678321677,False,0.19837178158508495,False,1015.0,1.078371781585085,1015.0,False,,False,1015.0,0.004109709090912794,True,0.0037387248997966496,0.0013479284990525215,0.001054300847100045,rollover,0.0,3.0,0.0010530213132667573,iso10,MATR
MATR_b1c25,852,852,0,False,1.0793122790209826,1.0755278615384611,False,0.19931227902098247,False,852.0,1.0793122790209826,852.0,False,,False,852.0,0.004211274825178801,True,0.002869749162552406,0.002141323359745248,0.0010075610549361686,rollover,0.0,3.0,0.0009497692705916159,iso10,MATR
MATR_b1c26,868,868,0,False,1.091463445454549,1.0879792692307695,False,0.21146344545454898,False,868.0,1.091463445454549,868.0,False,,False,868.0,0.003553378787882311,True,0.0034885789279912186,0.001503410319244795,0.0008531343355524939,rollover,6.0,4.0,0.0006827543321659205,iso10,MATR
MATR_b1c27,840,840,0,False,1.08276243636364,1.0793470111888113,False,0.20276243636363978,False,840.0,1.08276243636364,840.0,False,,False,840.0,0.0035799298368333066,True,0.003481984473845802,0.0012064634835926194,0.0007438391310051651,rollover,0.0,2.0,0.000672943428291275,iso10,MATR
MATR_b1c28,858,858,0,False,1.0811753869463905,1.0781334916083913,False,0.20117538694639037,False,858.0,1.0811753869463905,858.0,False,,False,858.0,0.0032806785547825346,True,0.0033392316712155946,0.0026527064922566134,0.0012209558824581089,rollover,0.0,2.0,0.0012562761104461943,iso10,MATR
MATR_b1c29,915,915,0,False,1.0832527911421947,1.0797808335664336,False,0.20325279114219463,False,915.0,1.0832527911421947,915.0,False,,False,915.0,0.003859194172497693,True,0.0037500862648891333,0.001953585024420946,0.0010262198788614275,rollover,0.0,2.0,0.0009111806550249819,iso10,MATR
MATR_b1c3,1432,1432,0,False,1.0849810657342693,1.0800317251748255,False,0.20498106573426922,False,1432.0,1.0849810657342693,1432.0,False,,False,1432.0,0.005979675524478756,True,0.004595302964441968,0.003469172006169641,0.0016571421709353092,rollover,4.0,4.0,0.0013217467904305758,iso10,MATR
MATR_b1c30,707,707,0,False,1.0838315762237798,1.080224300699301,False,0.20383157622377968,False,707.0,1.0838315762237798,707.0,False,,False,707.0,0.0036072755244787036,True,0.004532134273405536,0.0020730953460518366,0.0009077864785103569,rollover,0.0,1.0,0.0010164006056517007,iso10,MATR
MATR_b1c31,874,874,0,False,1.0983169682983722,1.09500627972028,False,0.2183169682983721,False,874.0,1.0983169682983722,874.0,False,874.0,False,874.0,0.003310688578092247,True,0.004307101382770755,0.002192530731071879,0.0009508014422504911,rollover,3.0,2.0,0.0008702395528468579,iso10,MATR
MATR_b1c32,729,729,0,False,1.0813510976690013,1.078123133566434,False,0.20135109766900117,False,729.0,1.0813510976690013,729.0,False,,False,729.0,0.003395782051285101,True,0.003547467171095022,0.002411617613759248,0.0011781559875515054,rollover,0.0,1.0,0.0013839600106581836,iso10,MATR
MATR_b1c33,755,755,0,False,1.0965167762237797,1.0928354300699297,False,0.21651677622377963,False,755.0,1.0965167762237797,755.0,False,755.0,False,755.0,0.0038153333333372785,True,0.003451721345645363,0.0019934474556733326,0.0009283316379142052,rollover,3.0,2.0,0.00087811488114427,iso10,MATR
MATR_b1c34,740,740,0,False,1.0804175680652717,1.0769782811188813,False,0.20041756806527156,False,740.0,1.0804175680652717,740.0,False,,False,740.0,0.0042933447552482296,True,0.00454539953577856,0.001849549224829374,0.0011955751394988033,rollover,1.0,1.0,0.001211048159782369,iso10,MATR
MATR_b1c35,701,701,0,False,1.0745774247086284,1.0711045055944053,False,0.19457742470862827,False,701.0,1.0745774247086284,701.0,False,,False,701.0,0.004569719347323309,True,0.0025241131776963114,0.0018996997066848917,0.0008636485513390728,rollover,0.0,1.0,0.0010225489732409447,iso10,MATR
MATR_b1c36,702,702,0,False,1.0819264717948753,1.078183753146853,False,0.20192647179487522,False,702.0,1.0819264717948753,702.0,False,,False,702.0,0.004104549417253134,True,0.0032835663186057684,0.002527587151025629,0.0010888640863701208,rollover,0.0,1.0,0.001199693017865477,iso10,MATR
MATR_b1c37,646,646,0,False,1.078749237529141,1.0751396951048953,False,0.19874923752914087,False,646.0,1.078749237529141,646.0,False,,False,646.0,0.004050552214455605,True,0.003277131625354617,0.002082471483497593,0.0009691206830234268,rollover,0.0,1.0,0.001161978500156747,iso10,MATR
MATR_b1c38,615,615,0,False,1.0764563393939428,1.0731666699300701,False,0.1964563393939427,False,615.0,1.0764563393939428,615.0,False,,False,615.0,0.003313591841495267,True,0.0036705997587580656,0.002279986131264336,0.0014907679222427642,rollover,0.0,1.0,0.001876244498800796,iso10,MATR
MATR_b1c39,623,623,0,False,1.0860723601398639,1.0821603916083913,False,0.20607236013986374,False,623.0,1.0860723601398639,623.0,False,,False,623.0,0.004155755011658879,True,0.0033150289712264823,0.0026462885783662803,0.0013396758334705272,rollover,0.0,1.0,0.0015611218203091047,iso10,MATR
MATR_b1c4,1707,1707,0,False,1.0828334538461575,1.078335218881119,False,0.20283345384615736,False,1707.0,1.0828334538461575,1707.0,False,,False,1707.0,0.005767561771565344,True,0.005042672150819819,0.0018058381054838573,0.0015946481023743299,rollover,4.0,4.0,0.0011875465737665853,iso10,MATR
MATR_b1c40,964,964,0,False,1.0874031818181855,1.0836753895104898,False,0.2074031818181854,False,964.0,1.0874031818181855,964.0,False,,False,964.0,0.003982045920749133,True,0.0027862614029449733,0.0008445909175820368,0.0005640752770002459,rollover,4.0,3.0,0.0004952020273637408,iso10,MATR
MATR_b1c41,1049,1049,0,False,1.083128194405598,1.0793120965034964,False,0.20312819440559782,False,1049.0,1.083128194405598,1049.0,False,,False,1049.0,0.004368436363640038,True,0.004488634032729597,0.0016326840993775382,0.0011716136956704743,rollover,0.0,1.0,0.0014442675334152577,iso10,MATR
MATR_b1c42,700,700,0,False,1.084126252214456,1.0803204608391612,False,0.2041262522144558,False,700.0,1.084126252214456,700.0,False,,False,700.0,0.004347235897439239,True,0.002639312695679807,0.0027402356415288437,0.000937051419519009,rollover,0.0,1.0,0.001129454694013087,iso10,MATR
MATR_b1c43,649,649,0,False,1.0716266890442927,1.0685591825174825,False,0.1916266890442926,False,649.0,1.0716266890442927,649.0,False,,False,649.0,0.003067506526810204,True,0.0035692540319714333,0.002676263036197385,0.0010100418460091691,rollover,0.0,1.0,0.0010419526635368117,iso10,MATR
MATR_b1c44,614,614,0,False,1.088312417249421,1.0851293657342658,False,0.20831241724942084,False,614.0,1.088312417249421,614.0,False,,False,614.0,0.0031830515151551886,True,0.002558399396020303,0.002686691243583594,0.0007916931786247218,rollover,0.0,1.0,0.0008481418813232077,iso10,MATR
MATR_b1c45,597,597,0,False,1.0878406757575796,1.0843047762237767,False,0.20784067575757947,False,597.0,1.0878406757575796,597.0,False,,False,597.0,0.003942134265737307,True,0.0026693899465561597,0.002642649264807713,0.0010444792449712914,rollover,0.0,1.0,0.0011505105826390815,iso10,MATR
MATR_b1c5,1072,1071,1,False,1.0803666487179524,1.0760026384615384,False,0.2003666487179523,False,1071.0,1.0803666487179524,1071.0,False,,False,1071.0,0.005817834265738009,True,0.006463207955945259,0.0018517104997658293,0.0018360270151396363,rollover,0.0,2.0,0.002177606151262217,iso10,MATR
MATR_b1c6,634,634,0,False,1.0817062920745957,1.0760879349650352,False,0.20170629207459556,False,634.0,1.0817062920745957,634.0,False,,False,634.0,0.006002190675994168,True,0.006175899828918446,0.0014102266848731613,0.0013539121821005238,rollover,1.0,2.0,0.0014696669200575411,iso10,MATR
MATR_b1c7,868,868,0,False,1.097762040326344,1.0941548832167836,False,0.21776204032634383,False,868.0,1.097762040326344,868.0,False,868.0,False,868.0,0.0037782020979053588,True,0.0034902877666845005,0.001384572580741903,0.0008085720772497256,rollover,2.0,4.0,0.0006492299777522199,iso10,MATR
MATR_b1c8,877,877,0,False,1.0950940948717987,1.0903108944055948,False,0.21509409487179854,False,,1.0950940948717987,,False,,False,877.0,0.005386692773895918,True,0.003251563928666881,0.0010114087805688447,0.00099326448378368,rollover,3.0,6.0,0.0007397666555462838,iso10,MATR
MATR_b1c9,1052,1052,0,False,1.0876293834498871,1.0829975902097908,False,0.20762938344988702,False,1052.0,1.0876293834498871,1052.0,False,,False,1052.0,0.005750127738930688,True,0.0038536707756684466,0.0010047648155310533,0.0009721264040866528,rollover,1.0,2.0,0.0008239767385752041,iso10,MATR
MATR_b2c0,325,325,0,False,1.0730828268065304,1.0707877006993007,False,0.19308282680653033,False,299.0,1.0730828268065304,299.0,False,311.0,False,299.0,0.004716003962703885,True,0.0019535421154428666,0.0019566090228378625,0.0019858864669791013,power_law,0.0,2.0,0.0014084412325334277,iso10,MATR
MATR_b2c1,169,169,0,False,1.0729408174825175,1.0729408174825175,False,0.19294081748251735,False,147.0,1.0729408174825175,147.0,False,157.0,False,147.0,0.0,True,0.0012997434962058185,0.0009005349645223432,0.0009360552006265616,two_term_exponential,0.0,0.0,0.0010529598279833924,iso10,MATR
MATR_b2c10,595,594,1,False,1.0738626494172532,1.069494112587413,False,0.19386264941725306,False,559.0,1.0738626494172532,559.0,False,575.0,False,559.0,0.004368536829840286,True,0.0043598244297063365,0.0010722949152549572,0.0010817095425319676,two_term_exponential,0.0,2.0,0.0008446366656195308,iso10,MATR
MATR_b2c11,504,503,1,False,1.0757885573426609,1.072076329370629,False,0.19578855734266076,False,475.0,1.0757885573426609,475.0,False,486.0,False,475.0,0.003739585081588892,True,0.003394286049884895,0.001270851068838934,0.0013212956634813472,two_term_exponential,0.0,3.0,0.0011371882400542685,iso10,MATR
MATR_b2c12,490,489,1,False,1.074213560372964,1.0715449734265738,False,0.19421356037296378,False,456.0,1.074213560372964,456.0,False,470.0,False,456.0,0.0026685869463900502,True,0.004220576650660906,0.0015854760027285092,0.0015826262008377789,rollover,0.0,2.0,0.001656815562151222,iso10,MATR
MATR_b2c13,519,519,0,False,1.0831339678321714,1.080748500699301,False,0.2031339678321713,False,482.0,1.0831339678321714,482.0,False,493.0,False,482.0,0.005738246153846216,True,0.0064510298709209895,0.0016298164763741047,0.0015143444707043944,rollover,1.0,1.0,0.0009512713777516695,iso10,MATR
MATR_b2c14,508,508,0,False,1.0825336011655047,1.0785424734265736,False,0.20253360116550456,False,484.0,1.0825336011655047,484.0,False,492.0,False,484.0,0.00431030000000332,True,0.004188375711833982,0.0013490390324082382,0.001357160297288979,two_term_exponential,0.0,1.0,0.0017171278625973188,iso10,MATR
MATR_b2c17,524,524,0,False,1.0746564020979057,1.067748309090909,False,0.19465640209790558,False,493.0,1.0746564020979057,493.0,False,508.0,False,493.0,0.0169814505827508,False,0.004899467474282003,0.002585710849868605,0.002585744127410247,two_term_exponential,0.0,3.0,0.0019713318419516145,iso10,MATR
MATR_b2c18,522,522,0,False,1.067379839393943,1.0641967489510487,False,0.18737983939394298,False,486.0,1.067379839393943,486.0,False,505.0,False,486.0,0.003183090442894443,True,0.00589255548044562,0.0014387563570592114,0.0014221236165739288,rollover,0.0,1.0,0.0014035480700807562,iso10,MATR
MATR_b2c19,488,488,0,False,1.049446110489514,1.0480099615384617,False,0.16944611048951397,False,461.0,1.049446110489514,461.0,False,482.0,False,461.0,0.001436148951052374,True,0.006564783113533158,0.000737590705642806,0.0006008805987214198,rollover,0.0,2.0,0.00040408551040940576,iso10,MATR
MATR_b2c2,463,463,0,False,1.0788818755244791,1.0742747895104898,False,0.198881875524479,False,437.0,1.0788818755244791,437.0,False,447.0,False,437.0,0.0053405482517514535,True,0.004784293866380722,0.0017864817379149287,0.0017979101134436468,two_term_exponential,0.0,1.0,0.0021489824163753906,iso10,MATR
MATR_b2c20,530,530,0,False,1.0888189480186514,1.083628142657343,False,0.2088189480186513,False,501.0,1.0888189480186514,501.0,False,508.0,False,501.0,0.028953327972027987,False,0.005475356940997304,0.004386392492624887,0.0043867757359134976,two_term_exponential,1.0,2.0,0.0008160802138353027,iso10,MATR
MATR_b2c21,519,519,0,False,1.0818682671328708,1.077331827972028,False,0.20186826713287065,False,488.0,1.0818682671328708,488.0,False,498.0,False,488.0,0.004536439160842676,True,0.00469965797120732,0.0013655214108596035,0.0013850362817196217,two_term_exponential,0.0,1.0,0.0014795129993742748,iso10,MATR
MATR_b2c22,539,538,1,False,1.0848692850815889,1.0802457251748252,False,0.20486928508158875,False,511.0,1.0848692850815889,511.0,False,519.0,False,511.0,0.005047085547789099,True,0.004551314773256168,0.0014163306173120445,0.0014158289316151568,rollover,0.0,1.0,0.0017135092772551002,iso10,MATR
MATR_b2c23,561,561,0,False,1.0779876869463905,1.0752028188811187,False,0.19798768694639035,False,526.0,1.0779876869463905,526.0,False,539.0,False,526.0,0.002784868065271784,True,0.005038834435272035,0.0011425732152221956,0.0008196583208624237,rollover,1.0,2.0,0.0007420284828423358,iso10,MATR
MATR_b2c24,523,523,0,False,1.0724225086247121,1.0682985706293702,False,0.192422508624712,False,494.0,1.0724225086247121,494.0,False,509.0,False,494.0,0.00497623030303429,True,0.004064154265289047,0.0015509251602458063,0.0015478779742758239,rollover,1.0,1.0,0.0018644034396563015,iso10,MATR
MATR_b2c25,486,486,0,False,1.071927690442894,1.0677823664335664,False,0.19192769044289393,False,460.0,1.071927690442894,460.0,False,473.0,False,460.0,0.00416941142191507,True,0.005050008099480943,0.0015626685178548904,0.001567773292181426,two_term_exponential,0.0,1.0,0.0017994880619856641,iso10,MATR
MATR_b2c26,497,497,0,False,1.0821731620046655,1.0774440650349655,False,0.2021731620046654,False,470.0,1.0821731620046655,470.0,False,479.0,False,470.0,0.004969274358977538,True,0.004571294361654735,0.0014493020508929285,0.0014699671081424461,two_term_exponential,0.0,2.0,0.001548028630974792,iso10,MATR
MATR_b2c27,494,494,0,False,1.071101937529141,1.0663392650349655,False,0.19110193752914095,False,467.0,1.071101937529141,467.0,False,481.0,False,467.0,0.005304078787881972,True,0.004028607443025516,0.0014522261230266755,0.0014605420638159933,two_term_exponential,0.0,1.0,0.001913298460144671,iso10,MATR
MATR_b2c28,540,540,0,False,1.0771009006993044,1.0721546853146853,False,0.1971009006993043,False,510.0,1.0771009006993044,510.0,False,523.0,False,510.0,0.03177483543123549,False,0.005741120395933729,0.004797974252458821,0.004790430711283225,rollover,1.0,4.0,0.0011564246665531543,iso10,MATR
MATR_b2c29,521,521,0,False,1.0777096389277425,1.0729747923076924,False,0.1977096389277424,False,497.0,1.0777096389277425,497.0,False,507.0,False,497.0,0.006356320279720107,True,0.004157068795642425,0.0017138137057511663,0.0016714991912449317,rollover,1.0,2.0,0.0015572611378117734,iso10,MATR
MATR_b2c3,360,360,0,False,1.0686717219114255,1.0671495125874124,False,0.18867172191142534,False,334.0,1.0686717219114255,334.0,False,347.0,False,334.0,0.00816231170163173,True,0.0025439092031957714,0.0026215802432591586,0.0026772285914116916,power_law,2.0,1.0,0.001011069337913756,iso10,MATR
MATR_b2c30,506,506,0,False,1.0723456801864837,1.0675460265734271,False,0.19234568018648357,False,480.0,1.0723456801864837,480.0,False,493.0,False,480.0,0.0055175074592104245,True,0.004296908059175355,0.0015751481834570507,0.0015837950306519786,two_term_exponential,0.0,1.0,0.0018468555274569031,iso10,MATR
MATR_b2c31,518,518,0,False,1.0792844965035,1.0737227027972032,False,0.19928449650349989,False,491.0,1.0792844965035,491.0,False,502.0,False,491.0,0.006271311655015044,True,0.0028495938609877144,0.0011905191822237716,0.0011275575947222026,rollover,1.0,1.0,0.0013614164024911453,iso10,MATR
MATR_b2c32,543,543,0,False,1.079654732400936,1.0746993209790203,False,0.1996547324009359,False,518.0,1.079654732400936,518.0,False,528.0,False,518.0,0.0064120058275058955,True,0.003815287498188265,0.0019963052139717542,0.001983009942035127,rollover,1.0,4.0,0.0013725035662003995,iso10,MATR
MATR_b2c33,545,545,0,False,1.0845473414918452,1.079420895104895,False,0.20454734149184506,False,519.0,1.0845473414918452,519.0,False,528.0,False,519.0,0.005891096503500393,True,0.0039512736875751365,0.0016914078208570048,0.0013728768652219647,rollover,1.0,1.0,0.0015711840422660151,iso10,MATR
MATR_b2c34,525,525,0,False,1.0747136470862508,1.0690936825174826,False,0.19471364708625072,False,498.0,1.0747136470862508,498.0,False,511.0,False,498.0,0.006403381585085022,True,0.00445577707686055,0.0015912728804755884,0.0014663180706117654,rollover,1.0,1.0,0.0017042118403840462,iso10,MATR
MATR_b2c35,485,485,0,False,1.0738122151515188,1.0688808804195808,False,0.1938122151515187,False,462.0,1.0738122151515188,462.0,False,473.0,False,462.0,0.005509610256413389,True,0.005007512464946845,0.0017208509746946981,0.0017218225763909727,two_term_exponential,0.0,1.0,0.0021083928759912988,iso10,MATR
MATR_b2c36,559,559,0,False,1.0851975307692343,1.0794738041958039,False,0.2051975307692342,False,533.0,1.0851975307692343,533.0,False,542.0,False,533.0,0.006464436596740564,True,0.003019988296223981,0.0013445354518348267,0.0012750486342690463,rollover,0.0,1.0,0.001450689238841327,iso10,MATR
MATR_b2c37,501,500,1,False,1.080121601398605,1.0752312699300703,False,0.2001216013986049,False,477.0,1.080121601398605,477.0,False,486.0,False,477.0,0.006378324242427347,True,0.0037686582233600347,0.0014973236810269042,0.0013464849050887498,rollover,0.0,1.0,0.001608435299134348,iso10,MATR
MATR_b2c38,486,486,0,False,1.0748100869463906,1.0701755720279718,False,0.19481008694639046,False,464.0,1.0748100869463906,464.0,False,474.0,False,464.0,0.005436212121215922,True,0.004229195813787952,0.0013794052536986116,0.0013868084369702553,two_term_exponential,0.0,2.0,0.0016007837198395564,iso10,MATR
MATR_b2c39,479,479,0,False,1.0855229659673693,1.0786252020979024,False,0.2055229659673692,False,458.0,1.0855229659673693,458.0,False,465.0,False,458.0,0.008136111421914727,True,0.004382474316357994,0.0015167634585559946,0.00151744207683424,two_term_exponential,1.0,1.0,0.0015900934714178907,iso10,MATR
MATR_b2c4,470,469,1,False,1.0755664009324044,1.0733526783216787,False,0.1955664009324043,False,442.0,1.0755664009324044,442.0,False,452.0,False,442.0,0.0022137226107257213,True,0.004785685233137887,0.0013489674299026427,0.0013571231983074698,two_term_exponential,0.0,1.0,0.0013947134827088572,iso10,MATR
MATR_b2c40,529,529,0,False,1.082547878321682,1.077379832167832,False,0.20254787832168186,False,498.0,1.082547878321682,498.0,False,509.0,False,498.0,0.006615624941725073,True,0.004221470831379682,0.0018390738956413786,0.001853496521088654,two_term_exponential,0.0,4.0,0.0014569615902730953,iso10,MATR
MATR_b2c41,451,451,0,False,1.0747969599067635,1.0689927559440555,False,0.19479695990676338,False,428.0,1.0747969599067635,428.0,False,439.0,False,428.0,0.00677763892774319,True,0.0032815644099468627,0.0013321856634638152,0.001340575508695831,two_term_exponential,0.0,2.0,0.0013192258560097616,iso10,MATR
MATR_b2c42,491,491,0,False,1.0832161708624746,1.0786826468531463,False,0.20321617086247445,False,465.0,1.0832161708624746,465.0,False,473.0,False,465.0,0.02546194090909082,False,0.005082465217864151,0.004274335536524541,0.004226851699795679,rollover,1.0,1.0,0.0017835535108942082,iso10,MATR
MATR_b2c43,486,486,0,False,1.0798463748251783,1.0741042118881121,False,0.1998463748251782,False,461.0,1.0798463748251783,461.0,False,471.0,False,461.0,0.0063903564102598676,True,0.003139766940546781,0.0014732534796816276,0.0014645951525597523,rollover,1.0,2.0,0.0015527166784171094,iso10,MATR
MATR_b2c44,478,477,1,False,1.0762321946386981,1.0713530839160834,False,0.196232194638698,False,455.0,1.0762321946386981,455.0,False,465.0,False,455.0,0.005748041724945807,True,0.0035990415565017894,0.0014673050088435207,0.0013987402577513108,rollover,1.0,1.0,0.0016458714147449668,iso10,MATR
MATR_b2c45,513,513,0,False,1.0751993039627077,1.0708407342657347,False,0.19519930396270757,False,485.0,1.0751993039627077,485.0,False,498.0,False,485.0,0.004608375757578775,True,0.004274593484495171,0.0013431661518956398,0.001347894957219767,two_term_exponential,0.0,1.0,0.0015699957928479566,iso10,MATR
MATR_b2c46,448,448,0,False,1.0787512836829871,1.0730945363636368,False,0.198751283682987,False,429.0,1.0787512836829871,429.0,False,437.0,False,429.0,0.006812108391611726,True,0.004838933546038594,0.001250364540869197,0.0012531278500295298,two_term_exponential,0.0,1.0,0.0014026019140364438,iso10,MATR
MATR_b2c47,744,744,0,False,1.0501250871794907,1.0425019706293706,False,0.1701250871794906,False,712.0,1.0501250871794907,712.0,False,741.0,False,712.0,0.007699258741262316,True,0.005112261016665117,0.0014277018825933209,0.0014198711236857334,rollover,0.0,1.0,0.0014343288912008108,iso10,MATR
MATR_b2c5,506,506,0,False,1.0724442988345024,1.0683388587412592,False,0.19244429883450231,False,479.0,1.0724442988345024,479.0,False,492.0,False,479.0,0.004572149650352575,True,0.003949864212910427,0.0013769527109724375,0.0013781774261264843,two_term_exponential,0.0,1.0,0.0016917708562718867,iso10,MATR
MATR_b2c6,544,544,0,False,1.0724161662004696,1.0691654622377624,False,0.19241616620046953,False,510.0,1.0724161662004696,510.0,False,528.0,False,510.0,0.016007430955711,False,0.00478585416680733,0.0029368067586704417,0.0028857254809707147,rollover,3.0,2.0,0.0010657576417551478,iso10,MATR
MATR_b3c0,1007,1007,0,False,1.0708755107226144,1.0676003167832169,False,0.19087551072261433,False,1007.0,1.0708755107226144,1007.0,False,,False,1007.0,0.0036836738927774615,True,0.006656919776758545,0.0011144471584958278,0.001099297121344319,rollover,1.0,1.0,0.0012295897588154281,iso10,MATR
MATR_b3c1,1061,1061,0,False,1.068427683449887,1.0652804783216787,False,0.1884276834498868,False,1061.0,1.068427683449887,1061.0,False,,False,1061.0,0.0034164923076955844,True,0.006355544274504676,0.001937065849900997,0.0011883586749450942,rollover,0.0,2.0,0.0011545024253437398,iso10,MATR
MATR_b3c10,1076,1076,0,False,1.064645648251752,1.0619203300699303,False,0.18464564825175178,False,1076.0,1.064645648251752,1076.0,False,,False,1076.0,0.0030886244755277126,True,0.005874496472176474,0.0023695061232922713,0.001665480780236571,rollover,1.0,1.0,0.0018212980855315192,iso10,MATR
MATR_b3c11,815,815,0,False,1.070726958508162,1.0682229825174825,False,0.1907269585081619,False,815.0,1.070726958508162,815.0,False,,False,815.0,0.00250397599067953,True,0.004930196597439843,0.0009530215535320907,0.000951991211139663,rollover,0.0,1.0,0.001097899910647517,iso10,MATR
MATR_b3c12,930,930,0,False,1.0768634296037334,1.0744656909090906,False,0.19686342960373326,False,930.0,1.0768634296037334,930.0,False,,False,930.0,0.0024672491841530864,True,0.0053459282690118985,0.001270727240261737,0.0012684372142595856,rollover,1.0,1.0,0.0016120886356741752,iso10,MATR
MATR_b3c13,814,814,0,False,1.0695746181818218,1.0657594020979022,False,0.18957461818182164,False,814.0,1.0695746181818218,814.0,False,,False,814.0,0.0038173289044323155,True,0.0046766396429280925,0.0008337771441607977,0.0008415359311563975,two_term_exponential,0.0,1.0,0.0008957027276387847,iso10,MATR
MATR_b3c14,856,856,0,False,1.0772953130536167,1.0733189545454542,False,0.19729531305361658,False,856.0,1.0772953130536167,856.0,False,,False,856.0,0.004361107459211366,True,0.004148095634409029,0.0009055591111538494,0.0009166026453946079,two_term_exponential,0.0,1.0,0.0009680634443745686,iso10,MATR
MATR_b3c15,874,874,0,False,1.0711623426573462,1.0686164181818183,False,0.1911623426573461,False,874.0,1.0711623426573462,874.0,False,,False,874.0,0.002597379720283177,True,0.004447411166009736,0.0008748973058171519,0.0008879865871189124,two_term_exponential,0.0,1.0,0.0011310101978743606,iso10,MATR
MATR_b3c16,1636,1636,0,False,1.0643385261072296,1.06105163986014,False,0.18433852610722945,False,1636.0,1.0643385261072296,1636.0,False,,False,1636.0,0.0032868862470896154,True,0.006442522555403104,0.002212371111506561,0.0011771782113745098,rollover,1.0,1.0,0.001073202883149954,iso10,MATR
MATR_b3c17,1313,1313,0,False,1.0698727412587448,1.066598002097902,False,0.18987274125874465,False,1313.0,1.0698727412587448,1313.0,False,,False,1313.0,0.004806633799533611,True,0.005743506083938734,0.0025115427032615734,0.0011538684776657914,rollover,0.0,2.0,0.0011175444512904699,iso10,MATR
MATR_b3c18,1144,1144,0,False,1.0700733776223812,1.0681150419580416,False,0.19007337762238108,False,1144.0,1.0700733776223812,1144.0,False,,False,1144.0,0.001958335664339561,True,0.0059391357015189826,0.002278482626438327,0.0011059042273302048,rollover,1.0,1.0,0.0012629921874095992,iso10,MATR
MATR_b3c19,1153,1153,0,False,1.0738731505827541,1.0721259587412586,False,0.193873150582754,False,1153.0,1.0738731505827541,1153.0,False,,False,1153.0,0.0017471918414955212,True,0.005991073162547193,0.0027524257024907546,0.001084204550975565,rollover,0.0,1.0,0.001353868446466194,iso10,MATR
MATR_b3c2,1265,1265,0,False,1.0630037177156213,1.0607122405594411,False,0.18300371771562118,False,1265.0,1.0630037177156213,1265.0,False,,False,1265.0,0.002291477156180166,True,0.005666478733116227,0.0026254120819991203,0.000916230224578815,rollover,1.0,2.0,0.0008832922279064445,iso10,MATR
MATR_b3c20,811,811,0,False,1.068003553379957,1.0651969895104891,False,0.1880035533799569,False,811.0,1.068003553379957,811.0,False,,False,811.0,0.0028736186480224912,True,0.006645909328062915,0.0013812097945538502,0.0013638328100421438,rollover,1.0,1.0,0.0014672295889814394,iso10,MATR
MATR_b3c21,770,770,0,False,1.0686206491841528,1.0677852818181819,False,0.18862064918415267,False,770.0,1.0686206491841528,770.0,False,,False,770.0,0.000835367365970896,True,0.005993090739086099,0.0009867391269503972,0.0010338344849318286,two_term_exponential,0.0,1.0,0.00138037873120875,iso10,MATR
MATR_b3c22,1000,1000,0,False,1.0590757659673695,1.0564074678321684,False,0.1790757659673694,False,1000.0,1.0590757659673695,1000.0,False,,False,1000.0,0.002668298135201086,True,0.007317880192659723,0.0014059760777577768,0.001380910280759846,rollover,0.0,1.0,0.0017876247864182248,iso10,MATR
MATR_b3c23,2188,2188,0,False,1.0687427270396306,1.0658912608391613,False,0.18874272703963046,False,,1.0687427270396306,,False,,False,2188.0,0.002988301864804921,True,0.005389115580148793,0.0005645322242483773,0.0004835412522993706,rollover,14.0,7.0,0.00035864549434985716,iso10,MATR
MATR_b3c24,823,823,0,False,1.050482590442894,1.0464083314685317,False,0.17048259044289393,False,823.0,1.050482590442894,823.0,False,,False,823.0,0.004627568065271426,True,0.005604969035400209,0.001539936129879428,0.0015277304091539754,rollover,0.0,1.0,0.0016074506778275186,iso10,MATR
MATR_b3c25,987,987,0,False,1.0650901836829871,1.0612567930069934,False,0.18509018368298702,False,987.0,1.0650901836829871,987.0,False,,False,987.0,0.0041648020979052625,True,0.006507637195066426,0.0013887875492248536,0.0013179191389088424,rollover,0.0,1.0,0.0016629196223188988,iso10,MATR
MATR_b3c26,1026,1026,0,False,1.0755010188811225,1.0719720125874121,False,0.19550101888112237,False,1026.0,1.0755010188811225,1026.0,False,,False,1026.0,0.003764942657346726,True,0.004536071419895028,0.0015721158077106393,0.0009715436570136343,rollover,0.0,1.0,0.0012178588659115942,iso10,MATR
MATR_b3c27,848,848,0,False,1.064168887412591,1.0605818692307694,False,0.18416888741259085,False,848.0,1.064168887412591,848.0,False,,False,848.0,0.0038036349650385493,True,0.0048711410541078465,0.000947262614696325,0.000927853119785868,rollover,1.0,2.0,0.0007783565809538474,iso10,MATR
MATR_b3c28,539,539,0,False,1.0527228668997703,1.0519767769230772,False,0.17272286689977023,False,539.0,1.0527228668997703,539.0,False,,False,539.0,0.0007460899766931206,True,0.0034981397201767966,0.0005997645025021815,0.0006044627405002951,two_term_exponential,0.0,1.0,0.0007311647267560545,iso10,MATR
MATR_b3c29,856,856,0,False,1.0708673715617751,1.0665129944055947,False,0.19086737156177502,False,856.0,1.0708673715617751,856.0,False,,False,856.0,0.004658534498837907,True,0.004755928561660465,0.0009008075535163687,0.0009023003696208072,two_term_exponential,0.0,1.0,0.0008680626994136933,iso10,MATR
MATR_b3c3,1113,1113,0,False,1.0652432510489547,1.0628084776223778,False,0.18524325104895456,False,1113.0,1.0652432510489547,1113.0,False,,False,1113.0,0.002714228671331975,True,0.005892959750410668,0.001561792339906519,0.0010922884743482172,rollover,1.0,1.0,0.0011407121774629954,iso10,MATR
MATR_b3c30,933,933,0,False,1.0721533466200504,1.0689066545454549,False,0.19215334662005024,False,933.0,1.0721533466200504,933.0,False,,False,933.0,0.003407239393942607,True,0.005676773075551905,0.0006839575506901501,0.0006788077758498856,rollover,0.0,1.0,0.0006495947714892607,iso10,MATR
MATR_b3c31,729,729,0,False,1.0714425400932437,1.0683497727272733,False,0.19144254009324357,False,729.0,1.0714425400932437,729.0,False,,False,729.0,0.0032662307692339354,True,0.005689953946373522,0.00114685229771815,0.0011418820943777136,rollover,1.0,1.0,0.0012454087144873572,iso10,MATR
MATR_b3c32,2236,2236,0,False,1.075078153379957,1.0726526531468532,False,0.19507815337995682,False,,1.075078153379957,,False,,False,2236.0,0.002425500233103728,True,0.0026245217761190916,0.0005681936211796546,0.0005648583818804798,rollover,0.0,2.0,0.0007308332413005462,iso10,MATR
MATR_b3c33,1282,1282,0,False,1.0627973167832203,1.0603153293706293,False,0.1827973167832202,False,1282.0,1.0627973167832203,1282.0,False,,False,1282.0,0.002545705827509348,True,0.007732894613597926,0.001528650877151814,0.001044440335681496,rollover,0.0,1.0,0.0012256614524486916,iso10,MATR
MATR_b3c34,1156,1156,0,False,1.0642233501165537,1.061545432867133,False,0.18422335011655355,False,1156.0,1.0642233501165537,1156.0,False,,False,1156.0,0.002678193240096771,True,0.006335021406586484,0.0029045391662855828,0.0013503959940597225,rollover,0.0,1.0,0.0015775887372811643,iso10,MATR
MATR_b3c35,1091,1091,0,False,1.065326200466204,1.0634828986013987,False,0.18532620046620396,False,1091.0,1.065326200466204,1091.0,False,,False,1091.0,0.0020090745920746667,True,0.005082734604831233,0.0016770273641893833,0.0011311945941212143,rollover,0.0,2.0,0.001330516488567192,iso10,MATR
MATR_b3c36,921,921,0,False,1.060545249417253,1.0575962783216786,False,0.1805452494172528,False,921.0,1.060545249417253,921.0,False,,False,921.0,0.0029489710955743487,True,0.00731099334804834,0.0015125432742219922,0.0014753565832592165,rollover,0.0,1.0,0.0017721595186395611,iso10,MATR
MATR_b3c37,1388,1388,0,False,1.0506014363636398,1.0470061307692307,False,0.17060143636363967,False,1388.0,1.0506014363636398,1388.0,False,,False,1388.0,0.033355744522144626,False,0.007203364607347564,0.0032485434634222537,0.0032322214869425782,rollover,2.0,5.0,0.0012143900944500737,iso10,MATR
MATR_b3c38,1933,1933,0,False,1.0725392601398638,1.0703227006993008,False,0.19253926013986367,False,1933.0,1.0725392601398638,1933.0,False,,False,1933.0,0.002216559440562982,True,0.006771126327925619,0.0013025275470755452,0.0010019876809877217,rollover,0.0,1.0,0.0013036518006750446,iso10,MATR
MATR_b3c39,1154,1154,0,False,1.0514178428904464,1.047463913986014,False,0.17141784289044626,False,1154.0,1.0514178428904464,1154.0,False,,False,1154.0,0.003965545687649286,True,0.007581884739930709,0.0012267229683202861,0.0011932661619569749,rollover,1.0,1.0,0.0014069761751748407,iso10,MATR
MATR_b3c4,1046,1046,0,False,1.0748160550116586,1.0725074993006993,False,0.19481605501165844,False,1046.0,1.0748160550116586,1046.0,False,,False,1046.0,0.002736881585085005,True,0.0047767985621988834,0.001297722254504623,0.0009825813982391849,rollover,1.0,2.0,0.0010273659693749574,iso10,MATR
MATR_b3c40,794,794,0,False,1.0637955932400969,1.0592270258741263,False,0.18379559324009676,False,794.0,1.0637955932400969,794.0,False,,False,794.0,0.004587592307695454,True,0.004588843349551654,0.0008229045742072677,0.0008226533526969246,rollover,0.0,1.0,0.0009615998500426447,iso10,MATR
MATR_b3c41,784,784,0,False,1.0544417202797238,1.0506918300699297,False,0.1744417202797237,False,784.0,1.0544417202797238,784.0,False,,False,784.0,0.004160568997672698,True,0.003278997777374072,0.000770138283089622,0.000759532325659898,rollover,1.0,1.0,0.000767297097176887,iso10,MATR
MATR_b3c42,1640,1640,0,False,1.0697535997669032,1.0671082223776225,False,0.1897535997669031,False,1640.0,1.0697535997669032,1640.0,False,,False,1640.0,0.0028560326340361097,True,0.00570280860447126,0.001430981533518476,0.0014214834235451372,rollover,0.0,1.0,0.0016102269213983283,iso10,MATR
MATR_b3c43,1044,1044,0,False,1.0731610986014022,1.0702973440559442,False,0.19316109860140207,False,1044.0,1.0731610986014022,1044.0,False,,False,1044.0,0.00299319114219454,True,0.006669242364983065,0.001671299341728771,0.0015463797972069715,rollover,0.0,1.0,0.002008200683083678,iso10,MATR
MATR_b3c44,938,938,0,False,1.0736855699300736,1.0697429020979026,False,0.19368556993007346,False,938.0,1.0736855699300736,938.0,False,,False,938.0,0.00413348111888423,True,0.006705396773800895,0.0014514060716991437,0.0014413849948004768,rollover,0.0,1.0,0.0018761639333685063,iso10,MATR
MATR_b3c45,1799,1799,0,False,1.0716944969697004,1.0696614426573425,False,0.1916944969697003,False,1799.0,1.0716944969697004,1799.0,False,,False,1799.0,0.00254444172494539,True,0.0062128056459625075,0.0014755650490116193,0.0013363226602724715,rollover,0.0,3.0,0.0014787199684184829,iso10,MATR
MATR_b3c5,826,826,0,False,1.0538047477855512,1.0515670986013987,False,0.1738047477855511,False,826.0,1.0538047477855512,826.0,False,,False,826.0,0.002435007925411403,True,0.005894127068671051,0.0013916072500309298,0.0013759522990359656,rollover,0.0,1.0,0.001492630696880596,iso10,MATR
MATR_b3c6,665,665,0,False,1.063035861118881,1.062732006293706,False,0.18303586111888093,False,665.0,1.063035861118881,665.0,False,,False,665.0,0.0008665181818180434,True,0.0036221187371582105,0.001171396459338438,0.0010422842886556839,rollover,1.0,2.0,0.0005093540716802919,iso10,MATR
MATR_b3c7,1834,1834,0,False,1.0708184925407962,1.0677476048951051,False,0.19081849254079608,False,1834.0,1.0708184925407962,1834.0,False,,False,1834.0,0.0032026592074625437,True,0.005715455681230099,0.0013267857327317752,0.0010623934646091014,rollover,0.0,1.0,0.001343377126588396,iso10,MATR
MATR_b3c8,826,826,0,False,1.0684814097902133,1.0648958629370628,False,0.18848140979021322,False,826.0,1.0684814097902133,826.0,False,,False,826.0,0.0037718456876492112,True,0.006113686920679261,0.0012088504268916716,0.0011969887410295708,rollover,0.0,1.0,0.001332872522932074,iso10,MATR
MATR_b3c9,1037,1037,0,False,1.0732625727272764,1.0696274230769232,False,0.19326257272727632,False,1037.0,1.0732625727272764,1037.0,False,,False,1037.0,0.0037176979021014134,True,0.005632249559563171,0.0012511218820482738,0.0012464070670054942,rollover,1.0,1.0,0.0014927645658614518,iso10,MATR
MATR_b4c0,982,982,0,False,1.0431989351981388,1.0409811811188812,False,0.16319893519813866,False,856.0,1.0431989351981388,856.0,False,888.0,False,856.0,0.0028115944055977504,True,0.0033120352908612045,0.0011975033724536174,0.0012281461598742014,two_term_exponential,1.0,4.0,0.00048244750519258064,iso10,MATR
MATR_b4c1,861,861,0,False,1.0503915202797238,1.0487836174825174,False,0.1703915202797237,False,760.0,1.0503915202797238,760.0,False,782.0,False,760.0,0.0017437620046658608,True,0.0031496106400582414,0.0004980631503396875,0.0005032948743824218,two_term_exponential,1.0,5.0,0.0003127531413984075,iso10,MATR
MATR_b4c10,1082,1082,0,False,1.0653445797202834,1.0623960188811195,False,0.1853445797202833,False,872.0,1.0653445797202834,872.0,False,892.0,False,872.0,0.0036603368298397942,True,0.0065665573983355605,0.0011898799276586277,0.0011797989787979521,rollover,1.0,2.0,0.0011687074914085236,iso10,MATR
MATR_b4c11,930,930,0,False,1.0624336871794906,1.0597364818181818,False,0.1824336871794905,False,863.0,1.0624336871794906,863.0,False,885.0,False,863.0,0.003173011188814634,True,0.006721897731311904,0.001700561768061895,0.0016858998775196447,rollover,0.0,1.0,0.0021017178139312712,iso10,MATR
MATR_b4c12,898,898,0,False,1.0614887398601434,1.058254244755244,False,0.18148873986014324,False,818.0,1.0614887398601434,818.0,False,836.0,False,818.0,0.0036902930069973028,True,0.006357707730239012,0.001449546566795172,0.001439264481190053,rollover,0.0,1.0,0.0017686760488815525,iso10,MATR
MATR_b4c13,869,869,0,False,1.0700591214452249,1.0661404741258744,False,0.19005912144522474,False,771.0,1.0700591214452249,771.0,False,785.0,False,771.0,0.004846282750586184,True,0.0064811111854095015,0.0015610391669038447,0.001554263928419143,rollover,0.0,1.0,0.001915016001789753,iso10,MATR
MATR_b4c14,767,767,0,False,1.0639097081585116,1.060804648251748,False,0.1839097081585115,False,607.0,1.0639097081585116,607.0,False,624.0,False,607.0,0.003603484615388508,True,0.005724028108718889,0.0009401926083263276,0.0009393076874300861,rollover,1.0,2.0,0.0008032580313611132,iso10,MATR
MATR_b4c15,871,871,0,False,1.065459961538465,1.0620670734265738,False,0.1854599615384649,False,675.0,1.065459961538465,675.0,False,692.0,False,675.0,0.003865900233103403,True,0.00558650167165323,0.0011389754553424634,0.001136353120233545,rollover,1.0,1.0,0.0012189447899009476,iso10,MATR
MATR_b4c16,983,983,0,False,1.0595014342657378,1.0569953510489507,False,0.17950143426573772,False,909.0,1.0595014342657378,909.0,False,932.0,False,909.0,0.003037995104899105,True,0.006469876768230031,0.0010759098515780458,0.0010640323504618407,rollover,1.0,2.0,0.0010241702873559468,iso10,MATR
MATR_b4c17,930,930,0,False,1.0420506741258775,1.039900321678322,False,0.16205067412587737,False,828.0,1.0420506741258775,828.0,False,861.0,False,828.0,0.0024499829836861498,True,0.006584991415893078,0.0016991981605090694,0.00167714070766025,rollover,0.0,1.0,0.0020504554474385034,iso10,MATR
MATR_b4c18,1057,1057,0,False,1.0539252766899803,1.0511627727272728,False,0.17392527668998015,False,906.0,1.0539252766899803,906.0,False,932.0,False,906.0,0.0030276801864834724,True,0.0063985794067626936,0.0011926073489657656,0.0011757766129621358,rollover,0.0,1.0,0.0013440192714710777,iso10,MATR
MATR_b4c19,1111,1111,0,False,1.052456878554782,1.050356,False,0.17245687855478198,False,991.0,1.052456878554782,991.0,False,1019.0,False,991.0,0.0024644100233135458,True,0.0056457691104313664,0.0007184462751476646,0.0007077960795686197,rollover,0.0,1.0,0.0008173318242390118,iso10,MATR
MATR_b4c2,784,784,0,False,1.0551414538461572,1.0530369195804197,False,0.1751414538461571,False,742.0,1.0551414538461572,742.0,False,762.0,False,742.0,0.0024571475524510777,True,0.004546039675365708,0.0006596539895681191,0.0006613658588643761,two_term_exponential,0.0,2.0,0.0005531980217362146,iso10,MATR
MATR_b4c20,804,804,0,False,1.0465396209790245,1.0451952293706295,False,0.16653962097902442,False,747.0,1.0465396209790245,747.0,False,777.0,False,747.0,0.0014810575757608913,True,0.0044436914073436124,0.0005892500577836352,0.0005946933548676561,two_term_exponential,0.0,3.0,0.0003951955639967848,iso10,MATR
MATR_b4c21,903,903,0,False,1.0588875426573463,1.0555788748251749,False,0.1788875426573462,False,773.0,1.0588875426573463,773.0,False,793.0,False,773.0,0.004013665268068678,True,0.005951678505600051,0.0016454728843821687,0.0016389061196470719,rollover,0.0,1.0,0.0019473055225458075,iso10,MATR
MATR_b4c22,745,745,0,False,1.0530028200466235,1.050904304195804,False,0.17300282004662337,False,671.0,1.0530028200466235,671.0,False,686.0,False,671.0,0.0021631058275095594,True,0.007060705225042701,0.0011431665390889507,0.0011322935054651775,rollover,0.0,1.0,0.0014615863317161647,iso10,MATR
MATR_b4c23,1094,1094,0,False,1.0510903447552484,1.0485054608391606,False,0.1710903447552483,False,1038.0,1.0510903447552484,1038.0,False,1067.0,False,1038.0,0.0030473564102599937,True,0.0066361844381582005,0.0011535922771385555,0.0011398278689695497,rollover,1.0,1.0,0.0012513988888035914,iso10,MATR
MATR_b4c24,1115,1115,0,False,1.0482384519813555,1.0458418146853148,False,0.16823845198135534,False,988.0,1.0482384519813555,988.0,False,1015.0,False,988.0,0.002822114918418217,True,0.005685828960346906,0.0013159160910600598,0.001300400071260342,rollover,0.0,1.0,0.001435632432932164,iso10,MATR
MATR_b4c25,567,567,0,False,1.0380228752913787,1.0335345314685318,False,0.1580228752913786,False,453.0,1.0380228752913787,453.0,False,469.0,False,453.0,0.005185637296040602,True,0.0057084228487849714,0.0021582270841651392,0.0018886123140177602,rollover,0.0,1.0,0.0022558630203597806,iso10,MATR
MATR_b4c26,579,579,0,False,1.0399363034965068,1.036695497902098,False,0.15993630349650667,False,476.0,1.0399363034965068,476.0,False,490.0,False,476.0,0.0035372270396305527,True,0.006333804142164166,0.0010964714693339603,0.0008943760266057568,rollover,0.0,1.0,0.000975226751526571,iso10,MATR
MATR_b4c27,563,563,0,False,1.040699822610726,1.0370675300699301,False,0.1606998226107259,False,500.0,1.040699822610726,500.0,False,516.0,False,500.0,0.004057171794875192,True,0.00652403724316756,0.0017056887202849637,0.00143011090563221,rollover,0.0,1.0,0.0017469051860765136,iso10,MATR
MATR_b4c28,882,882,0,False,1.0677705811188847,1.0648732020979021,False,0.18777058111888456,False,828.0,1.0677705811188847,828.0,False,842.0,False,828.0,0.0032472461538495256,True,0.007226957869583219,0.0015935972405577916,0.0015790872176654623,rollover,0.0,1.0,0.0019228796666134204,iso10,MATR
MATR_b4c29,956,956,0,False,1.0679211440559477,1.0661259342657345,False,0.18792114405594762,False,887.0,1.0679211440559477,887.0,False,906.0,False,887.0,0.0019203792540825049,True,0.005583782427400236,0.0009402140968276228,0.0005466241250048321,rollover,0.0,1.0,0.000565951338152023,iso10,MATR
MATR_b4c3,911,911,0,False,1.0503911792540828,1.047303211188811,False,0.17039117925408265,False,776.0,1.0503911792540828,776.0,False,802.0,False,776.0,0.003944544522148208,True,0.004934076082768051,0.0012071296712241155,0.0010716764364271615,rollover,0.0,2.0,0.0012675796403205841,iso10,MATR
MATR_b4c30,719,719,0,False,1.0527116300699335,1.0496495146853149,False,0.1727116300699334,False,615.0,1.0527116300699335,615.0,False,637.0,False,615.0,0.003480945920749434,True,0.002821549158268611,0.0006302581490582911,0.0006647567860901395,two_term_exponential,0.0,2.0,0.000503458503474853,iso10,MATR
MATR_b4c31,832,832,0,False,1.0549789177156212,1.0520586062937067,False,0.17497891771562113,False,559.0,1.0549789177156212,559.0,False,572.0,False,559.0,0.003303796736599862,True,0.007270956928191654,0.0015196469940024963,0.0014919365450094554,rollover,0.0,1.0,0.0018427233744846483,iso10,MATR
MATR_b4c32,839,839,0,False,1.0581061755244792,1.054960655244755,False,0.17810617552447905,False,754.0,1.0581061755244792,754.0,False,772.0,False,754.0,0.0035979379953419155,True,0.006296569607399216,0.0014188770384132119,0.001412016113452114,rollover,0.0,1.0,0.0016403383522669108,iso10,MATR
MATR_b4c33,530,530,0,False,1.0669113020979055,1.0642750510489507,False,0.1869113020979054,False,505.0,1.0669113020979055,505.0,False,515.0,False,505.0,0.0028962447552487447,True,0.0069351342212165,0.0011448105946144976,0.001140120928156522,rollover,0.0,1.0,0.00148823135779714,iso10,MATR
MATR_b4c34,997,997,0,False,1.05235826620047,1.0504179951048953,False,0.1723582662004699,False,891.0,1.05235826620047,891.0,False,923.0,False,891.0,0.0024375335664368336,True,0.006220794302679714,0.0013392442096849342,0.0013109000664752381,rollover,0.0,1.0,0.0016649227095146505,iso10,MATR
MATR_b4c35,1131,1130,1,False,1.056639127505831,1.0540411398601397,False,0.176639127505831,False,1081.0,1.056639127505831,1081.0,False,1099.0,False,1081.0,0.0029066205128243094,True,0.006470513290156202,0.0014962775065224061,0.0014693239171989774,rollover,0.0,2.0,0.0016606297069613107,iso10,MATR
MATR_b4c36,713,713,0,False,1.0616686277389311,1.0592293293706292,False,0.181668627738931,False,599.0,1.0616686277389311,599.0,False,610.0,False,599.0,0.002683818181822062,True,0.00787828630730682,0.0015744926651212027,0.0014047621959219817,rollover,0.0,1.0,0.0016773231121406974,iso10,MATR
MATR_b4c37,1005,1005,0,False,1.0455237580419616,1.043350413986014,False,0.1655237580419615,False,863.0,1.0455237580419616,863.0,False,895.0,False,863.0,0.002662749650353291,True,0.006369322038523461,0.001455686045854855,0.0014325118111488816,rollover,0.0,1.0,0.0017955266839890516,iso10,MATR
MATR_b4c38,1230,1229,1,False,1.0606286228438264,1.0576380356643362,False,0.1806286228438263,False,1164.0,1.0606286228438264,1164.0,False,1210.0,False,1164.0,0.021843038065268106,False,0.007062253126882241,0.0034689674493122895,0.0030149581723309953,rollover,1.0,2.0,0.0017041016080005136,iso10,MATR
MATR_b4c39,761,761,0,False,1.0503610109557144,1.048786210489511,False,0.17036101095571432,False,738.0,1.0503610109557144,738.0,False,758.0,False,738.0,0.001856238228441276,True,0.005066767316246741,0.0008080454932280276,0.0008087225506416912,two_term_exponential,0.0,1.0,0.000914384585921285,iso10,MATR
MATR_b4c4,912,912,0,False,1.043819155477859,1.0407009482517482,False,0.16381915547785897,False,656.0,1.043819155477859,656.0,False,671.0,False,656.0,0.0036274692307729506,True,0.006752710622062153,0.0012244260726748221,0.001213998213611278,rollover,0.0,2.0,0.0010954693816518455,iso10,MATR
MATR_b4c40,1122,1120,2,False,1.0615463748251783,1.0587760999999998,False,0.18154637482517821,False,1087.0,1.0615463748251783,1087.0,False,1114.0,False,1087.0,0.0028605006993043247,True,0.006013188683157193,0.0008328250506282077,0.0008212787398172518,rollover,1.0,3.0,0.000750711198067401,iso10,MATR
MATR_b4c41,997,997,0,False,1.0598268030303066,1.056504441958042,False,0.17982680303030651,False,836.0,1.0598268030303066,836.0,False,855.0,False,836.0,0.0041475160839195,True,0.0061598197626331445,0.0010671465362130615,0.0010621183105333448,rollover,0.0,1.0,0.001229519986810019,iso10,MATR
MATR_b4c42,915,915,0,False,1.0536113097902133,1.0498088517482516,False,0.17361130979021322,False,774.0,1.0536113097902133,774.0,False,796.0,False,774.0,0.004643119347323088,True,0.005255094792285274,0.0015771697584813504,0.0015743896942836675,rollover,0.0,1.0,0.0018560776343816575,iso10,MATR
MATR_b4c43,951,951,0,False,1.0452423538461573,1.0417850251748255,False,0.16524235384615715,False,750.0,1.0452423538461573,750.0,False,776.0,False,750.0,0.004425621911425148,True,0.00416049583881414,0.000921714278330213,0.0009254240156105973,two_term_exponential,0.0,1.0,0.0009313401513735576,iso10,MATR
MATR_b4c44,1077,1077,0,False,1.0468874552447587,1.0442802209790212,False,0.16688745524475856,False,942.0,1.0468874552447587,942.0,False,971.0,False,942.0,0.0037300848484882465,True,0.00543450380752728,0.0010370302643256417,0.0010301177048101329,rollover,0.0,1.0,0.0009544463624338008,iso10,MATR
MATR_b4c5,1067,1067,0,False,1.0406355279720314,1.0371364944055947,False,0.1606355279720313,False,913.0,1.0406355279720314,913.0,False,946.0,False,913.0,0.004097148484851543,True,0.006285256209297054,0.0008732718817742688,0.0008612886907694819,rollover,1.0,1.0,0.0007193762728348844,iso10,MATR
MATR_b4c6,777,777,0,False,1.0389391170163205,1.0366549664335667,False,0.15893911701632035,False,706.0,1.0389391170163205,706.0,False,734.0,False,706.0,0.0027680034965065214,True,0.004547249188151209,0.0006711662625496334,0.0006689108293460838,rollover,0.0,1.0,0.0006281953172097975,iso10,MATR
MATR_b4c7,562,562,0,False,1.055836097435901,1.052066612587412,False,0.17583609743590078,False,529.0,1.055836097435901,529.0,False,540.0,False,529.0,0.0042773032634073616,True,0.007668534531733741,0.0016781572108380035,0.0014761220120464125,rollover,0.0,1.0,0.001512289494799876,iso10,MATR
MATR_b4c8,718,718,0,False,1.0525906289044324,1.0492364678321682,False,0.17259062890443233,False,677.0,1.0525906289044324,677.0,False,698.0,False,677.0,0.004089390209793375,True,0.0035040456187743637,0.0009887108442479262,0.0009980909933189333,two_term_exponential,0.0,1.0,0.0008630436493612554,iso10,MATR
MATR_b4c9,529,529,0,False,1.0619765706293742,1.0583291783216786,False,0.1819765706293741,False,442.0,1.0619765706293742,442.0,False,455.0,False,442.0,0.004051334265737561,True,0.006360651277566114,0.0014018694979686908,0.0013558974565608,rollover,1.0,2.0,0.0012552517032505455,iso10,MATR
MATR_b1c0,1850,1849,1,False,1.0767031853146891,1.070780724475524,False,0.196703185314689,False,1849.0,1.0767031853146891,1849.0,False,,False,1849.0,0.023997910023310087,False,0.006478406043339149,0.005312438679018049,0.004568589687296472,rollover,0.0,25.0,0.002788804798903039,iso05_rc,MATR
MATR_b1c1,2158,2158,0,False,1.082415053379957,1.0761058349650348,False,0.2024150533799569,False,2158.0,1.082415053379957,2158.0,False,,False,2158.0,0.0063092184149222685,True,0.006167853183771377,0.001880229249898703,0.0018246387043820043,rollover,9.0,7.0,0.0014816934050293595,iso05_rc,MATR
MATR_b1c10,904,904,0,False,1.0817832839160877,1.0759630258741262,False,0.20178328391608757,False,,1.0817832839160877,,False,,False,904.0,0.00683768694639042,True,0.0031283453933002325,0.0010930091045697333,0.0010981980426167778,two_term_exponential,0.0,3.0,0.0008739831644032777,iso05_rc,MATR
MATR_b1c11,786,786,0,False,1.0602274261072295,1.0546187083916083,False,0.18022742610722942,False,786.0,1.0602274261072295,786.0,False,,False,786.0,0.006528015850819413,True,0.003014238373860222,0.0020823262142834085,0.001245609679209395,rollover,3.0,3.0,0.0010474709807809393,iso05_rc,MATR
MATR_b1c12,900,900,0,False,1.0821912965035,1.077824060839161,False,0.20219129650349998,False,,1.0821912965035,,False,,False,900.0,0.005363379953383429,True,0.003072442319016216,0.0009644153155268261,0.0008926180301830758,rollover,2.0,3.0,0.0007113869259259437,iso05_rc,MATR
MATR_b1c13,895,895,0,False,1.0845483827505866,1.0801282853146852,False,0.2045483827505865,False,,1.0845483827505866,,False,,False,895.0,0.005417631934735656,True,0.0038973943384713336,0.0010397891299835306,0.0010412690113000187,two_term_exponential,0.0,1.0,0.0011036220114528444,iso05_rc,MATR
MATR_b1c14,878,878,0,False,1.0757307463869499,1.0710733531468528,False,0.19573074638694976,False,878.0,1.0757307463869499,878.0,False,,False,878.0,0.006565865501169554,True,0.0035775022817385537,0.00272155257064251,0.0015954573464578676,rollover,0.0,1.0,0.001567047014818831,iso05_rc,MATR
MATR_b1c15,717,717,0,False,1.0672611046620082,1.0614584069930066,False,0.18726110466200807,False,717.0,1.0672611046620082,717.0,False,,False,717.0,0.007683305361309012,True,0.0037715469048138278,0.0024308579107549886,0.0014867217616815142,rollover,0.0,2.0,0.0014912863305174523,iso05_rc,MATR
MATR_b1c16,860,860,0,False,1.0861273305361343,1.081395756643357,False,0.2061273305361342,False,860.0,1.0861273305361343,860.0,False,,False,860.0,0.006865880885784215,True,0.004563985571692804,0.0023107481377794437,0.0015021716885673868,rollover,0.0,1.0,0.0012876016797587723,iso05_rc,MATR
MATR_b1c17,855,855,0,False,1.077031979254083,1.0723514405594405,False,0.1970319792540829,False,855.0,1.077031979254083,855.0,False,,False,855.0,0.00661925664336005,True,0.003361741066932507,0.0022446266693100926,0.0014604609287525102,rollover,6.0,2.0,0.0011893816496160931,iso05_rc,MATR
MATR_b1c18,689,688,1,False,1.070131970396274,1.0661330188811189,False,0.19013197039627383,False,688.0,1.070131970396274,688.0,False,,False,688.0,0.003998951515155058,True,0.00811140200676133,0.002169012518375493,0.001215960529559051,rollover,1.0,1.0,0.0011647893785503905,iso05_rc,MATR
MATR_b1c19,786,786,0,False,1.0891354750582787,1.0854258202797202,False,0.20913547505827856,False,786.0,1.0891354750582787,786.0,False,,False,786.0,0.0037096547785584466,True,0.004051762476833109,0.002659944234218817,0.001176408133877896,rollover,0.0,2.0,0.0013391369263752314,iso05_rc,MATR
MATR_b1c2,2235,2234,1,False,1.0860130920745956,1.0808158895104898,False,0.2060130920745955,False,2234.0,1.0860130920745956,2234.0,False,,False,2234.0,0.005208505128208474,True,0.0059349686353705475,0.0020133389713988523,0.0020041224991663204,rollover,0.0,8.0,0.002010345900252179,iso05_rc,MATR
MATR_b1c20,532,532,0,False,1.0762344988345025,1.0729113167832167,False,0.1962344988345024,False,532.0,1.0762344988345025,532.0,False,,False,532.0,0.003323182051285789,True,0.00436037594638865,0.0017457360260753289,0.001689870540009715,rollover,0.0,2.0,0.0018916319076867684,iso05_rc,MATR
MATR_b1c21,557,557,0,False,1.086218375291379,1.0827725083916084,False,0.20621837529137887,False,557.0,1.086218375291379,557.0,False,,False,557.0,0.0034458668997705555,True,0.006451376389044466,0.0015757923412588056,0.0015319421357306662,rollover,0.0,3.0,0.0015310362100581577,iso05_rc,MATR
MATR_b1c22,889,889,0,False,1.0836297538461572,1.0796626181818183,False,0.2036297538461571,False,,1.0836297538461572,,False,,False,889.0,0.0042550440559474545,True,0.00269548814884713,0.0008457545464465347,0.0008610169093281331,two_term_exponential,0.0,1.0,0.0009274739939505106,iso05_rc,MATR
MATR_b1c23,1012,1012,0,False,1.0831145179487216,1.0796933706293703,False,0.20311451794872148,False,1012.0,1.0831145179487216,1012.0,False,,False,1012.0,0.003696843123547122,True,0.0037705762181910996,0.0011656775714934979,0.0010471360455557744,rollover,0.0,1.0,0.0011813050953470594,iso05_rc,MATR
MATR_b1c24,1015,1015,0,False,1.078371781585085,1.0747819678321677,False,0.19837178158508495,False,1015.0,1.078371781585085,1015.0,False,,False,1015.0,0.004109709090912794,True,0.0037387248997966496,0.0013479284990525215,0.001054300847100045,rollover,0.0,3.0,0.0010530213132667573,iso05_rc,MATR
MATR_b1c25,852,852,0,False,1.0793122790209826,1.0755278615384611,False,0.19931227902098247,False,852.0,1.0793122790209826,852.0,False,,False,852.0,0.004211274825178801,True,0.002869749162552406,0.002141323359745248,0.0010075610549361686,rollover,0.0,3.0,0.0009497692705916159,iso05_rc,MATR
MATR_b1c26,868,868,0,False,1.091463445454549,1.0879792692307695,False,0.21146344545454898,False,868.0,1.091463445454549,868.0,False,,False,868.0,0.003553378787882311,True,0.0034885789279912186,0.001503410319244795,0.0008531343355524939,rollover,6.0,4.0,0.0006827543321659205,iso05_rc,MATR
MATR_b1c27,840,840,0,False,1.08276243636364,1.0793470111888113,False,0.20276243636363978,False,840.0,1.08276243636364,840.0,False,,False,840.0,0.0035799298368333066,True,0.003481984473845802,0.0012064634835926194,0.0007438391310051651,rollover,0.0,2.0,0.000672943428291275,iso05_rc,MATR
MATR_b1c28,858,858,0,False,1.0811753869463905,1.0781334916083913,False,0.20117538694639037,False,858.0,1.0811753869463905,858.0,False,,False,858.0,0.0032806785547825346,True,0.0033392316712155946,0.0026527064922566134,0.0012209558824581089,rollover,0.0,2.0,0.0012562761104461943,iso05_rc,MATR
MATR_b1c29,915,915,0,False,1.0832527911421947,1.0797808335664336,False,0.20325279114219463,False,915.0,1.0832527911421947,915.0,False,,False,915.0,0.003859194172497693,True,0.0037500862648891333,0.001953585024420946,0.0010262198788614275,rollover,0.0,2.0,0.0009111806550249819,iso05_rc,MATR
MATR_b1c3,1432,1432,0,False,1.0849810657342693,1.0800317251748255,False,0.20498106573426922,False,1432.0,1.0849810657342693,1432.0,False,,False,1432.0,0.005979675524478756,True,0.004595302964441968,0.003469172006169641,0.0016571421709353092,rollover,4.0,4.0,0.0013217467904305758,iso05_rc,MATR
MATR_b1c30,707,707,0,False,1.0838315762237798,1.080224300699301,False,0.20383157622377968,False,707.0,1.0838315762237798,707.0,False,,False,707.0,0.0036072755244787036,True,0.004532134273405536,0.0020730953460518366,0.0009077864785103569,rollover,0.0,1.0,0.0010164006056517007,iso05_rc,MATR
MATR_b1c31,874,874,0,False,1.0983169682983722,1.09500627972028,False,0.2183169682983721,False,874.0,1.0983169682983722,874.0,False,874.0,False,874.0,0.003310688578092247,True,0.004307101382770755,0.002192530731071879,0.0009508014422504911,rollover,3.0,2.0,0.0008702395528468579,iso05_rc,MATR
MATR_b1c32,729,729,0,False,1.0813510976690013,1.078123133566434,False,0.20135109766900117,False,729.0,1.0813510976690013,729.0,False,,False,729.0,0.003395782051285101,True,0.003547467171095022,0.002411617613759248,0.0011781559875515054,rollover,0.0,1.0,0.0013839600106581836,iso05_rc,MATR
MATR_b1c33,755,755,0,False,1.0965167762237797,1.0928354300699297,False,0.21651677622377963,False,755.0,1.0965167762237797,755.0,False,755.0,False,755.0,0.0038153333333372785,True,0.003451721345645363,0.0019934474556733326,0.0009283316379142052,rollover,3.0,2.0,0.00087811488114427,iso05_rc,MATR
MATR_b1c34,740,740,0,False,1.0804175680652717,1.0769782811188813,False,0.20041756806527156,False,740.0,1.0804175680652717,740.0,False,,False,740.0,0.0042933447552482296,True,0.00454539953577856,0.001849549224829374,0.0011955751394988033,rollover,1.0,1.0,0.001211048159782369,iso05_rc,MATR
MATR_b1c35,701,701,0,False,1.0745774247086284,1.0711045055944053,False,0.19457742470862827,False,701.0,1.0745774247086284,701.0,False,,False,701.0,0.004569719347323309,True,0.0025241131776963114,0.0018996997066848917,0.0008636485513390728,rollover,0.0,1.0,0.0010225489732409447,iso05_rc,MATR
MATR_b1c36,702,702,0,False,1.0819264717948753,1.078183753146853,False,0.20192647179487522,False,702.0,1.0819264717948753,702.0,False,,False,702.0,0.004104549417253134,True,0.0032835663186057684,0.002527587151025629,0.0010888640863701208,rollover,0.0,1.0,0.001199693017865477,iso05_rc,MATR
MATR_b1c37,646,646,0,False,1.078749237529141,1.0751396951048953,False,0.19874923752914087,False,646.0,1.078749237529141,646.0,False,,False,646.0,0.004050552214455605,True,0.003277131625354617,0.002082471483497593,0.0009691206830234268,rollover,0.0,1.0,0.001161978500156747,iso05_rc,MATR
MATR_b1c38,615,615,0,False,1.0764563393939428,1.0731666699300701,False,0.1964563393939427,False,615.0,1.0764563393939428,615.0,False,,False,615.0,0.003313591841495267,True,0.0036705997587580656,0.002279986131264336,0.0014907679222427642,rollover,0.0,1.0,0.001876244498800796,iso05_rc,MATR
MATR_b1c39,623,623,0,False,1.0860723601398639,1.0821603916083913,False,0.20607236013986374,False,623.0,1.0860723601398639,623.0,False,,False,623.0,0.004155755011658879,True,0.0033150289712264823,0.0026462885783662803,0.0013396758334705272,rollover,0.0,1.0,0.0015611218203091047,iso05_rc,MATR
MATR_b1c4,1707,1707,0,False,1.0828334538461575,1.078335218881119,False,0.20283345384615736,False,1707.0,1.0828334538461575,1707.0,False,,False,1707.0,0.005767561771565344,True,0.005042672150819819,0.0018058381054838573,0.0015946481023743299,rollover,4.0,4.0,0.0011875465737665853,iso05_rc,MATR
MATR_b1c40,964,964,0,False,1.0874031818181855,1.0836753895104898,False,0.2074031818181854,False,964.0,1.0874031818181855,964.0,False,,False,964.0,0.003982045920749133,True,0.0027862614029449733,0.0008445909175820368,0.0005640752770002459,rollover,4.0,3.0,0.0004952020273637408,iso05_rc,MATR
MATR_b1c41,1049,1049,0,False,1.083128194405598,1.0793120965034964,False,0.20312819440559782,False,1049.0,1.083128194405598,1049.0,False,,False,1049.0,0.004368436363640038,True,0.004488634032729597,0.0016326840993775382,0.0011716136956704743,rollover,0.0,1.0,0.0014442675334152577,iso05_rc,MATR
MATR_b1c42,700,700,0,False,1.084126252214456,1.0803204608391612,False,0.2041262522144558,False,700.0,1.084126252214456,700.0,False,,False,700.0,0.004347235897439239,True,0.002639312695679807,0.0027402356415288437,0.000937051419519009,rollover,0.0,1.0,0.001129454694013087,iso05_rc,MATR
MATR_b1c43,649,649,0,False,1.0716266890442927,1.0685591825174825,False,0.1916266890442926,False,649.0,1.0716266890442927,649.0,False,,False,649.0,0.003067506526810204,True,0.0035692540319714333,0.002676263036197385,0.0010100418460091691,rollover,0.0,1.0,0.0010419526635368117,iso05_rc,MATR
MATR_b1c44,614,614,0,False,1.088312417249421,1.0851293657342658,False,0.20831241724942084,False,614.0,1.088312417249421,614.0,False,,False,614.0,0.0031830515151551886,True,0.002558399396020303,0.002686691243583594,0.0007916931786247218,rollover,0.0,1.0,0.0008481418813232077,iso05_rc,MATR
MATR_b1c45,597,597,0,False,1.0878406757575796,1.0843047762237767,False,0.20784067575757947,False,597.0,1.0878406757575796,597.0,False,,False,597.0,0.003942134265737307,True,0.0026693899465561597,0.002642649264807713,0.0010444792449712914,rollover,0.0,1.0,0.0011505105826390815,iso05_rc,MATR
MATR_b1c5,1072,1071,1,False,1.0803666487179524,1.0760026384615384,False,0.2003666487179523,False,1071.0,1.0803666487179524,1071.0,False,,False,1071.0,0.005817834265738009,True,0.006463207955945259,0.0018517104997658293,0.0018360270151396363,rollover,0.0,2.0,0.002177606151262217,iso05_rc,MATR
MATR_b1c6,634,634,0,False,1.0817062920745957,1.0760879349650352,False,0.20170629207459556,False,634.0,1.0817062920745957,634.0,False,,False,634.0,0.006002190675994168,True,0.006175899828918446,0.0014102266848731613,0.0013539121821005238,rollover,1.0,2.0,0.0014696669200575411,iso05_rc,MATR
MATR_b1c7,868,868,0,False,1.097762040326344,1.0941548832167836,False,0.21776204032634383,False,868.0,1.097762040326344,868.0,False,868.0,False,868.0,0.0037782020979053588,True,0.0034902877666845005,0.001384572580741903,0.0008085720772497256,rollover,2.0,4.0,0.0006492299777522199,iso05_rc,MATR
MATR_b1c8,877,877,0,False,1.0950940948717987,1.0903108944055948,False,0.21509409487179854,False,,1.0950940948717987,,False,,False,877.0,0.005386692773895918,True,0.003251563928666881,0.0010114087805688447,0.00099326448378368,rollover,3.0,6.0,0.0007397666555462838,iso05_rc,MATR
MATR_b1c9,1052,1052,0,False,1.0876293834498871,1.0829975902097908,False,0.20762938344988702,False,1052.0,1.0876293834498871,1052.0,False,,False,1052.0,0.005750127738930688,True,0.0038536707756684466,0.0010047648155310533,0.0009721264040866528,rollover,1.0,2.0,0.0008239767385752041,iso05_rc,MATR
MATR_b2c0,325,325,0,False,1.0730828268065304,1.0707877006993007,False,0.19308282680653033,False,299.0,1.0730828268065304,299.0,False,311.0,False,299.0,0.004716003962703885,True,0.0019535421154428666,0.0019566090228378625,0.0019858864669791013,power_law,0.0,2.0,0.0014084412325334277,iso05_rc,MATR
MATR_b2c1,169,169,0,False,1.0729408174825175,1.0729408174825175,False,0.19294081748251735,False,147.0,1.0729408174825175,147.0,False,157.0,False,147.0,0.0,True,0.0012997434962058185,0.0009005349645223432,0.0009360552006265616,two_term_exponential,0.0,0.0,0.0010529598279833924,iso05_rc,MATR
MATR_b2c10,595,594,1,False,1.0738626494172532,1.069494112587413,False,0.19386264941725306,False,559.0,1.0738626494172532,559.0,False,575.0,False,559.0,0.004368536829840286,True,0.0043598244297063365,0.0010722949152549572,0.0010817095425319676,two_term_exponential,0.0,2.0,0.0008446366656195308,iso05_rc,MATR
MATR_b2c11,504,503,1,False,1.0757885573426609,1.072076329370629,False,0.19578855734266076,False,475.0,1.0757885573426609,475.0,False,486.0,False,475.0,0.003739585081588892,True,0.003394286049884895,0.001270851068838934,0.0013212956634813472,two_term_exponential,0.0,3.0,0.0011371882400542685,iso05_rc,MATR
MATR_b2c12,490,489,1,False,1.074213560372964,1.0715449734265738,False,0.19421356037296378,False,456.0,1.074213560372964,456.0,False,470.0,False,456.0,0.0026685869463900502,True,0.004220576650660906,0.0015854760027285092,0.0015826262008377789,rollover,0.0,2.0,0.001656815562151222,iso05_rc,MATR
MATR_b2c13,519,519,0,False,1.0831339678321714,1.080748500699301,False,0.2031339678321713,False,482.0,1.0831339678321714,482.0,False,493.0,False,482.0,0.005738246153846216,True,0.0064510298709209895,0.0016298164763741047,0.0015143444707043944,rollover,1.0,1.0,0.0009512713777516695,iso05_rc,MATR
MATR_b2c14,508,508,0,False,1.0825336011655047,1.0785424734265736,False,0.20253360116550456,False,484.0,1.0825336011655047,484.0,False,492.0,False,484.0,0.00431030000000332,True,0.004188375711833982,0.0013490390324082382,0.001357160297288979,two_term_exponential,0.0,1.0,0.0017171278625973188,iso05_rc,MATR
MATR_b2c17,524,524,0,False,1.0746564020979057,1.067748309090909,False,0.19465640209790558,False,493.0,1.0746564020979057,493.0,False,508.0,False,493.0,0.0169814505827508,False,0.004899467474282003,0.002585710849868605,0.002585744127410247,two_term_exponential,0.0,3.0,0.0019713318419516145,iso05_rc,MATR
MATR_b2c18,522,522,0,False,1.067379839393943,1.0641967489510487,False,0.18737983939394298,False,486.0,1.067379839393943,486.0,False,505.0,False,486.0,0.003183090442894443,True,0.00589255548044562,0.0014387563570592114,0.0014221236165739288,rollover,0.0,1.0,0.0014035480700807562,iso05_rc,MATR
MATR_b2c19,488,488,0,False,1.049446110489514,1.0480099615384617,False,0.16944611048951397,False,461.0,1.049446110489514,461.0,False,482.0,False,461.0,0.001436148951052374,True,0.006564783113533158,0.000737590705642806,0.0006008805987214198,rollover,0.0,2.0,0.00040408551040940576,iso05_rc,MATR
MATR_b2c2,463,463,0,False,1.0788818755244791,1.0742747895104898,False,0.198881875524479,False,437.0,1.0788818755244791,437.0,False,447.0,False,437.0,0.0053405482517514535,True,0.004784293866380722,0.0017864817379149287,0.0017979101134436468,two_term_exponential,0.0,1.0,0.0021489824163753906,iso05_rc,MATR
MATR_b2c20,530,529,1,False,1.0888189480186514,1.083628142657343,False,0.2088189480186513,False,500.0,1.0888189480186514,500.0,False,507.0,False,500.0,0.005568880186483494,True,0.003185707089182866,0.0009784580015907963,0.0009834923530932192,two_term_exponential,1.0,2.0,0.0008475151529047293,iso05_rc,MATR
MATR_b2c21,519,519,0,False,1.0818682671328708,1.077331827972028,False,0.20186826713287065,False,488.0,1.0818682671328708,488.0,False,498.0,False,488.0,0.004536439160842676,True,0.00469965797120732,0.0013655214108596035,0.0013850362817196217,two_term_exponential,0.0,1.0,0.0014795129993742748,iso05_rc,MATR
MATR_b2c22,539,538,1,False,1.0848692850815889,1.0802457251748252,False,0.20486928508158875,False,511.0,1.0848692850815889,511.0,False,519.0,False,511.0,0.005047085547789099,True,0.004551314773256168,0.0014163306173120445,0.0014158289316151568,rollover,0.0,1.0,0.0017135092772551002,iso05_rc,MATR
MATR_b2c23,561,561,0,False,1.0779876869463905,1.0752028188811187,False,0.19798768694639035,False,526.0,1.0779876869463905,526.0,False,539.0,False,526.0,0.002784868065271784,True,0.005038834435272035,0.0011425732152221956,0.0008196583208624237,rollover,1.0,2.0,0.0007420284828423358,iso05_rc,MATR
MATR_b2c24,523,523,0,False,1.0724225086247121,1.0682985706293702,False,0.192422508624712,False,494.0,1.0724225086247121,494.0,False,509.0,False,494.0,0.00497623030303429,True,0.004064154265289047,0.0015509251602458063,0.0015478779742758239,rollover,1.0,1.0,0.0018644034396563015,iso05_rc,MATR
MATR_b2c25,486,486,0,False,1.071927690442894,1.0677823664335664,False,0.19192769044289393,False,460.0,1.071927690442894,460.0,False,473.0,False,460.0,0.00416941142191507,True,0.005050008099480943,0.0015626685178548904,0.001567773292181426,two_term_exponential,0.0,1.0,0.0017994880619856641,iso05_rc,MATR
MATR_b2c26,497,497,0,False,1.0821731620046655,1.0774440650349655,False,0.2021731620046654,False,470.0,1.0821731620046655,470.0,False,479.0,False,470.0,0.004969274358977538,True,0.004571294361654735,0.0014493020508929285,0.0014699671081424461,two_term_exponential,0.0,2.0,0.001548028630974792,iso05_rc,MATR
MATR_b2c27,494,494,0,False,1.071101937529141,1.0663392650349655,False,0.19110193752914095,False,467.0,1.071101937529141,467.0,False,481.0,False,467.0,0.005304078787881972,True,0.004028607443025516,0.0014522261230266755,0.0014605420638159933,two_term_exponential,0.0,1.0,0.001913298460144671,iso05_rc,MATR
MATR_b2c28,540,539,1,False,1.0771009006993044,1.0721546853146853,False,0.1971009006993043,False,509.0,1.0771009006993044,509.0,False,522.0,False,509.0,0.005612359440563042,True,0.003293593046655325,0.0015452103113146353,0.001537118683674084,rollover,1.0,2.0,0.001326899365013192,iso05_rc,MATR
MATR_b2c29,521,521,0,False,1.0777096389277425,1.0729747923076924,False,0.1977096389277424,False,497.0,1.0777096389277425,497.0,False,507.0,False,497.0,0.006356320279720107,True,0.004157068795642425,0.0017138137057511663,0.0016714991912449317,rollover,1.0,2.0,0.0015572611378117734,iso05_rc,MATR
MATR_b2c3,360,360,0,False,1.0686717219114255,1.0671495125874124,False,0.18867172191142534,False,334.0,1.0686717219114255,334.0,False,347.0,False,334.0,0.00816231170163173,True,0.0025439092031957714,0.0026215802432591586,0.0026772285914116916,power_law,2.0,1.0,0.001011069337913756,iso05_rc,MATR
MATR_b2c30,506,506,0,False,1.0723456801864837,1.0675460265734271,False,0.19234568018648357,False,480.0,1.0723456801864837,480.0,False,493.0,False,480.0,0.0055175074592104245,True,0.004296908059175355,0.0015751481834570507,0.0015837950306519786,two_term_exponential,0.0,1.0,0.0018468555274569031,iso05_rc,MATR
MATR_b2c31,518,518,0,False,1.0792844965035,1.0737227027972032,False,0.19928449650349989,False,491.0,1.0792844965035,491.0,False,502.0,False,491.0,0.006271311655015044,True,0.0028495938609877144,0.0011905191822237716,0.0011275575947222026,rollover,1.0,1.0,0.0013614164024911453,iso05_rc,MATR
MATR_b2c32,543,543,0,False,1.079654732400936,1.0746993209790203,False,0.1996547324009359,False,518.0,1.079654732400936,518.0,False,528.0,False,518.0,0.0064120058275058955,True,0.003815287498188265,0.0019963052139717542,0.001983009942035127,rollover,1.0,4.0,0.0013725035662003995,iso05_rc,MATR
MATR_b2c33,545,545,0,False,1.0845473414918452,1.079420895104895,False,0.20454734149184506,False,519.0,1.0845473414918452,519.0,False,528.0,False,519.0,0.005891096503500393,True,0.0039512736875751365,0.0016914078208570048,0.0013728768652219647,rollover,1.0,1.0,0.0015711840422660151,iso05_rc,MATR
MATR_b2c34,525,525,0,False,1.0747136470862508,1.0690936825174826,False,0.19471364708625072,False,498.0,1.0747136470862508,498.0,False,511.0,False,498.0,0.006403381585085022,True,0.00445577707686055,0.0015912728804755884,0.0014663180706117654,rollover,1.0,1.0,0.0017042118403840462,iso05_rc,MATR
MATR_b2c35,485,485,0,False,1.0738122151515188,1.0688808804195808,False,0.1938122151515187,False,462.0,1.0738122151515188,462.0,False,473.0,False,462.0,0.005509610256413389,True,0.005007512464946845,0.0017208509746946981,0.0017218225763909727,two_term_exponential,0.0,1.0,0.0021083928759912988,iso05_rc,MATR
MATR_b2c36,559,559,0,False,1.0851975307692343,1.0794738041958039,False,0.2051975307692342,False,533.0,1.0851975307692343,533.0,False,542.0,False,533.0,0.006464436596740564,True,0.003019988296223981,0.0013445354518348267,0.0012750486342690463,rollover,0.0,1.0,0.001450689238841327,iso05_rc,MATR
MATR_b2c37,501,500,1,False,1.080121601398605,1.0752312699300703,False,0.2001216013986049,False,477.0,1.080121601398605,477.0,False,486.0,False,477.0,0.006378324242427347,True,0.0037686582233600347,0.0014973236810269042,0.0013464849050887498,rollover,0.0,1.0,0.001608435299134348,iso05_rc,MATR
MATR_b2c38,486,486,0,False,1.0748100869463906,1.0701755720279718,False,0.19481008694639046,False,464.0,1.0748100869463906,464.0,False,474.0,False,464.0,0.005436212121215922,True,0.004229195813787952,0.0013794052536986116,0.0013868084369702553,two_term_exponential,0.0,2.0,0.0016007837198395564,iso05_rc,MATR
MATR_b2c39,479,479,0,False,1.0855229659673693,1.0786252020979024,False,0.2055229659673692,False,458.0,1.0855229659673693,458.0,False,465.0,False,458.0,0.008136111421914727,True,0.004382474316357994,0.0015167634585559946,0.00151744207683424,two_term_exponential,1.0,1.0,0.0015900934714178907,iso05_rc,MATR
MATR_b2c4,470,469,1,False,1.0755664009324044,1.0733526783216787,False,0.1955664009324043,False,442.0,1.0755664009324044,442.0,False,452.0,False,442.0,0.0022137226107257213,True,0.004785685233137887,0.0013489674299026427,0.0013571231983074698,two_term_exponential,0.0,1.0,0.0013947134827088572,iso05_rc,MATR
MATR_b2c40,529,529,0,False,1.082547878321682,1.077379832167832,False,0.20254787832168186,False,498.0,1.082547878321682,498.0,False,509.0,False,498.0,0.006615624941725073,True,0.004221470831379682,0.0018390738956413786,0.001853496521088654,two_term_exponential,0.0,4.0,0.0014569615902730953,iso05_rc,MATR
MATR_b2c41,451,451,0,False,1.0747969599067635,1.0689927559440555,False,0.19479695990676338,False,428.0,1.0747969599067635,428.0,False,439.0,False,428.0,0.00677763892774319,True,0.0032815644099468627,0.0013321856634638152,0.001340575508695831,two_term_exponential,0.0,2.0,0.0013192258560097616,iso05_rc,MATR
MATR_b2c42,491,490,1,False,1.0832161708624746,1.0786826468531463,False,0.20321617086247445,False,464.0,1.0832161708624746,464.0,False,472.0,False,464.0,0.005302097435901709,True,0.003015701389374863,0.0016764617531269269,0.0015704198331233001,rollover,1.0,1.0,0.0017793002506126887,iso05_rc,MATR
MATR_b2c43,486,486,0,False,1.0798463748251783,1.0741042118881121,False,0.1998463748251782,False,461.0,1.0798463748251783,461.0,False,471.0,False,461.0,0.0063903564102598676,True,0.003139766940546781,0.0014732534796816276,0.0014645951525597523,rollover,1.0,2.0,0.0015527166784171094,iso05_rc,MATR
MATR_b2c44,478,477,1,False,1.0762321946386981,1.0713530839160834,False,0.196232194638698,False,455.0,1.0762321946386981,455.0,False,465.0,False,455.0,0.005748041724945807,True,0.0035990415565017894,0.0014673050088435207,0.0013987402577513108,rollover,1.0,1.0,0.0016458714147449668,iso05_rc,MATR
MATR_b2c45,513,513,0,False,1.0751993039627077,1.0708407342657347,False,0.19519930396270757,False,485.0,1.0751993039627077,485.0,False,498.0,False,485.0,0.004608375757578775,True,0.004274593484495171,0.0013431661518956398,0.001347894957219767,two_term_exponential,0.0,1.0,0.0015699957928479566,iso05_rc,MATR
MATR_b2c46,448,448,0,False,1.0787512836829871,1.0730945363636368,False,0.198751283682987,False,429.0,1.0787512836829871,429.0,False,437.0,False,429.0,0.006812108391611726,True,0.004838933546038594,0.001250364540869197,0.0012531278500295298,two_term_exponential,0.0,1.0,0.0014026019140364438,iso05_rc,MATR
MATR_b2c47,744,744,0,False,1.0501250871794907,1.0425019706293706,False,0.1701250871794906,False,712.0,1.0501250871794907,712.0,False,741.0,False,712.0,0.007699258741262316,True,0.005112261016665117,0.0014277018825933209,0.0014198711236857334,rollover,0.0,1.0,0.0014343288912008108,iso05_rc,MATR
MATR_b2c5,506,506,0,False,1.0724442988345024,1.0683388587412592,False,0.19244429883450231,False,479.0,1.0724442988345024,479.0,False,492.0,False,479.0,0.004572149650352575,True,0.003949864212910427,0.0013769527109724375,0.0013781774261264843,two_term_exponential,0.0,1.0,0.0016917708562718867,iso05_rc,MATR
MATR_b2c6,544,543,1,False,1.0724161662004696,1.0691654622377624,False,0.19241616620046953,False,509.0,1.0724161662004696,509.0,False,527.0,False,509.0,0.003250703962707213,True,0.004007757533515088,0.0015488450100973612,0.0014709003147106374,rollover,1.0,1.0,0.0009184664889089286,iso05_rc,MATR
MATR_b3c0,1007,1007,0,False,1.0708755107226144,1.0676003167832169,False,0.19087551072261433,False,1007.0,1.0708755107226144,1007.0,False,,False,1007.0,0.0036836738927774615,True,0.006656919776758545,0.0011144471584958278,0.001099297121344319,rollover,1.0,1.0,0.0012295897588154281,iso05_rc,MATR
MATR_b3c1,1061,1061,0,False,1.068427683449887,1.0652804783216787,False,0.1884276834498868,False,1061.0,1.068427683449887,1061.0,False,,False,1061.0,0.0034164923076955844,True,0.006355544274504676,0.001937065849900997,0.0011883586749450942,rollover,0.0,2.0,0.0011545024253437398,iso05_rc,MATR
MATR_b3c10,1076,1076,0,False,1.064645648251752,1.0619203300699303,False,0.18464564825175178,False,1076.0,1.064645648251752,1076.0,False,,False,1076.0,0.0030886244755277126,True,0.005874496472176474,0.0023695061232922713,0.001665480780236571,rollover,1.0,1.0,0.0018212980855315192,iso05_rc,MATR
MATR_b3c11,815,815,0,False,1.070726958508162,1.0682229825174825,False,0.1907269585081619,False,815.0,1.070726958508162,815.0,False,,False,815.0,0.00250397599067953,True,0.004930196597439843,0.0009530215535320907,0.000951991211139663,rollover,0.0,1.0,0.001097899910647517,iso05_rc,MATR
MATR_b3c12,930,930,0,False,1.0768634296037334,1.0744656909090906,False,0.19686342960373326,False,930.0,1.0768634296037334,930.0,False,,False,930.0,0.0024672491841530864,True,0.0053459282690118985,0.001270727240261737,0.0012684372142595856,rollover,1.0,1.0,0.0016120886356741752,iso05_rc,MATR
MATR_b3c13,814,814,0,False,1.0695746181818218,1.0657594020979022,False,0.18957461818182164,False,814.0,1.0695746181818218,814.0,False,,False,814.0,0.0038173289044323155,True,0.0046766396429280925,0.0008337771441607977,0.0008415359311563975,two_term_exponential,0.0,1.0,0.0008957027276387847,iso05_rc,MATR
MATR_b3c14,856,856,0,False,1.0772953130536167,1.0733189545454542,False,0.19729531305361658,False,856.0,1.0772953130536167,856.0,False,,False,856.0,0.004361107459211366,True,0.004148095634409029,0.0009055591111538494,0.0009166026453946079,two_term_exponential,0.0,1.0,0.0009680634443745686,iso05_rc,MATR
MATR_b3c15,874,874,0,False,1.0711623426573462,1.0686164181818183,False,0.1911623426573461,False,874.0,1.0711623426573462,874.0,False,,False,874.0,0.002597379720283177,True,0.004447411166009736,0.0008748973058171519,0.0008879865871189124,two_term_exponential,0.0,1.0,0.0011310101978743606,iso05_rc,MATR
MATR_b3c16,1636,1636,0,False,1.0643385261072296,1.06105163986014,False,0.18433852610722945,False,1636.0,1.0643385261072296,1636.0,False,,False,1636.0,0.0032868862470896154,True,0.006442522555403104,0.002212371111506561,0.0011771782113745098,rollover,1.0,1.0,0.001073202883149954,iso05_rc,MATR
MATR_b3c17,1313,1313,0,False,1.0698727412587448,1.066598002097902,False,0.18987274125874465,False,1313.0,1.0698727412587448,1313.0,False,,False,1313.0,0.004806633799533611,True,0.005743506083938734,0.0025115427032615734,0.0011538684776657914,rollover,0.0,2.0,0.0011175444512904699,iso05_rc,MATR
MATR_b3c18,1144,1144,0,False,1.0700733776223812,1.0681150419580416,False,0.19007337762238108,False,1144.0,1.0700733776223812,1144.0,False,,False,1144.0,0.001958335664339561,True,0.0059391357015189826,0.002278482626438327,0.0011059042273302048,rollover,1.0,1.0,0.0012629921874095992,iso05_rc,MATR
MATR_b3c19,1153,1153,0,False,1.0738731505827541,1.0721259587412586,False,0.193873150582754,False,1153.0,1.0738731505827541,1153.0,False,,False,1153.0,0.0017471918414955212,True,0.005991073162547193,0.0027524257024907546,0.001084204550975565,rollover,0.0,1.0,0.001353868446466194,iso05_rc,MATR
MATR_b3c2,1265,1265,0,False,1.0630037177156213,1.0607122405594411,False,0.18300371771562118,False,1265.0,1.0630037177156213,1265.0,False,,False,1265.0,0.002291477156180166,True,0.005666478733116227,0.0026254120819991203,0.000916230224578815,rollover,1.0,2.0,0.0008832922279064445,iso05_rc,MATR
MATR_b3c20,811,811,0,False,1.068003553379957,1.0651969895104891,False,0.1880035533799569,False,811.0,1.068003553379957,811.0,False,,False,811.0,0.0028736186480224912,True,0.006645909328062915,0.0013812097945538502,0.0013638328100421438,rollover,1.0,1.0,0.0014672295889814394,iso05_rc,MATR
MATR_b3c21,770,770,0,False,1.0686206491841528,1.0677852818181819,False,0.18862064918415267,False,770.0,1.0686206491841528,770.0,False,,False,770.0,0.000835367365970896,True,0.005993090739086099,0.0009867391269503972,0.0010338344849318286,two_term_exponential,0.0,1.0,0.00138037873120875,iso05_rc,MATR
MATR_b3c22,1000,1000,0,False,1.0590757659673695,1.0564074678321684,False,0.1790757659673694,False,1000.0,1.0590757659673695,1000.0,False,,False,1000.0,0.002668298135201086,True,0.007317880192659723,0.0014059760777577768,0.001380910280759846,rollover,0.0,1.0,0.0017876247864182248,iso05_rc,MATR
MATR_b3c23,2188,2188,0,False,1.0687427270396306,1.0658912608391613,False,0.18874272703963046,False,,1.0687427270396306,,False,,False,2188.0,0.002988301864804921,True,0.005389115580148793,0.0005645322242483773,0.0004835412522993706,rollover,14.0,7.0,0.00035864549434985716,iso05_rc,MATR
MATR_b3c24,823,823,0,False,1.050482590442894,1.0464083314685317,False,0.17048259044289393,False,823.0,1.050482590442894,823.0,False,,False,823.0,0.004627568065271426,True,0.005604969035400209,0.001539936129879428,0.0015277304091539754,rollover,0.0,1.0,0.0016074506778275186,iso05_rc,MATR
MATR_b3c25,987,987,0,False,1.0650901836829871,1.0612567930069934,False,0.18509018368298702,False,987.0,1.0650901836829871,987.0,False,,False,987.0,0.0041648020979052625,True,0.006507637195066426,0.0013887875492248536,0.0013179191389088424,rollover,0.0,1.0,0.0016629196223188988,iso05_rc,MATR
MATR_b3c26,1026,1026,0,False,1.0755010188811225,1.0719720125874121,False,0.19550101888112237,False,1026.0,1.0755010188811225,1026.0,False,,False,1026.0,0.003764942657346726,True,0.004536071419895028,0.0015721158077106393,0.0009715436570136343,rollover,0.0,1.0,0.0012178588659115942,iso05_rc,MATR
MATR_b3c27,848,848,0,False,1.064168887412591,1.0605818692307694,False,0.18416888741259085,False,848.0,1.064168887412591,848.0,False,,False,848.0,0.0038036349650385493,True,0.0048711410541078465,0.000947262614696325,0.000927853119785868,rollover,1.0,2.0,0.0007783565809538474,iso05_rc,MATR
MATR_b3c28,539,539,0,False,1.0527228668997703,1.0519767769230772,False,0.17272286689977023,False,539.0,1.0527228668997703,539.0,False,,False,539.0,0.0007460899766931206,True,0.0034981397201767966,0.0005997645025021815,0.0006044627405002951,two_term_exponential,0.0,1.0,0.0007311647267560545,iso05_rc,MATR
MATR_b3c29,856,856,0,False,1.0708673715617751,1.0665129944055947,False,0.19086737156177502,False,856.0,1.0708673715617751,856.0,False,,False,856.0,0.004658534498837907,True,0.004755928561660465,0.0009008075535163687,0.0009023003696208072,two_term_exponential,0.0,1.0,0.0008680626994136933,iso05_rc,MATR
MATR_b3c3,1113,1113,0,False,1.0652432510489547,1.0628084776223778,False,0.18524325104895456,False,1113.0,1.0652432510489547,1113.0,False,,False,1113.0,0.002714228671331975,True,0.005892959750410668,0.001561792339906519,0.0010922884743482172,rollover,1.0,1.0,0.0011407121774629954,iso05_rc,MATR
MATR_b3c30,933,933,0,False,1.0721533466200504,1.0689066545454549,False,0.19215334662005024,False,933.0,1.0721533466200504,933.0,False,,False,933.0,0.003407239393942607,True,0.005676773075551905,0.0006839575506901501,0.0006788077758498856,rollover,0.0,1.0,0.0006495947714892607,iso05_rc,MATR
MATR_b3c31,729,729,0,False,1.0714425400932437,1.0683497727272733,False,0.19144254009324357,False,729.0,1.0714425400932437,729.0,False,,False,729.0,0.0032662307692339354,True,0.005689953946373522,0.00114685229771815,0.0011418820943777136,rollover,1.0,1.0,0.0012454087144873572,iso05_rc,MATR
MATR_b3c32,2236,2236,0,False,1.075078153379957,1.0726526531468532,False,0.19507815337995682,False,,1.075078153379957,,False,,False,2236.0,0.002425500233103728,True,0.0026245217761190916,0.0005681936211796546,0.0005648583818804798,rollover,0.0,2.0,0.0007308332413005462,iso05_rc,MATR
MATR_b3c33,1282,1282,0,False,1.0627973167832203,1.0603153293706293,False,0.1827973167832202,False,1282.0,1.0627973167832203,1282.0,False,,False,1282.0,0.002545705827509348,True,0.007732894613597926,0.001528650877151814,0.001044440335681496,rollover,0.0,1.0,0.0012256614524486916,iso05_rc,MATR
MATR_b3c34,1156,1156,0,False,1.0642233501165537,1.061545432867133,False,0.18422335011655355,False,1156.0,1.0642233501165537,1156.0,False,,False,1156.0,0.002678193240096771,True,0.006335021406586484,0.0029045391662855828,0.0013503959940597225,rollover,0.0,1.0,0.0015775887372811643,iso05_rc,MATR
MATR_b3c35,1091,1091,0,False,1.065326200466204,1.0634828986013987,False,0.18532620046620396,False,1091.0,1.065326200466204,1091.0,False,,False,1091.0,0.0020090745920746667,True,0.005082734604831233,0.0016770273641893833,0.0011311945941212143,rollover,0.0,2.0,0.001330516488567192,iso05_rc,MATR
MATR_b3c36,921,921,0,False,1.060545249417253,1.0575962783216786,False,0.1805452494172528,False,921.0,1.060545249417253,921.0,False,,False,921.0,0.0029489710955743487,True,0.00731099334804834,0.0015125432742219922,0.0014753565832592165,rollover,0.0,1.0,0.0017721595186395611,iso05_rc,MATR
MATR_b3c37,1388,1388,0,False,1.0506014363636398,1.0470061307692307,False,0.17060143636363967,False,1388.0,1.0506014363636398,1388.0,False,,False,1388.0,0.033355744522144626,False,0.007203364607347564,0.0032485434634222537,0.0032322214869425782,rollover,2.0,5.0,0.0012143900944500737,iso05_rc,MATR
MATR_b3c38,1933,1933,0,False,1.0725392601398638,1.0703227006993008,False,0.19253926013986367,False,1933.0,1.0725392601398638,1933.0,False,,False,1933.0,0.002216559440562982,True,0.006771126327925619,0.0013025275470755452,0.0010019876809877217,rollover,0.0,1.0,0.0013036518006750446,iso05_rc,MATR
MATR_b3c39,1154,1154,0,False,1.0514178428904464,1.047463913986014,False,0.17141784289044626,False,1154.0,1.0514178428904464,1154.0,False,,False,1154.0,0.003965545687649286,True,0.007581884739930709,0.0012267229683202861,0.0011932661619569749,rollover,1.0,1.0,0.0014069761751748407,iso05_rc,MATR
MATR_b3c4,1046,1046,0,False,1.0748160550116586,1.0725074993006993,False,0.19481605501165844,False,1046.0,1.0748160550116586,1046.0,False,,False,1046.0,0.002736881585085005,True,0.0047767985621988834,0.001297722254504623,0.0009825813982391849,rollover,1.0,2.0,0.0010273659693749574,iso05_rc,MATR
MATR_b3c40,794,794,0,False,1.0637955932400969,1.0592270258741263,False,0.18379559324009676,False,794.0,1.0637955932400969,794.0,False,,False,794.0,0.004587592307695454,True,0.004588843349551654,0.0008229045742072677,0.0008226533526969246,rollover,0.0,1.0,0.0009615998500426447,iso05_rc,MATR
MATR_b3c41,784,784,0,False,1.0544417202797238,1.0506918300699297,False,0.1744417202797237,False,784.0,1.0544417202797238,784.0,False,,False,784.0,0.004160568997672698,True,0.003278997777374072,0.000770138283089622,0.000759532325659898,rollover,1.0,1.0,0.000767297097176887,iso05_rc,MATR
MATR_b3c42,1640,1640,0,False,1.0697535997669032,1.0671082223776225,False,0.1897535997669031,False,1640.0,1.0697535997669032,1640.0,False,,False,1640.0,0.0028560326340361097,True,0.00570280860447126,0.001430981533518476,0.0014214834235451372,rollover,0.0,1.0,0.0016102269213983283,iso05_rc,MATR
MATR_b3c43,1044,1044,0,False,1.0731610986014022,1.0702973440559442,False,0.19316109860140207,False,1044.0,1.0731610986014022,1044.0,False,,False,1044.0,0.00299319114219454,True,0.006669242364983065,0.001671299341728771,0.0015463797972069715,rollover,0.0,1.0,0.002008200683083678,iso05_rc,MATR
MATR_b3c44,938,938,0,False,1.0736855699300736,1.0697429020979026,False,0.19368556993007346,False,938.0,1.0736855699300736,938.0,False,,False,938.0,0.00413348111888423,True,0.006705396773800895,0.0014514060716991437,0.0014413849948004768,rollover,0.0,1.0,0.0018761639333685063,iso05_rc,MATR
MATR_b3c45,1799,1799,0,False,1.0716944969697004,1.0696614426573425,False,0.1916944969697003,False,1799.0,1.0716944969697004,1799.0,False,,False,1799.0,0.00254444172494539,True,0.0062128056459625075,0.0014755650490116193,0.0013363226602724715,rollover,0.0,3.0,0.0014787199684184829,iso05_rc,MATR
MATR_b3c5,826,826,0,False,1.0538047477855512,1.0515670986013987,False,0.1738047477855511,False,826.0,1.0538047477855512,826.0,False,,False,826.0,0.002435007925411403,True,0.005894127068671051,0.0013916072500309298,0.0013759522990359656,rollover,0.0,1.0,0.001492630696880596,iso05_rc,MATR
MATR_b3c6,665,665,0,False,1.063035861118881,1.062732006293706,False,0.18303586111888093,False,665.0,1.063035861118881,665.0,False,,False,665.0,0.0008665181818180434,True,0.0036221187371582105,0.001171396459338438,0.0010422842886556839,rollover,1.0,2.0,0.0005093540716802919,iso05_rc,MATR
MATR_b3c7,1834,1834,0,False,1.0708184925407962,1.0677476048951051,False,0.19081849254079608,False,1834.0,1.0708184925407962,1834.0,False,,False,1834.0,0.0032026592074625437,True,0.005715455681230099,0.0013267857327317752,0.0010623934646091014,rollover,0.0,1.0,0.001343377126588396,iso05_rc,MATR
MATR_b3c8,826,826,0,False,1.0684814097902133,1.0648958629370628,False,0.18848140979021322,False,826.0,1.0684814097902133,826.0,False,,False,826.0,0.0037718456876492112,True,0.006113686920679261,0.0012088504268916716,0.0011969887410295708,rollover,0.0,1.0,0.001332872522932074,iso05_rc,MATR
MATR_b3c9,1037,1037,0,False,1.0732625727272764,1.0696274230769232,False,0.19326257272727632,False,1037.0,1.0732625727272764,1037.0,False,,False,1037.0,0.0037176979021014134,True,0.005632249559563171,0.0012511218820482738,0.0012464070670054942,rollover,1.0,1.0,0.0014927645658614518,iso05_rc,MATR
MATR_b4c0,982,982,0,False,1.0431989351981388,1.0409811811188812,False,0.16319893519813866,False,856.0,1.0431989351981388,856.0,False,888.0,False,856.0,0.0028115944055977504,True,0.0033120352908612045,0.0011975033724536174,0.0012281461598742014,two_term_exponential,1.0,4.0,0.00048244750519258064,iso05_rc,MATR
MATR_b4c1,861,861,0,False,1.0503915202797238,1.0487836174825174,False,0.1703915202797237,False,760.0,1.0503915202797238,760.0,False,782.0,False,760.0,0.0017437620046658608,True,0.0031496106400582414,0.0004980631503396875,0.0005032948743824218,two_term_exponential,1.0,5.0,0.0003127531413984075,iso05_rc,MATR
MATR_b4c10,1082,1082,0,False,1.0653445797202834,1.0623960188811195,False,0.1853445797202833,False,872.0,1.0653445797202834,872.0,False,892.0,False,872.0,0.0036603368298397942,True,0.0065665573983355605,0.0011898799276586277,0.0011797989787979521,rollover,1.0,2.0,0.0011687074914085236,iso05_rc,MATR
MATR_b4c11,930,930,0,False,1.0624336871794906,1.0597364818181818,False,0.1824336871794905,False,863.0,1.0624336871794906,863.0,False,885.0,False,863.0,0.003173011188814634,True,0.006721897731311904,0.001700561768061895,0.0016858998775196447,rollover,0.0,1.0,0.0021017178139312712,iso05_rc,MATR
MATR_b4c12,898,898,0,False,1.0614887398601434,1.058254244755244,False,0.18148873986014324,False,818.0,1.0614887398601434,818.0,False,836.0,False,818.0,0.0036902930069973028,True,0.006357707730239012,0.001449546566795172,0.001439264481190053,rollover,0.0,1.0,0.0017686760488815525,iso05_rc,MATR
MATR_b4c13,869,869,0,False,1.0700591214452249,1.0661404741258744,False,0.19005912144522474,False,771.0,1.0700591214452249,771.0,False,785.0,False,771.0,0.004846282750586184,True,0.0064811111854095015,0.0015610391669038447,0.001554263928419143,rollover,0.0,1.0,0.001915016001789753,iso05_rc,MATR
MATR_b4c14,767,767,0,False,1.0639097081585116,1.060804648251748,False,0.1839097081585115,False,607.0,1.0639097081585116,607.0,False,624.0,False,607.0,0.003603484615388508,True,0.005724028108718889,0.0009401926083263276,0.0009393076874300861,rollover,1.0,2.0,0.0008032580313611132,iso05_rc,MATR
MATR_b4c15,871,871,0,False,1.065459961538465,1.0620670734265738,False,0.1854599615384649,False,675.0,1.065459961538465,675.0,False,692.0,False,675.0,0.003865900233103403,True,0.00558650167165323,0.0011389754553424634,0.001136353120233545,rollover,1.0,1.0,0.0012189447899009476,iso05_rc,MATR
MATR_b4c16,983,983,0,False,1.0595014342657378,1.0569953510489507,False,0.17950143426573772,False,909.0,1.0595014342657378,909.0,False,932.0,False,909.0,0.003037995104899105,True,0.006469876768230031,0.0010759098515780458,0.0010640323504618407,rollover,1.0,2.0,0.0010241702873559468,iso05_rc,MATR
MATR_b4c17,930,930,0,False,1.0420506741258775,1.039900321678322,False,0.16205067412587737,False,828.0,1.0420506741258775,828.0,False,861.0,False,828.0,0.0024499829836861498,True,0.006584991415893078,0.0016991981605090694,0.00167714070766025,rollover,0.0,1.0,0.0020504554474385034,iso05_rc,MATR
MATR_b4c18,1057,1057,0,False,1.0539252766899803,1.0511627727272728,False,0.17392527668998015,False,906.0,1.0539252766899803,906.0,False,932.0,False,906.0,0.0030276801864834724,True,0.0063985794067626936,0.0011926073489657656,0.0011757766129621358,rollover,0.0,1.0,0.0013440192714710777,iso05_rc,MATR
MATR_b4c19,1111,1111,0,False,1.052456878554782,1.050356,False,0.17245687855478198,False,991.0,1.052456878554782,991.0,False,1019.0,False,991.0,0.0024644100233135458,True,0.0056457691104313664,0.0007184462751476646,0.0007077960795686197,rollover,0.0,1.0,0.0008173318242390118,iso05_rc,MATR
MATR_b4c2,784,784,0,False,1.0551414538461572,1.0530369195804197,False,0.1751414538461571,False,742.0,1.0551414538461572,742.0,False,762.0,False,742.0,0.0024571475524510777,True,0.004546039675365708,0.0006596539895681191,0.0006613658588643761,two_term_exponential,0.0,2.0,0.0005531980217362146,iso05_rc,MATR
MATR_b4c20,804,804,0,False,1.0465396209790245,1.0451952293706295,False,0.16653962097902442,False,747.0,1.0465396209790245,747.0,False,777.0,False,747.0,0.0014810575757608913,True,0.0044436914073436124,0.0005892500577836352,0.0005946933548676561,two_term_exponential,0.0,3.0,0.0003951955639967848,iso05_rc,MATR
MATR_b4c21,903,903,0,False,1.0588875426573463,1.0555788748251749,False,0.1788875426573462,False,773.0,1.0588875426573463,773.0,False,793.0,False,773.0,0.004013665268068678,True,0.005951678505600051,0.0016454728843821687,0.0016389061196470719,rollover,0.0,1.0,0.0019473055225458075,iso05_rc,MATR
MATR_b4c22,745,745,0,False,1.0530028200466235,1.050904304195804,False,0.17300282004662337,False,671.0,1.0530028200466235,671.0,False,686.0,False,671.0,0.0021631058275095594,True,0.007060705225042701,0.0011431665390889507,0.0011322935054651775,rollover,0.0,1.0,0.0014615863317161647,iso05_rc,MATR
MATR_b4c23,1094,1094,0,False,1.0510903447552484,1.0485054608391606,False,0.1710903447552483,False,1038.0,1.0510903447552484,1038.0,False,1067.0,False,1038.0,0.0030473564102599937,True,0.0066361844381582005,0.0011535922771385555,0.0011398278689695497,rollover,1.0,1.0,0.0012513988888035914,iso05_rc,MATR
MATR_b4c24,1115,1115,0,False,1.0482384519813555,1.0458418146853148,False,0.16823845198135534,False,988.0,1.0482384519813555,988.0,False,1015.0,False,988.0,0.002822114918418217,True,0.005685828960346906,0.0013159160910600598,0.001300400071260342,rollover,0.0,1.0,0.001435632432932164,iso05_rc,MATR
MATR_b4c25,567,567,0,False,1.0380228752913787,1.0335345314685318,False,0.1580228752913786,False,453.0,1.0380228752913787,453.0,False,469.0,False,453.0,0.005185637296040602,True,0.0057084228487849714,0.0021582270841651392,0.0018886123140177602,rollover,0.0,1.0,0.0022558630203597806,iso05_rc,MATR
MATR_b4c26,579,579,0,False,1.0399363034965068,1.036695497902098,False,0.15993630349650667,False,476.0,1.0399363034965068,476.0,False,490.0,False,476.0,0.0035372270396305527,True,0.006333804142164166,0.0010964714693339603,0.0008943760266057568,rollover,0.0,1.0,0.000975226751526571,iso05_rc,MATR
MATR_b4c27,563,563,0,False,1.040699822610726,1.0370675300699301,False,0.1606998226107259,False,500.0,1.040699822610726,500.0,False,516.0,False,500.0,0.004057171794875192,True,0.00652403724316756,0.0017056887202849637,0.00143011090563221,rollover,0.0,1.0,0.0017469051860765136,iso05_rc,MATR
MATR_b4c28,882,882,0,False,1.0677705811188847,1.0648732020979021,False,0.18777058111888456,False,828.0,1.0677705811188847,828.0,False,842.0,False,828.0,0.0032472461538495256,True,0.007226957869583219,0.0015935972405577916,0.0015790872176654623,rollover,0.0,1.0,0.0019228796666134204,iso05_rc,MATR
MATR_b4c29,956,956,0,False,1.0679211440559477,1.0661259342657345,False,0.18792114405594762,False,887.0,1.0679211440559477,887.0,False,906.0,False,887.0,0.0019203792540825049,True,0.005583782427400236,0.0009402140968276228,0.0005466241250048321,rollover,0.0,1.0,0.000565951338152023,iso05_rc,MATR
MATR_b4c3,911,911,0,False,1.0503911792540828,1.047303211188811,False,0.17039117925408265,False,776.0,1.0503911792540828,776.0,False,802.0,False,776.0,0.003944544522148208,True,0.004934076082768051,0.0012071296712241155,0.0010716764364271615,rollover,0.0,2.0,0.0012675796403205841,iso05_rc,MATR
MATR_b4c30,719,719,0,False,1.0527116300699335,1.0496495146853149,False,0.1727116300699334,False,615.0,1.0527116300699335,615.0,False,637.0,False,615.0,0.003480945920749434,True,0.002821549158268611,0.0006302581490582911,0.0006647567860901395,two_term_exponential,0.0,2.0,0.000503458503474853,iso05_rc,MATR
MATR_b4c31,832,832,0,False,1.0549789177156212,1.0520586062937067,False,0.17497891771562113,False,559.0,1.0549789177156212,559.0,False,572.0,False,559.0,0.003303796736599862,True,0.007270956928191654,0.0015196469940024963,0.0014919365450094554,rollover,0.0,1.0,0.0018427233744846483,iso05_rc,MATR
MATR_b4c32,839,839,0,False,1.0581061755244792,1.054960655244755,False,0.17810617552447905,False,754.0,1.0581061755244792,754.0,False,772.0,False,754.0,0.0035979379953419155,True,0.006296569607399216,0.0014188770384132119,0.001412016113452114,rollover,0.0,1.0,0.0016403383522669108,iso05_rc,MATR
MATR_b4c33,530,530,0,False,1.0669113020979055,1.0642750510489507,False,0.1869113020979054,False,505.0,1.0669113020979055,505.0,False,515.0,False,505.0,0.0028962447552487447,True,0.0069351342212165,0.0011448105946144976,0.001140120928156522,rollover,0.0,1.0,0.00148823135779714,iso05_rc,MATR
MATR_b4c34,997,997,0,False,1.05235826620047,1.0504179951048953,False,0.1723582662004699,False,891.0,1.05235826620047,891.0,False,923.0,False,891.0,0.0024375335664368336,True,0.006220794302679714,0.0013392442096849342,0.0013109000664752381,rollover,0.0,1.0,0.0016649227095146505,iso05_rc,MATR
MATR_b4c35,1131,1130,1,False,1.056639127505831,1.0540411398601397,False,0.176639127505831,False,1081.0,1.056639127505831,1081.0,False,1099.0,False,1081.0,0.0029066205128243094,True,0.006470513290156202,0.0014962775065224061,0.0014693239171989774,rollover,0.0,2.0,0.0016606297069613107,iso05_rc,MATR
MATR_b4c36,713,713,0,False,1.0616686277389311,1.0592293293706292,False,0.181668627738931,False,599.0,1.0616686277389311,599.0,False,610.0,False,599.0,0.002683818181822062,True,0.00787828630730682,0.0015744926651212027,0.0014047621959219817,rollover,0.0,1.0,0.0016773231121406974,iso05_rc,MATR
MATR_b4c37,1005,1005,0,False,1.0455237580419616,1.043350413986014,False,0.1655237580419615,False,863.0,1.0455237580419616,863.0,False,895.0,False,863.0,0.002662749650353291,True,0.006369322038523461,0.001455686045854855,0.0014325118111488816,rollover,0.0,1.0,0.0017955266839890516,iso05_rc,MATR
MATR_b4c38,1230,1228,2,False,1.0606286228438264,1.0576380356643362,False,0.1806286228438263,False,1163.0,1.0606286228438264,1163.0,False,1209.0,False,1163.0,0.0032705072261101087,True,0.006706091188303748,0.0023957271965406287,0.001757197265191241,rollover,1.0,2.0,0.0016958546932177333,iso05_rc,MATR
MATR_b4c39,761,761,0,False,1.0503610109557144,1.048786210489511,False,0.17036101095571432,False,738.0,1.0503610109557144,738.0,False,758.0,False,738.0,0.001856238228441276,True,0.005066767316246741,0.0008080454932280276,0.0008087225506416912,two_term_exponential,0.0,1.0,0.000914384585921285,iso05_rc,MATR
MATR_b4c4,912,912,0,False,1.043819155477859,1.0407009482517482,False,0.16381915547785897,False,656.0,1.043819155477859,656.0,False,671.0,False,656.0,0.0036274692307729506,True,0.006752710622062153,0.0012244260726748221,0.001213998213611278,rollover,0.0,2.0,0.0010954693816518455,iso05_rc,MATR
MATR_b4c40,1122,1120,2,False,1.0615463748251783,1.0587760999999998,False,0.18154637482517821,False,1087.0,1.0615463748251783,1087.0,False,1114.0,False,1087.0,0.0028605006993043247,True,0.006013188683157193,0.0008328250506282077,0.0008212787398172518,rollover,1.0,3.0,0.000750711198067401,iso05_rc,MATR
MATR_b4c41,997,997,0,False,1.0598268030303066,1.056504441958042,False,0.17982680303030651,False,836.0,1.0598268030303066,836.0,False,855.0,False,836.0,0.0041475160839195,True,0.0061598197626331445,0.0010671465362130615,0.0010621183105333448,rollover,0.0,1.0,0.001229519986810019,iso05_rc,MATR
MATR_b4c42,915,915,0,False,1.0536113097902133,1.0498088517482516,False,0.17361130979021322,False,774.0,1.0536113097902133,774.0,False,796.0,False,774.0,0.004643119347323088,True,0.005255094792285274,0.0015771697584813504,0.0015743896942836675,rollover,0.0,1.0,0.0018560776343816575,iso05_rc,MATR
MATR_b4c43,951,951,0,False,1.0452423538461573,1.0417850251748255,False,0.16524235384615715,False,750.0,1.0452423538461573,750.0,False,776.0,False,750.0,0.004425621911425148,True,0.00416049583881414,0.000921714278330213,0.0009254240156105973,two_term_exponential,0.0,1.0,0.0009313401513735576,iso05_rc,MATR
MATR_b4c44,1077,1077,0,False,1.0468874552447587,1.0442802209790212,False,0.16688745524475856,False,942.0,1.0468874552447587,942.0,False,971.0,False,942.0,0.0037300848484882465,True,0.00543450380752728,0.0010370302643256417,0.0010301177048101329,rollover,0.0,1.0,0.0009544463624338008,iso05_rc,MATR
MATR_b4c5,1067,1067,0,False,1.0406355279720314,1.0371364944055947,False,0.1606355279720313,False,913.0,1.0406355279720314,913.0,False,946.0,False,913.0,0.004097148484851543,True,0.006285256209297054,0.0008732718817742688,0.0008612886907694819,rollover,1.0,1.0,0.0007193762728348844,iso05_rc,MATR
MATR_b4c6,777,777,0,False,1.0389391170163205,1.0366549664335667,False,0.15893911701632035,False,706.0,1.0389391170163205,706.0,False,734.0,False,706.0,0.0027680034965065214,True,0.004547249188151209,0.0006711662625496334,0.0006689108293460838,rollover,0.0,1.0,0.0006281953172097975,iso05_rc,MATR
MATR_b4c7,562,562,0,False,1.055836097435901,1.052066612587412,False,0.17583609743590078,False,529.0,1.055836097435901,529.0,False,540.0,False,529.0,0.0042773032634073616,True,0.007668534531733741,0.0016781572108380035,0.0014761220120464125,rollover,0.0,1.0,0.001512289494799876,iso05_rc,MATR
MATR_b4c8,718,718,0,False,1.0525906289044324,1.0492364678321682,False,0.17259062890443233,False,677.0,1.0525906289044324,677.0,False,698.0,False,677.0,0.004089390209793375,True,0.0035040456187743637,0.0009887108442479262,0.0009980909933189333,two_term_exponential,0.0,1.0,0.0008630436493612554,iso05_rc,MATR
MATR_b4c9,529,529,0,False,1.0619765706293742,1.0583291783216786,False,0.1819765706293741,False,442.0,1.0619765706293742,442.0,False,455.0,False,442.0,0.004051334265737561,True,0.006360651277566114,0.0014018694979686908,0.0013558974565608,rollover,1.0,2.0,0.0012552517032505455,iso05_rc,MATR
HUST_1-1,1504,1504,0,False,1.1740283473193478,1.1740283473193478,False,0.2940283473193477,False,1504.0,1.1740283473193478,1504.0,False,1348.0,False,1504.0,0.00011768443408444185,True,0.0031110560779734646,0.0022605028631307155,0.0008093494449010704,rollover,2.0,0.0,0.000830922256103786,none,HUST
HUST_1-2,2678,2678,0,False,1.2053069067599071,1.2053069067599071,False,0.32530690675990703,False,2678.0,1.2053069067599071,2678.0,False,2246.0,False,2678.0,0.00011287334887333245,True,0.004374327866014931,0.0026230733016414072,0.0013429915963960493,rollover,1.0,0.0,0.0020887007127626087,none,HUST
HUST_1-3,1858,1858,0,False,1.1827078635068675,1.163728174980576,True,0.3027078635068674,False,1858.0,1.1827078635068675,1858.0,False,1693.0,False,1858.0,0.023812598497801485,False,0.0050613037339029094,0.0032854430565665855,0.0015490557390979934,rollover,3.0,1.0,0.0010297028129047973,none,HUST
HUST_1-4,1500,1500,0,False,1.1819039394457433,1.1642979376845377,True,0.30190393944574323,False,1500.0,1.1819039394457433,1500.0,False,1356.0,False,1500.0,0.022797525097129068,False,0.00559647313473896,0.0045620400290957465,0.002065043452896572,rollover,2.0,1.0,0.0014397623222747909,none,HUST
HUST_1-5,1971,1971,0,False,1.175808510075114,1.1572136085470088,True,0.295808510075114,False,1971.0,1.175808510075114,1971.0,False,1799.0,False,1971.0,0.023469072830876403,False,0.0023156402245399113,0.0015803458784318042,0.001594872166946353,two_term_exponential,2.0,1.0,0.0013272736899553785,none,HUST
HUST_1-6,1143,1143,0,False,1.2031721841491843,1.2031721841491843,False,0.32317218414918414,False,1143.0,1.2031721841491843,1143.0,False,963.0,False,1143.0,0.0,True,0.004244644705223111,0.0020721737432034815,0.001106858020008766,rollover,1.0,0.0,0.000968801548381975,none,HUST
HUST_1-7,1678,1678,0,False,1.1857813594405595,1.1857813594405595,False,0.3057813594405594,False,1678.0,1.1857813594405595,1678.0,False,1481.0,False,1678.0,0.00010537663817666854,True,0.003653662858037124,0.002363957474558733,0.0007775025243240545,rollover,2.0,0.0,0.0008234893293110246,none,HUST
HUST_1-8,2285,2285,0,False,1.190939220823621,1.190939220823621,False,0.3109392208236208,False,2285.0,1.190939220823621,2285.0,False,1976.0,False,2285.0,0.0027153061383060617,True,0.003047721216732706,0.001569478033762113,0.0007684805442853117,rollover,2.0,0.0,0.0008691852032407983,none,HUST
HUST_10-1,1702,1702,0,False,1.174714499300699,1.174714499300699,False,0.29471449930069893,False,1702.0,1.174714499300699,1702.0,False,1538.0,False,1702.0,0.00010840326340333384,True,0.003978773218251691,0.002089369305053742,0.0007729923474831308,rollover,2.0,0.0,0.0008256476443682517,none,HUST
HUST_10-2,1697,1697,0,False,1.1999069484071525,1.1851868362082365,True,0.3199069484071524,False,1697.0,1.1999069484071525,1697.0,False,1540.0,False,1697.0,0.015762449210052987,False,0.00601252510109419,0.0011833202922932543,0.0009487409671569683,rollover,1.0,1.0,0.0008209307759795678,none,HUST
HUST_10-3,1848,1848,0,False,1.181921724320124,1.181921724320124,False,0.301921724320124,False,1848.0,1.181921724320124,1848.0,False,1662.0,False,1848.0,0.00010580668220683265,True,0.004440798786494005,0.001829632856693215,0.0007005828647455574,rollover,2.0,16.0,0.0004918935094618849,none,HUST
HUST_10-4,1811,1811,0,False,1.1956806434602472,1.1792975931623932,True,0.31568064346024705,False,1811.0,1.1956806434602472,1811.0,False,1650.0,False,1811.0,0.019325626780630767,False,0.005538495324869016,0.002041576073976145,0.0010904803991309314,rollover,2.0,1.0,0.0005894755461576822,none,HUST
HUST_10-5,2030,2030,0,False,1.1973988891996932,1.180147335353535,True,0.31739888919969306,False,2030.0,1.1973988891996932,2030.0,False,1846.0,False,2030.0,0.020251699248903687,False,0.005335045628267943,0.0016728051314208092,0.0011157080560320392,rollover,2.0,1.0,0.0007097726708410969,none,HUST
HUST_10-6,2285,2285,0,False,1.2318836186480187,1.2318836186480187,False,0.35188361864801854,False,2285.0,1.2318836186480187,2285.0,False,1880.0,False,2285.0,0.00010416327376328027,True,0.004333719153681321,0.0036382064635724727,0.0008199959944094265,rollover,2.0,0.0,0.0010496813989533057,none,HUST
HUST_10-7,1783,1783,0,False,1.1974141228179267,1.1808558988344986,True,0.3174141228179266,False,1783.0,1.1974141228179267,1783.0,False,1610.0,False,1783.0,0.01936073411033834,False,0.0045553482397719105,0.0018498348765418316,0.0011038952206566947,rollover,2.0,1.0,0.0005162817481839776,none,HUST
HUST_10-8,1400,1400,0,False,1.1863510301476308,1.1863510301476308,False,0.30635103014763065,False,1400.0,1.1863510301476308,1400.0,False,1239.0,False,1400.0,0.00010737886557898868,True,0.003481714476974457,0.0026938112933968692,0.0007732145613744914,rollover,2.0,13.0,0.0006191034464174646,none,HUST
HUST_2-2,2651,2651,0,False,1.2212242557886563,1.2212242557886563,False,0.3412242557886562,False,2651.0,1.2212242557886563,2651.0,False,2286.0,False,2651.0,0.00011839808339808577,True,0.006556739858443381,0.002453797721064083,0.0011180180061857745,rollover,1.0,14.0,0.0007786341418870371,none,HUST
HUST_2-3,1751,1751,0,False,1.1844303394457434,1.166800254856255,True,0.30443033944574327,False,1751.0,1.1844303394457434,1751.0,False,1581.0,False,1751.0,0.022209645739449613,False,0.005082390105927401,0.004138850826236221,0.0018391900760430836,rollover,1.0,1.0,0.00144449564476976,none,HUST
HUST_2-4,1499,1499,0,False,1.1839517055167053,1.1839517055167053,False,0.30395170551670514,False,1499.0,1.1839517055167053,1499.0,False,1322.0,False,1499.0,0.00010137498057516403,True,0.002983542775301434,0.0017126169910831846,0.0007840824942766457,rollover,1.0,14.0,0.0006351249245177407,none,HUST
HUST_2-5,1386,1386,0,False,1.177056308987313,1.1578954442890443,True,0.29705630898731283,False,1386.0,1.177056308987313,1386.0,False,1256.0,False,1386.0,0.022204089873093746,False,0.0026182540969753513,0.0021181608598274115,0.0015354230197223684,rollover,4.0,1.0,0.0004209817828342284,none,HUST
HUST_2-6,1572,1572,0,False,1.192580784097388,1.1730249822843828,True,0.312580784097388,False,1572.0,1.192580784097388,1572.0,False,1437.0,False,1572.0,0.022599176689980238,False,0.005833187590299672,0.0024759003396534135,0.0016344818796724028,rollover,4.0,1.0,0.0010633144263456225,none,HUST
HUST_2-7,2202,2202,0,False,1.1984368495208537,1.1806023507381505,True,0.3184368495208536,False,2202.0,1.1984368495208537,2202.0,False,2004.0,False,2202.0,0.0201974065268109,False,0.0061047779148980805,0.002026580208906992,0.0011959884001253081,rollover,2.0,23.0,0.0006964628905548574,none,HUST
HUST_2-8,1481,1481,0,False,1.1785668376068377,1.1785668376068377,False,0.29856683760683755,False,1481.0,1.1785668376068377,1481.0,False,1328.0,False,1481.0,0.00010431546231526312,True,0.0038767516488012518,0.002126057612833884,0.0009600886557326741,rollover,1.0,0.0,0.0013084140943429754,none,HUST
HUST_3-1,1938,1938,0,False,1.1977781796425837,1.181669508313908,True,0.3177781796425836,False,1938.0,1.1977781796425837,1938.0,False,1752.0,False,1938.0,0.01870071577312027,False,0.0052357743294607784,0.0014752454288231964,0.001208657972915191,rollover,2.0,1.0,0.0012129277141371307,none,HUST
HUST_3-2,2283,2283,0,False,1.199377555037559,1.185415952447553,True,0.3193775550375588,False,2283.0,1.199377555037559,2283.0,False,2024.0,False,2283.0,0.015819955918159545,False,0.003949040561223084,0.001347818789247112,0.0010846076144455704,rollover,2.0,1.0,0.0009534177685352117,none,HUST
HUST_3-3,1649,1649,0,False,1.1889586590520629,1.1734822672882674,True,0.30895865905206277,False,1649.0,1.1889586590520629,1649.0,False,1510.0,False,1649.0,0.017042875783479516,False,0.006043516210271163,0.0016053159426928155,0.0011428108584699828,rollover,3.0,1.0,0.0007347452160448526,none,HUST
HUST_3-4,1766,1766,0,False,1.1735509308469312,1.1735509308469312,False,0.29355093084693107,False,1766.0,1.1735509308469312,1766.0,False,1592.0,False,1766.0,0.00010714763014796347,True,0.0033969198756294222,0.00173458247237894,0.0010435777024794112,rollover,2.0,1.0,0.0010441330715591393,none,HUST
HUST_3-5,2657,2657,0,False,1.2291144727272725,1.2291144727272725,False,0.34911447272727236,False,2657.0,1.2291144727272725,2657.0,False,2142.0,False,2657.0,0.0002641980315982728,True,0.004745149931591998,0.0038971952217785157,0.0012201802366653026,rollover,3.0,0.0,0.001657605372094037,none,HUST
HUST_3-6,2491,2491,0,False,1.1943579345247384,1.1792669003885003,True,0.31435793452473826,False,2491.0,1.1943579345247384,2491.0,False,2230.0,False,2491.0,0.017071739342143566,False,0.004872050423609852,0.0018516904725192507,0.0010648468437539464,rollover,2.0,1.0,0.0009679296041221224,none,HUST
HUST_3-7,2479,2479,0,False,1.170896992385392,1.170896992385392,False,0.2908969923853919,False,2479.0,1.170896992385392,2479.0,False,2155.0,False,2479.0,0.00013696156436138196,True,0.0036594831225226308,0.003351045526500221,0.0011445148444120387,rollover,1.0,0.0,0.0016013437258496153,none,HUST
HUST_3-8,2342,2342,0,False,1.2128649951825992,1.1982728158508156,True,0.33286499518259904,False,2342.0,1.2128649951825992,2342.0,False,2086.0,False,2342.0,0.01585685936286363,False,0.006064742691801188,0.0014081759510901639,0.001067228541662833,rollover,2.0,1.0,0.0009270181947284732,none,HUST
HUST_4-1,2217,2217,0,False,1.1820940974358976,1.1820940974358976,False,0.30209409743589744,False,2217.0,1.1820940974358976,2217.0,False,1996.0,False,2217.0,0.00010578186998166927,True,0.005571988412451025,0.0009247397770666484,0.0008766794804968303,rollover,1.0,0.0,0.0012179980110613648,none,HUST
HUST_4-2,1782,1782,0,False,1.1953833126133167,1.1797019522921528,True,0.31538331261331654,False,1782.0,1.1953833126133167,1782.0,False,1617.0,False,1782.0,0.01745830054390396,False,0.00501411592830164,0.0019356590154439193,0.0010530926486834078,rollover,2.0,1.0,0.0005848918380739981,none,HUST
HUST_4-3,1142,1142,0,False,1.1755608912198914,1.1755608912198914,False,0.29556089121989126,False,1142.0,1.1755608912198914,1142.0,False,1040.0,False,1142.0,0.00010366827246821586,True,0.0033895873522468093,0.0021212544547366432,0.0008134213992904227,rollover,2.0,0.0,0.0007494281729743244,none,HUST
HUST_4-4,1491,1491,0,False,1.1713454265734264,1.1713454265734264,False,0.2913454265734263,False,1491.0,1.1713454265734264,1491.0,False,1351.0,False,1491.0,0.00010793291893307355,True,0.0031875878912668906,0.00205985268408441,0.0007874464397215071,rollover,2.0,10.0,0.0005892468429648313,none,HUST
HUST_4-5,1561,1561,0,False,1.1944593763791764,1.1944593763791764,False,0.3144593763791763,False,1561.0,1.1944593763791764,1561.0,False,1372.0,False,1561.0,0.00011509230769291001,True,0.0037017801649690987,0.002507920697669106,0.0007497773699317827,rollover,1.0,9.0,0.0004932067870039833,none,HUST
HUST_4-6,1380,1380,0,False,1.1703703546231548,1.1703703546231548,False,0.29037035462315464,False,1380.0,1.1703703546231548,1380.0,False,1244.0,False,1380.0,9.907075887083394e-05,True,0.0030639465846759657,0.0018016925179186979,0.0007524791646664324,rollover,2.0,14.0,0.0005933687921985735,none,HUST
HUST_4-7,2216,2216,0,False,1.2279596658896657,1.2279596658896657,False,0.34795966588966554,False,2216.0,1.2279596658896657,2216.0,False,1805.0,False,2216.0,0.00010496348096356023,True,0.003926709264001348,0.0036980423778623156,0.0009743417997182521,rollover,1.0,0.0,0.0014271762435735863,none,HUST
HUST_4-8,1706,1706,0,False,1.1990569747733786,1.180763662004662,True,0.31905697477337847,False,1706.0,1.1990569747733786,1706.0,False,1542.0,False,1706.0,0.02147210002590416,False,0.004622436782478222,0.0022521176067018295,0.0014270729680419894,rollover,5.0,1.0,0.0010422649026162933,none,HUST
HUST_5-1,2507,2507,0,False,1.2056354057498062,1.2056354057498062,False,0.3256354057498061,False,2507.0,1.2056354057498062,2507.0,False,2104.0,False,2507.0,0.00019157984977979936,True,0.003986639488101447,0.0020814662085844758,0.0011685793650375623,rollover,1.0,0.0,0.0017391297514726836,none,HUST
HUST_5-2,1926,1926,0,False,1.1866618963481002,1.169755575757576,True,0.30666189634810004,False,1926.0,1.1866618963481002,1926.0,False,1752.0,False,1926.0,0.022885064832948387,False,0.004462202447373381,0.0023459719625461466,0.0014794174627124558,rollover,4.0,1.0,0.0007440499940933416,none,HUST
HUST_5-3,2689,2689,0,False,1.2017634859362858,1.2017634859362858,False,0.3217634859362857,False,2689.0,1.2017634859362858,2689.0,False,2306.0,False,2689.0,0.00037398010877987,True,0.00512988442739173,0.002114372914223176,0.0010618847926295194,rollover,1.0,0.0,0.0012987964649308864,none,HUST
HUST_5-4,1962,1962,0,False,1.179970822843823,1.179970822843823,False,0.2999708228438229,False,1962.0,1.179970822843823,1962.0,False,1715.0,False,1962.0,0.0002352814814809978,True,0.0035683018718740216,0.003271856982946947,0.0012147934143881592,rollover,1.0,0.0,0.0018272834202797033,none,HUST
HUST_5-5,1583,1583,0,False,1.1865113972028012,1.1715438983682986,True,0.3065113972028011,False,1583.0,1.1865113972028012,1583.0,False,1416.0,False,1583.0,0.01985691841492221,False,0.0027472989315013787,0.0021505880648765366,0.0014001667712583254,rollover,2.0,11.0,0.00036050345510225024,none,HUST
HUST_5-6,2460,2460,0,False,1.2032417255633254,1.2032417255633254,False,0.3232417255633253,False,2460.0,1.2032417255633254,2460.0,False,2069.0,False,2460.0,0.00010938741258748053,True,0.004171990973151257,0.0024197708840336804,0.0010157981332071533,rollover,1.0,0.0,0.0014486246183775583,none,HUST
HUST_5-7,1448,1448,0,False,1.1768484141414142,1.1768484141414142,False,0.29684841414141405,False,1448.0,1.1768484141414142,1448.0,False,1311.0,False,1448.0,0.00010441688681672723,True,0.0035325386678197036,0.002040169740180231,0.0008429149695304144,rollover,1.0,0.0,0.0007877903815497554,none,HUST
HUST_6-1,1609,1609,0,False,1.17404611981352,1.17404611981352,False,0.2940461198135198,False,1609.0,1.17404611981352,1609.0,False,1425.0,False,1609.0,0.00013384542864547377,True,0.002905489490969291,0.00189416842018054,0.0008745559350200061,rollover,1.0,0.0,0.001034709466579236,none,HUST
HUST_6-2,1908,1908,0,False,1.1987315846153885,1.1819873560217562,True,0.3187315846153884,False,1908.0,1.1987315846153885,1908.0,False,1694.0,False,1908.0,0.023327896762500577,False,0.0034533277880954122,0.0025405698245267675,0.001457637883781195,rollover,4.0,2.0,0.00041932125303910394,none,HUST
HUST_6-3,1804,1804,0,False,1.194666576793581,1.1791560001554002,True,0.3146665767935808,False,1804.0,1.194666576793581,1804.0,False,1605.0,False,1804.0,0.018911816835020856,False,0.004734815687212177,0.0030416761288935617,0.001506502971980534,rollover,1.0,1.0,0.001414310309781967,none,HUST
HUST_6-4,1717,1717,0,False,1.1777274068376067,1.1777274068376067,False,0.29772740683760657,False,1717.0,1.1777274068376067,1717.0,False,1521.0,False,1717.0,0.00010546117586129888,True,0.002690640242753236,0.0017599738994803628,0.0007792321635935192,rollover,1.0,7.0,0.00047997853696612466,none,HUST
HUST_6-5,2178,2178,0,False,1.1853468556332556,1.1853468556332556,False,0.3053468556332555,False,2178.0,1.1853468556332556,2178.0,False,1915.0,False,2178.0,0.00015767645687647658,True,0.0039979750478264554,0.0017784006876101009,0.0005525350287244196,rollover,2.0,7.0,0.0004099760851147328,none,HUST
HUST_6-6,2468,2468,0,False,1.1848687725459766,1.1712826786324784,True,0.30486877254597644,False,2468.0,1.1848687725459766,2468.0,False,2197.0,False,2468.0,0.021440608712772535,False,0.0033193023667187297,0.001979044185810051,0.0013767635356486192,rollover,2.0,1.0,0.0006812515175212979,none,HUST
HUST_6-8,2450,2450,0,False,1.2062976310800315,1.2062976310800315,False,0.3262976310800314,False,2450.0,1.2062976310800315,2450.0,False,1992.0,False,2450.0,0.00010263791763787111,True,0.004406734785321862,0.00356547325641721,0.0011669059161651652,rollover,2.0,16.0,0.000912375656802864,none,HUST
HUST_7-1,1690,1690,0,False,1.1825962915306916,1.1825962915306916,False,0.30259629153069145,False,1690.0,1.1825962915306916,1690.0,False,1494.0,False,1690.0,0.00010325366485353094,True,0.0031897492384779513,0.0017266298778930264,0.0007821018868214416,rollover,2.0,0.0,0.0007851643330912674,none,HUST
HUST_7-2,2030,2030,0,False,1.2004356013986055,1.190936596114996,False,0.3204356013986054,False,2030.0,1.2004356013986055,2030.0,False,1845.0,False,2030.0,0.009499005283609474,True,0.0067148717834883895,0.001015820248541752,0.0010089782302815813,rollover,2.0,1.0,0.001004672269090676,none,HUST
HUST_7-3,1295,1295,0,False,1.170555916550117,1.170555916550117,False,0.2905559165501168,False,1295.0,1.170555916550117,1295.0,False,1177.0,False,1295.0,0.00011200000000011201,True,0.0033293975250438543,0.0019823476966253878,0.0008104534584352484,rollover,2.0,0.0,0.000971957482646361,none,HUST
HUST_7-4,1393,1393,0,False,1.172528566122766,1.172528566122766,False,0.2925285661227659,False,1393.0,1.172528566122766,1393.0,False,1270.0,False,1393.0,0.00011011893291912322,True,0.0032730743526004093,0.00198502579775977,0.0008186765009008835,rollover,2.0,0.0,0.0009896802380444508,none,HUST
HUST_7-5,1873,1873,0,False,1.1975136004144047,1.183109502874903,True,0.3175136004144046,False,1873.0,1.1975136004144047,1873.0,False,1709.0,False,1873.0,0.0157702706552747,False,0.0056135560260329185,0.0014950684578073793,0.0007959786153722773,rollover,3.0,9.0,0.00045580807801418825,none,HUST
HUST_7-6,1419,1419,0,False,1.174396781973582,1.174396781973582,False,0.294396781973582,False,1419.0,1.174396781973582,1419.0,False,1293.0,False,1419.0,0.00011099740999753749,True,0.003712058574638722,0.0024414663674964454,0.0007087281961693946,rollover,2.0,10.0,0.000565667605148234,none,HUST
HUST_7-7,1685,1685,0,False,1.174172407770008,1.174172407770008,False,0.29417240777000786,False,1685.0,1.174172407770008,1685.0,False,1528.0,False,1685.0,0.00010763242683231589,True,0.0035901084758494864,0.001905621055686896,0.0007070187484508603,rollover,2.0,9.0,0.0005202523859257138,none,HUST
HUST_7-8,1938,1938,0,False,1.1975598337218376,1.1805525227661233,True,0.3175598337218375,False,1938.0,1.1975598337218376,1938.0,False,1754.0,False,1938.0,0.019969630044033515,False,0.003963941405769886,0.0018146751215064004,0.0011202831351315014,rollover,2.0,1.0,0.0007721573123817625,none,HUST
HUST_8-1,1308,1308,0,False,1.1758087916083915,1.1758087916083915,False,0.29580879160839135,False,1308.0,1.1758087916083915,1308.0,False,1182.0,False,1308.0,0.00010655006475013273,True,0.0031584180196300242,0.0022111604590713276,0.0006734985301753084,rollover,2.0,8.0,0.0006056750192503354,none,HUST
HUST_8-2,2041,2041,0,False,1.2005362913752917,1.2005362913752917,False,0.3205362913752916,False,2041.0,1.2005362913752917,2041.0,False,1760.0,False,2041.0,0.00011262833462843957,True,0.005708441672705648,0.0033064035421917965,0.0009110576057371732,rollover,2.0,0.0,0.0011791976109855433,none,HUST
HUST_8-3,2290,2290,0,False,1.19608527588708,1.1845108371406374,True,0.3160852758870798,False,2290.0,1.19608527588708,2290.0,False,2062.0,False,2290.0,0.014730436850560746,False,0.004735566231493343,0.0014922035089388933,0.0009769049656314865,rollover,3.0,5.0,0.0006611186315472783,none,HUST
HUST_8-4,1885,1885,0,False,1.17896295959596,1.17896295959596,False,0.29896295959596,False,1885.0,1.17896295959596,1885.0,False,1691.0,False,1885.0,0.00011374524734542035,True,0.003712348897723697,0.002186661501705967,0.000768678031165097,rollover,1.0,0.0,0.0009097867228754578,none,HUST
HUST_8-5,1348,1348,0,False,1.171830412898213,1.171830412898213,False,0.291830412898213,False,1348.0,1.171830412898213,1348.0,False,1217.0,False,1348.0,0.00010896301476281955,True,0.0027923606885220872,0.0022723242157649355,0.0007711696998210732,rollover,1.0,0.0,0.0008158683238064702,none,HUST
HUST_8-6,2365,2365,0,False,1.2207024501942507,1.2207024501942507,False,0.3407024501942506,False,2365.0,1.2207024501942507,2365.0,False,1970.0,False,2365.0,0.00018270681170684533,True,0.004964537164916856,0.0034590044033321805,0.0010623884765791544,rollover,1.0,0.0,0.0016001686729939077,none,HUST
HUST_8-7,2047,2047,0,False,1.1807953165501168,1.1807953165501168,False,0.3007953165501167,False,2047.0,1.1807953165501168,2047.0,False,1792.0,False,2047.0,0.00012685350945362828,True,0.003228429184820905,0.002927625633339308,0.0011815038762875384,rollover,2.0,0.0,0.00144258888938703,none,HUST
HUST_8-8,1679,1679,0,False,1.20080077601658,1.1872464024864025,True,0.32080077601657986,False,1679.0,1.20080077601658,1679.0,False,1505.0,False,1679.0,0.01638101642062062,False,0.00442676003005149,0.0018030252726569057,0.0011467968951967692,rollover,2.0,1.0,0.0007342639573658494,none,HUST
HUST_9-1,2057,2057,0,False,1.210493996840201,1.1973466943278943,True,0.330493996840201,False,2057.0,1.210493996840201,2057.0,False,1846.0,False,2057.0,0.01362588847449242,False,0.005760309709782732,0.0011444434257645397,0.001103673275946368,rollover,1.0,1.0,0.0012612734371865988,none,HUST
HUST_9-2,2143,2143,0,False,1.2036551231287271,1.1899124775446772,True,0.323655123128727,False,2143.0,1.2036551231287271,2143.0,False,1906.0,False,2143.0,0.01564824553224975,False,0.004216292285030969,0.0017519498337329686,0.0009496641477746207,rollover,2.0,1.0,0.0007545902439622376,none,HUST
HUST_9-3,1905,1905,0,False,1.2056246012432053,1.1907210705516704,True,0.32562460124320514,False,1905.0,1.2056246012432053,1905.0,False,1710.0,False,1905.0,0.01644829292929706,False,0.0047047918106980086,0.0013996293273192007,0.0009990323274328675,rollover,2.0,1.0,0.0009495021125690899,none,HUST
HUST_9-4,1975,1975,0,False,1.2069192724682765,1.1924181549339548,True,0.32691927246827635,False,1975.0,1.2069192724682765,1975.0,False,1772.0,False,1975.0,0.015909227920232194,False,0.00556879126157543,0.0015055462605043444,0.0009386551552351353,rollover,1.0,1.0,0.0008869414541354234,none,HUST
HUST_9-5,2168,2168,0,False,1.197905511991716,1.1864769376845377,True,0.3179055119917158,False,2168.0,1.197905511991716,2168.0,False,1937.0,False,2168.0,0.01210776083916465,False,0.00469905179742106,0.001794001515505479,0.0009683964175894777,rollover,1.0,3.0,0.0007653438347119145,none,HUST
HUST_9-6,1742,1742,0,False,1.204779244910649,1.1913861625485627,True,0.3247792449106488,False,1742.0,1.204779244910649,1742.0,False,1553.0,False,1742.0,0.013899579590783695,False,0.006072174220244278,0.0016566713074402581,0.0009346320858822827,rollover,2.0,1.0,0.0007303003980474276,none,HUST
HUST_9-7,2012,2012,0,False,1.1996065325045364,1.1850706040404042,True,0.3196065325045363,False,2012.0,1.1996065325045364,2012.0,False,1812.0,False,2012.0,0.015543369386173067,False,0.005064865913799916,0.0015195923062039784,0.0009689528226429501,rollover,2.0,1.0,0.0007855154707654598,none,HUST
HUST_9-8,2308,2308,0,False,1.1913103932141973,1.172632321056721,True,0.3113103932141972,False,2308.0,1.1913103932141973,2308.0,False,2088.0,False,2308.0,0.02060164330484726,False,0.004079916691909936,0.002057251716071069,0.0010300508258069409,rollover,4.0,1.0,0.0007294514652102437,none,HUST
HUST_1-1,1504,1504,0,False,1.1740283473193478,1.1740283473193478,False,0.2940283473193477,False,1504.0,1.1740283473193478,1504.0,False,1348.0,False,1504.0,0.00011768443408444185,True,0.0031110560779734646,0.0022605028631307155,0.0008093494449010704,rollover,2.0,0.0,0.000830922256103786,iso05,HUST
HUST_1-2,2678,2678,0,False,1.2053069067599071,1.2053069067599071,False,0.32530690675990703,False,2678.0,1.2053069067599071,2678.0,False,2246.0,False,2678.0,0.00011287334887333245,True,0.004374327866014931,0.0026230733016414072,0.0013429915963960493,rollover,1.0,0.0,0.0020887007127626087,iso05,HUST
HUST_1-3,1858,1858,0,False,1.1827078635068675,1.163728174980576,True,0.3027078635068674,False,1858.0,1.1827078635068675,1858.0,False,1693.0,False,1858.0,0.023812598497801485,False,0.0050613037339029094,0.0032854430565665855,0.0015490557390979934,rollover,3.0,1.0,0.0010297028129047973,iso05,HUST
HUST_1-4,1500,1500,0,False,1.1819039394457433,1.1642979376845377,True,0.30190393944574323,False,1500.0,1.1819039394457433,1500.0,False,1356.0,False,1500.0,0.022797525097129068,False,0.00559647313473896,0.0045620400290957465,0.002065043452896572,rollover,2.0,1.0,0.0014397623222747909,iso05,HUST
HUST_1-5,1971,1971,0,False,1.175808510075114,1.1572136085470088,True,0.295808510075114,False,1971.0,1.175808510075114,1971.0,False,1799.0,False,1971.0,0.023469072830876403,False,0.0023156402245399113,0.0015803458784318042,0.001594872166946353,two_term_exponential,2.0,1.0,0.0013272736899553785,iso05,HUST
HUST_1-6,1143,1143,0,False,1.2031721841491843,1.2031721841491843,False,0.32317218414918414,False,1143.0,1.2031721841491843,1143.0,False,963.0,False,1143.0,0.0,True,0.004244644705223111,0.0020721737432034815,0.001106858020008766,rollover,1.0,0.0,0.000968801548381975,iso05,HUST
HUST_1-7,1678,1678,0,False,1.1857813594405595,1.1857813594405595,False,0.3057813594405594,False,1678.0,1.1857813594405595,1678.0,False,1481.0,False,1678.0,0.00010537663817666854,True,0.003653662858037124,0.002363957474558733,0.0007775025243240545,rollover,2.0,0.0,0.0008234893293110246,iso05,HUST
HUST_1-8,2285,2285,0,False,1.190939220823621,1.190939220823621,False,0.3109392208236208,False,2285.0,1.190939220823621,2285.0,False,1976.0,False,2285.0,0.0027153061383060617,True,0.003047721216732706,0.001569478033762113,0.0007684805442853117,rollover,2.0,0.0,0.0008691852032407983,iso05,HUST
HUST_10-1,1702,1702,0,False,1.174714499300699,1.174714499300699,False,0.29471449930069893,False,1702.0,1.174714499300699,1702.0,False,1538.0,False,1702.0,0.00010840326340333384,True,0.003978773218251691,0.002089369305053742,0.0007729923474831308,rollover,2.0,0.0,0.0008256476443682517,iso05,HUST
HUST_10-2,1697,1697,0,False,1.1999069484071525,1.1851868362082365,True,0.3199069484071524,False,1697.0,1.1999069484071525,1697.0,False,1540.0,False,1697.0,0.015762449210052987,False,0.00601252510109419,0.0011833202922932543,0.0009487409671569683,rollover,1.0,1.0,0.0008209307759795678,iso05,HUST
HUST_10-3,1848,1848,0,False,1.181921724320124,1.181921724320124,False,0.301921724320124,False,1848.0,1.181921724320124,1848.0,False,1662.0,False,1848.0,0.00010580668220683265,True,0.004440798786494005,0.001829632856693215,0.0007005828647455574,rollover,2.0,16.0,0.0004918935094618849,iso05,HUST
HUST_10-4,1811,1811,0,False,1.1956806434602472,1.1792975931623932,True,0.31568064346024705,False,1811.0,1.1956806434602472,1811.0,False,1650.0,False,1811.0,0.019325626780630767,False,0.005538495324869016,0.002041576073976145,0.0010904803991309314,rollover,2.0,1.0,0.0005894755461576822,iso05,HUST
HUST_10-5,2030,2030,0,False,1.1973988891996932,1.180147335353535,True,0.31739888919969306,False,2030.0,1.1973988891996932,2030.0,False,1846.0,False,2030.0,0.020251699248903687,False,0.005335045628267943,0.0016728051314208092,0.0011157080560320392,rollover,2.0,1.0,0.0007097726708410969,iso05,HUST
HUST_10-6,2285,2285,0,False,1.2318836186480187,1.2318836186480187,False,0.35188361864801854,False,2285.0,1.2318836186480187,2285.0,False,1880.0,False,2285.0,0.00010416327376328027,True,0.004333719153681321,0.0036382064635724727,0.0008199959944094265,rollover,2.0,0.0,0.0010496813989533057,iso05,HUST
HUST_10-7,1783,1783,0,False,1.1974141228179267,1.1808558988344986,True,0.3174141228179266,False,1783.0,1.1974141228179267,1783.0,False,1610.0,False,1783.0,0.01936073411033834,False,0.0045553482397719105,0.0018498348765418316,0.0011038952206566947,rollover,2.0,1.0,0.0005162817481839776,iso05,HUST
HUST_10-8,1400,1400,0,False,1.1863510301476308,1.1863510301476308,False,0.30635103014763065,False,1400.0,1.1863510301476308,1400.0,False,1239.0,False,1400.0,0.00010737886557898868,True,0.003481714476974457,0.0026938112933968692,0.0007732145613744914,rollover,2.0,13.0,0.0006191034464174646,iso05,HUST
HUST_2-2,2651,2651,0,False,1.2212242557886563,1.2212242557886563,False,0.3412242557886562,False,2651.0,1.2212242557886563,2651.0,False,2286.0,False,2651.0,0.00011839808339808577,True,0.006556739858443381,0.002453797721064083,0.0011180180061857745,rollover,1.0,14.0,0.0007786341418870371,iso05,HUST
HUST_2-3,1751,1751,0,False,1.1844303394457434,1.166800254856255,True,0.30443033944574327,False,1751.0,1.1844303394457434,1751.0,False,1581.0,False,1751.0,0.022209645739449613,False,0.005082390105927401,0.004138850826236221,0.0018391900760430836,rollover,1.0,1.0,0.00144449564476976,iso05,HUST
HUST_2-4,1499,1499,0,False,1.1839517055167053,1.1839517055167053,False,0.30395170551670514,False,1499.0,1.1839517055167053,1499.0,False,1322.0,False,1499.0,0.00010137498057516403,True,0.002983542775301434,0.0017126169910831846,0.0007840824942766457,rollover,1.0,14.0,0.0006351249245177407,iso05,HUST
HUST_2-5,1386,1386,0,False,1.177056308987313,1.1578954442890443,True,0.29705630898731283,False,1386.0,1.177056308987313,1386.0,False,1256.0,False,1386.0,0.022204089873093746,False,0.0026182540969753513,0.0021181608598274115,0.0015354230197223684,rollover,4.0,1.0,0.0004209817828342284,iso05,HUST
HUST_2-6,1572,1572,0,False,1.192580784097388,1.1730249822843828,True,0.312580784097388,False,1572.0,1.192580784097388,1572.0,False,1437.0,False,1572.0,0.022599176689980238,False,0.005833187590299672,0.0024759003396534135,0.0016344818796724028,rollover,4.0,1.0,0.0010633144263456225,iso05,HUST
HUST_2-7,2202,2202,0,False,1.1984368495208537,1.1806023507381505,True,0.3184368495208536,False,2202.0,1.1984368495208537,2202.0,False,2004.0,False,2202.0,0.0201974065268109,False,0.0061047779148980805,0.002026580208906992,0.0011959884001253081,rollover,2.0,23.0,0.0006964628905548574,iso05,HUST
HUST_2-8,1481,1481,0,False,1.1785668376068377,1.1785668376068377,False,0.29856683760683755,False,1481.0,1.1785668376068377,1481.0,False,1328.0,False,1481.0,0.00010431546231526312,True,0.0038767516488012518,0.002126057612833884,0.0009600886557326741,rollover,1.0,0.0,0.0013084140943429754,iso05,HUST
HUST_3-1,1938,1938,0,False,1.1977781796425837,1.181669508313908,True,0.3177781796425836,False,1938.0,1.1977781796425837,1938.0,False,1752.0,False,1938.0,0.01870071577312027,False,0.0052357743294607784,0.0014752454288231964,0.001208657972915191,rollover,2.0,1.0,0.0012129277141371307,iso05,HUST
HUST_3-2,2283,2283,0,False,1.199377555037559,1.185415952447553,True,0.3193775550375588,False,2283.0,1.199377555037559,2283.0,False,2024.0,False,2283.0,0.015819955918159545,False,0.003949040561223084,0.001347818789247112,0.0010846076144455704,rollover,2.0,1.0,0.0009534177685352117,iso05,HUST
HUST_3-3,1649,1649,0,False,1.1889586590520629,1.1734822672882674,True,0.30895865905206277,False,1649.0,1.1889586590520629,1649.0,False,1510.0,False,1649.0,0.017042875783479516,False,0.006043516210271163,0.0016053159426928155,0.0011428108584699828,rollover,3.0,1.0,0.0007347452160448526,iso05,HUST
HUST_3-4,1766,1766,0,False,1.1735509308469312,1.1735509308469312,False,0.29355093084693107,False,1766.0,1.1735509308469312,1766.0,False,1592.0,False,1766.0,0.00010714763014796347,True,0.0033969198756294222,0.00173458247237894,0.0010435777024794112,rollover,2.0,1.0,0.0010441330715591393,iso05,HUST
HUST_3-5,2657,2657,0,False,1.2291144727272725,1.2291144727272725,False,0.34911447272727236,False,2657.0,1.2291144727272725,2657.0,False,2142.0,False,2657.0,0.0002641980315982728,True,0.004745149931591998,0.0038971952217785157,0.0012201802366653026,rollover,3.0,0.0,0.001657605372094037,iso05,HUST
HUST_3-6,2491,2491,0,False,1.1943579345247384,1.1792669003885003,True,0.31435793452473826,False,2491.0,1.1943579345247384,2491.0,False,2230.0,False,2491.0,0.017071739342143566,False,0.004872050423609852,0.0018516904725192507,0.0010648468437539464,rollover,2.0,1.0,0.0009679296041221224,iso05,HUST
HUST_3-7,2479,2479,0,False,1.170896992385392,1.170896992385392,False,0.2908969923853919,False,2479.0,1.170896992385392,2479.0,False,2155.0,False,2479.0,0.00013696156436138196,True,0.0036594831225226308,0.003351045526500221,0.0011445148444120387,rollover,1.0,0.0,0.0016013437258496153,iso05,HUST
HUST_3-8,2342,2342,0,False,1.2128649951825992,1.1982728158508156,True,0.33286499518259904,False,2342.0,1.2128649951825992,2342.0,False,2086.0,False,2342.0,0.01585685936286363,False,0.006064742691801188,0.0014081759510901639,0.001067228541662833,rollover,2.0,1.0,0.0009270181947284732,iso05,HUST
HUST_4-1,2217,2217,0,False,1.1820940974358976,1.1820940974358976,False,0.30209409743589744,False,2217.0,1.1820940974358976,2217.0,False,1996.0,False,2217.0,0.00010578186998166927,True,0.005571988412451025,0.0009247397770666484,0.0008766794804968303,rollover,1.0,0.0,0.0012179980110613648,iso05,HUST
HUST_4-2,1782,1782,0,False,1.1953833126133167,1.1797019522921528,True,0.31538331261331654,False,1782.0,1.1953833126133167,1782.0,False,1617.0,False,1782.0,0.01745830054390396,False,0.00501411592830164,0.0019356590154439193,0.0010530926486834078,rollover,2.0,1.0,0.0005848918380739981,iso05,HUST
HUST_4-3,1142,1142,0,False,1.1755608912198914,1.1755608912198914,False,0.29556089121989126,False,1142.0,1.1755608912198914,1142.0,False,1040.0,False,1142.0,0.00010366827246821586,True,0.0033895873522468093,0.0021212544547366432,0.0008134213992904227,rollover,2.0,0.0,0.0007494281729743244,iso05,HUST
HUST_4-4,1491,1491,0,False,1.1713454265734264,1.1713454265734264,False,0.2913454265734263,False,1491.0,1.1713454265734264,1491.0,False,1351.0,False,1491.0,0.00010793291893307355,True,0.0031875878912668906,0.00205985268408441,0.0007874464397215071,rollover,2.0,10.0,0.0005892468429648313,iso05,HUST
HUST_4-5,1561,1561,0,False,1.1944593763791764,1.1944593763791764,False,0.3144593763791763,False,1561.0,1.1944593763791764,1561.0,False,1372.0,False,1561.0,0.00011509230769291001,True,0.0037017801649690987,0.002507920697669106,0.0007497773699317827,rollover,1.0,9.0,0.0004932067870039833,iso05,HUST
HUST_4-6,1380,1380,0,False,1.1703703546231548,1.1703703546231548,False,0.29037035462315464,False,1380.0,1.1703703546231548,1380.0,False,1244.0,False,1380.0,9.907075887083394e-05,True,0.0030639465846759657,0.0018016925179186979,0.0007524791646664324,rollover,2.0,14.0,0.0005933687921985735,iso05,HUST
HUST_4-7,2216,2216,0,False,1.2279596658896657,1.2279596658896657,False,0.34795966588966554,False,2216.0,1.2279596658896657,2216.0,False,1805.0,False,2216.0,0.00010496348096356023,True,0.003926709264001348,0.0036980423778623156,0.0009743417997182521,rollover,1.0,0.0,0.0014271762435735863,iso05,HUST
HUST_4-8,1706,1706,0,False,1.1990569747733786,1.180763662004662,True,0.31905697477337847,False,1706.0,1.1990569747733786,1706.0,False,1542.0,False,1706.0,0.02147210002590416,False,0.004622436782478222,0.0022521176067018295,0.0014270729680419894,rollover,5.0,1.0,0.0010422649026162933,iso05,HUST
HUST_5-1,2507,2507,0,False,1.2056354057498062,1.2056354057498062,False,0.3256354057498061,False,2507.0,1.2056354057498062,2507.0,False,2104.0,False,2507.0,0.00019157984977979936,True,0.003986639488101447,0.0020814662085844758,0.0011685793650375623,rollover,1.0,0.0,0.0017391297514726836,iso05,HUST
HUST_5-2,1926,1926,0,False,1.1866618963481002,1.169755575757576,True,0.30666189634810004,False,1926.0,1.1866618963481002,1926.0,False,1752.0,False,1926.0,0.022885064832948387,False,0.004462202447373381,0.0023459719625461466,0.0014794174627124558,rollover,4.0,1.0,0.0007440499940933416,iso05,HUST
HUST_5-3,2689,2689,0,False,1.2017634859362858,1.2017634859362858,False,0.3217634859362857,False,2689.0,1.2017634859362858,2689.0,False,2306.0,False,2689.0,0.00037398010877987,True,0.00512988442739173,0.002114372914223176,0.0010618847926295194,rollover,1.0,0.0,0.0012987964649308864,iso05,HUST
HUST_5-4,1962,1962,0,False,1.179970822843823,1.179970822843823,False,0.2999708228438229,False,1962.0,1.179970822843823,1962.0,False,1715.0,False,1962.0,0.0002352814814809978,True,0.0035683018718740216,0.003271856982946947,0.0012147934143881592,rollover,1.0,0.0,0.0018272834202797033,iso05,HUST
HUST_5-5,1583,1583,0,False,1.1865113972028012,1.1715438983682986,True,0.3065113972028011,False,1583.0,1.1865113972028012,1583.0,False,1416.0,False,1583.0,0.01985691841492221,False,0.0027472989315013787,0.0021505880648765366,0.0014001667712583254,rollover,2.0,11.0,0.00036050345510225024,iso05,HUST
HUST_5-6,2460,2460,0,False,1.2032417255633254,1.2032417255633254,False,0.3232417255633253,False,2460.0,1.2032417255633254,2460.0,False,2069.0,False,2460.0,0.00010938741258748053,True,0.004171990973151257,0.0024197708840336804,0.0010157981332071533,rollover,1.0,0.0,0.0014486246183775583,iso05,HUST
HUST_5-7,1448,1448,0,False,1.1768484141414142,1.1768484141414142,False,0.29684841414141405,False,1448.0,1.1768484141414142,1448.0,False,1311.0,False,1448.0,0.00010441688681672723,True,0.0035325386678197036,0.002040169740180231,0.0008429149695304144,rollover,1.0,0.0,0.0007877903815497554,iso05,HUST
HUST_6-1,1609,1609,0,False,1.17404611981352,1.17404611981352,False,0.2940461198135198,False,1609.0,1.17404611981352,1609.0,False,1425.0,False,1609.0,0.00013384542864547377,True,0.002905489490969291,0.00189416842018054,0.0008745559350200061,rollover,1.0,0.0,0.001034709466579236,iso05,HUST
HUST_6-2,1908,1908,0,False,1.1987315846153885,1.1819873560217562,True,0.3187315846153884,False,1908.0,1.1987315846153885,1908.0,False,1694.0,False,1908.0,0.023327896762500577,False,0.0034533277880954122,0.0025405698245267675,0.001457637883781195,rollover,4.0,2.0,0.00041932125303910394,iso05,HUST
HUST_6-3,1804,1804,0,False,1.194666576793581,1.1791560001554002,True,0.3146665767935808,False,1804.0,1.194666576793581,1804.0,False,1605.0,False,1804.0,0.018911816835020856,False,0.004734815687212177,0.0030416761288935617,0.001506502971980534,rollover,1.0,1.0,0.001414310309781967,iso05,HUST
HUST_6-4,1717,1717,0,False,1.1777274068376067,1.1777274068376067,False,0.29772740683760657,False,1717.0,1.1777274068376067,1717.0,False,1521.0,False,1717.0,0.00010546117586129888,True,0.002690640242753236,0.0017599738994803628,0.0007792321635935192,rollover,1.0,7.0,0.00047997853696612466,iso05,HUST
HUST_6-5,2178,2178,0,False,1.1853468556332556,1.1853468556332556,False,0.3053468556332555,False,2178.0,1.1853468556332556,2178.0,False,1915.0,False,2178.0,0.00015767645687647658,True,0.0039979750478264554,0.0017784006876101009,0.0005525350287244196,rollover,2.0,7.0,0.0004099760851147328,iso05,HUST
HUST_6-6,2468,2468,0,False,1.1848687725459766,1.1712826786324784,True,0.30486877254597644,False,2468.0,1.1848687725459766,2468.0,False,2197.0,False,2468.0,0.021440608712772535,False,0.0033193023667187297,0.001979044185810051,0.0013767635356486192,rollover,2.0,1.0,0.0006812515175212979,iso05,HUST
HUST_6-8,2450,2450,0,False,1.2062976310800315,1.2062976310800315,False,0.3262976310800314,False,2450.0,1.2062976310800315,2450.0,False,1992.0,False,2450.0,0.00010263791763787111,True,0.004406734785321862,0.00356547325641721,0.0011669059161651652,rollover,2.0,16.0,0.000912375656802864,iso05,HUST
HUST_7-1,1690,1690,0,False,1.1825962915306916,1.1825962915306916,False,0.30259629153069145,False,1690.0,1.1825962915306916,1690.0,False,1494.0,False,1690.0,0.00010325366485353094,True,0.0031897492384779513,0.0017266298778930264,0.0007821018868214416,rollover,2.0,0.0,0.0007851643330912674,iso05,HUST
HUST_7-2,2030,2030,0,False,1.2004356013986055,1.190936596114996,False,0.3204356013986054,False,2030.0,1.2004356013986055,2030.0,False,1845.0,False,2030.0,0.009499005283609474,True,0.0067148717834883895,0.001015820248541752,0.0010089782302815813,rollover,2.0,1.0,0.001004672269090676,iso05,HUST
HUST_7-3,1295,1295,0,False,1.170555916550117,1.170555916550117,False,0.2905559165501168,False,1295.0,1.170555916550117,1295.0,False,1177.0,False,1295.0,0.00011200000000011201,True,0.0033293975250438543,0.0019823476966253878,0.0008104534584352484,rollover,2.0,0.0,0.000971957482646361,iso05,HUST
HUST_7-4,1393,1393,0,False,1.172528566122766,1.172528566122766,False,0.2925285661227659,False,1393.0,1.172528566122766,1393.0,False,1270.0,False,1393.0,0.00011011893291912322,True,0.0032730743526004093,0.00198502579775977,0.0008186765009008835,rollover,2.0,0.0,0.0009896802380444508,iso05,HUST
HUST_7-5,1873,1873,0,False,1.1975136004144047,1.183109502874903,True,0.3175136004144046,False,1873.0,1.1975136004144047,1873.0,False,1709.0,False,1873.0,0.0157702706552747,False,0.0056135560260329185,0.0014950684578073793,0.0007959786153722773,rollover,3.0,9.0,0.00045580807801418825,iso05,HUST
HUST_7-6,1419,1419,0,False,1.174396781973582,1.174396781973582,False,0.294396781973582,False,1419.0,1.174396781973582,1419.0,False,1293.0,False,1419.0,0.00011099740999753749,True,0.003712058574638722,0.0024414663674964454,0.0007087281961693946,rollover,2.0,10.0,0.000565667605148234,iso05,HUST
HUST_7-7,1685,1685,0,False,1.174172407770008,1.174172407770008,False,0.29417240777000786,False,1685.0,1.174172407770008,1685.0,False,1528.0,False,1685.0,0.00010763242683231589,True,0.0035901084758494864,0.001905621055686896,0.0007070187484508603,rollover,2.0,9.0,0.0005202523859257138,iso05,HUST
HUST_7-8,1938,1938,0,False,1.1975598337218376,1.1805525227661233,True,0.3175598337218375,False,1938.0,1.1975598337218376,1938.0,False,1754.0,False,1938.0,0.019969630044033515,False,0.003963941405769886,0.0018146751215064004,0.0011202831351315014,rollover,2.0,1.0,0.0007721573123817625,iso05,HUST
HUST_8-1,1308,1308,0,False,1.1758087916083915,1.1758087916083915,False,0.29580879160839135,False,1308.0,1.1758087916083915,1308.0,False,1182.0,False,1308.0,0.00010655006475013273,True,0.0031584180196300242,0.0022111604590713276,0.0006734985301753084,rollover,2.0,8.0,0.0006056750192503354,iso05,HUST
HUST_8-2,2041,2041,0,False,1.2005362913752917,1.2005362913752917,False,0.3205362913752916,False,2041.0,1.2005362913752917,2041.0,False,1760.0,False,2041.0,0.00011262833462843957,True,0.005708441672705648,0.0033064035421917965,0.0009110576057371732,rollover,2.0,0.0,0.0011791976109855433,iso05,HUST
HUST_8-3,2290,2290,0,False,1.19608527588708,1.1845108371406374,True,0.3160852758870798,False,2290.0,1.19608527588708,2290.0,False,2062.0,False,2290.0,0.014730436850560746,False,0.004735566231493343,0.0014922035089388933,0.0009769049656314865,rollover,3.0,5.0,0.0006611186315472783,iso05,HUST
HUST_8-4,1885,1885,0,False,1.17896295959596,1.17896295959596,False,0.29896295959596,False,1885.0,1.17896295959596,1885.0,False,1691.0,False,1885.0,0.00011374524734542035,True,0.003712348897723697,0.002186661501705967,0.000768678031165097,rollover,1.0,0.0,0.0009097867228754578,iso05,HUST
HUST_8-5,1348,1348,0,False,1.171830412898213,1.171830412898213,False,0.291830412898213,False,1348.0,1.171830412898213,1348.0,False,1217.0,False,1348.0,0.00010896301476281955,True,0.0027923606885220872,0.0022723242157649355,0.0007711696998210732,rollover,1.0,0.0,0.0008158683238064702,iso05,HUST
HUST_8-6,2365,2365,0,False,1.2207024501942507,1.2207024501942507,False,0.3407024501942506,False,2365.0,1.2207024501942507,2365.0,False,1970.0,False,2365.0,0.00018270681170684533,True,0.004964537164916856,0.0034590044033321805,0.0010623884765791544,rollover,1.0,0.0,0.0016001686729939077,iso05,HUST
HUST_8-7,2047,2047,0,False,1.1807953165501168,1.1807953165501168,False,0.3007953165501167,False,2047.0,1.1807953165501168,2047.0,False,1792.0,False,2047.0,0.00012685350945362828,True,0.003228429184820905,0.002927625633339308,0.0011815038762875384,rollover,2.0,0.0,0.00144258888938703,iso05,HUST
HUST_8-8,1679,1679,0,False,1.20080077601658,1.1872464024864025,True,0.32080077601657986,False,1679.0,1.20080077601658,1679.0,False,1505.0,False,1679.0,0.01638101642062062,False,0.00442676003005149,0.0018030252726569057,0.0011467968951967692,rollover,2.0,1.0,0.0007342639573658494,iso05,HUST
HUST_9-1,2057,2057,0,False,1.210493996840201,1.1973466943278943,True,0.330493996840201,False,2057.0,1.210493996840201,2057.0,False,1846.0,False,2057.0,0.01362588847449242,False,0.005760309709782732,0.0011444434257645397,0.001103673275946368,rollover,1.0,1.0,0.0012612734371865988,iso05,HUST
HUST_9-2,2143,2143,0,False,1.2036551231287271,1.1899124775446772,True,0.323655123128727,False,2143.0,1.2036551231287271,2143.0,False,1906.0,False,2143.0,0.01564824553224975,False,0.004216292285030969,0.0017519498337329686,0.0009496641477746207,rollover,2.0,1.0,0.0007545902439622376,iso05,HUST
HUST_9-3,1905,1905,0,False,1.2056246012432053,1.1907210705516704,True,0.32562460124320514,False,1905.0,1.2056246012432053,1905.0,False,1710.0,False,1905.0,0.01644829292929706,False,0.0047047918106980086,0.0013996293273192007,0.0009990323274328675,rollover,2.0,1.0,0.0009495021125690899,iso05,HUST
HUST_9-4,1975,1975,0,False,1.2069192724682765,1.1924181549339548,True,0.32691927246827635,False,1975.0,1.2069192724682765,1975.0,False,1772.0,False,1975.0,0.015909227920232194,False,0.00556879126157543,0.0015055462605043444,0.0009386551552351353,rollover,1.0,1.0,0.0008869414541354234,iso05,HUST
HUST_9-5,2168,2168,0,False,1.197905511991716,1.1864769376845377,True,0.3179055119917158,False,2168.0,1.197905511991716,2168.0,False,1937.0,False,2168.0,0.01210776083916465,False,0.00469905179742106,0.001794001515505479,0.0009683964175894777,rollover,1.0,3.0,0.0007653438347119145,iso05,HUST
HUST_9-6,1742,1742,0,False,1.204779244910649,1.1913861625485627,True,0.3247792449106488,False,1742.0,1.204779244910649,1742.0,False,1553.0,False,1742.0,0.013899579590783695,False,0.006072174220244278,0.0016566713074402581,0.0009346320858822827,rollover,2.0,1.0,0.0007303003980474276,iso05,HUST
HUST_9-7,2012,2012,0,False,1.1996065325045364,1.1850706040404042,True,0.3196065325045363,False,2012.0,1.1996065325045364,2012.0,False,1812.0,False,2012.0,0.015543369386173067,False,0.005064865913799916,0.0015195923062039784,0.0009689528226429501,rollover,2.0,1.0,0.0007855154707654598,iso05,HUST
HUST_9-8,2308,2308,0,False,1.1913103932141973,1.172632321056721,True,0.3113103932141972,False,2308.0,1.1913103932141973,2308.0,False,2088.0,False,2308.0,0.02060164330484726,False,0.004079916691909936,0.002057251716071069,0.0010300508258069409,rollover,4.0,1.0,0.0007294514652102437,iso05,HUST
HUST_1-1,1504,1504,0,False,1.1740283473193478,1.1740283473193478,False,0.2940283473193477,False,1504.0,1.1740283473193478,1504.0,False,1348.0,False,1504.0,0.00011768443408444185,True,0.0031110560779734646,0.0022605028631307155,0.0008093494449010704,rollover,2.0,0.0,0.000830922256103786,iso10,HUST
HUST_1-2,2678,2678,0,False,1.2053069067599071,1.2053069067599071,False,0.32530690675990703,False,2678.0,1.2053069067599071,2678.0,False,2246.0,False,2678.0,0.00011287334887333245,True,0.004374327866014931,0.0026230733016414072,0.0013429915963960493,rollover,1.0,0.0,0.0020887007127626087,iso10,HUST
HUST_1-3,1858,1858,0,False,1.1827078635068675,1.163728174980576,True,0.3027078635068674,False,1858.0,1.1827078635068675,1858.0,False,1693.0,False,1858.0,0.023812598497801485,False,0.0050613037339029094,0.0032854430565665855,0.0015490557390979934,rollover,3.0,1.0,0.0010297028129047973,iso10,HUST
HUST_1-4,1500,1500,0,False,1.1819039394457433,1.1642979376845377,True,0.30190393944574323,False,1500.0,1.1819039394457433,1500.0,False,1356.0,False,1500.0,0.022797525097129068,False,0.00559647313473896,0.0045620400290957465,0.002065043452896572,rollover,2.0,1.0,0.0014397623222747909,iso10,HUST
HUST_1-5,1971,1971,0,False,1.175808510075114,1.1572136085470088,True,0.295808510075114,False,1971.0,1.175808510075114,1971.0,False,1799.0,False,1971.0,0.023469072830876403,False,0.0023156402245399113,0.0015803458784318042,0.001594872166946353,two_term_exponential,2.0,1.0,0.0013272736899553785,iso10,HUST
HUST_1-6,1143,1143,0,False,1.2031721841491843,1.2031721841491843,False,0.32317218414918414,False,1143.0,1.2031721841491843,1143.0,False,963.0,False,1143.0,0.0,True,0.004244644705223111,0.0020721737432034815,0.001106858020008766,rollover,1.0,0.0,0.000968801548381975,iso10,HUST
HUST_1-7,1678,1678,0,False,1.1857813594405595,1.1857813594405595,False,0.3057813594405594,False,1678.0,1.1857813594405595,1678.0,False,1481.0,False,1678.0,0.00010537663817666854,True,0.003653662858037124,0.002363957474558733,0.0007775025243240545,rollover,2.0,0.0,0.0008234893293110246,iso10,HUST
HUST_1-8,2285,2285,0,False,1.190939220823621,1.190939220823621,False,0.3109392208236208,False,2285.0,1.190939220823621,2285.0,False,1976.0,False,2285.0,0.0027153061383060617,True,0.003047721216732706,0.001569478033762113,0.0007684805442853117,rollover,2.0,0.0,0.0008691852032407983,iso10,HUST
HUST_10-1,1702,1702,0,False,1.174714499300699,1.174714499300699,False,0.29471449930069893,False,1702.0,1.174714499300699,1702.0,False,1538.0,False,1702.0,0.00010840326340333384,True,0.003978773218251691,0.002089369305053742,0.0007729923474831308,rollover,2.0,0.0,0.0008256476443682517,iso10,HUST
HUST_10-2,1697,1697,0,False,1.1999069484071525,1.1851868362082365,True,0.3199069484071524,False,1697.0,1.1999069484071525,1697.0,False,1540.0,False,1697.0,0.015762449210052987,False,0.00601252510109419,0.0011833202922932543,0.0009487409671569683,rollover,1.0,1.0,0.0008209307759795678,iso10,HUST
HUST_10-3,1848,1848,0,False,1.181921724320124,1.181921724320124,False,0.301921724320124,False,1848.0,1.181921724320124,1848.0,False,1662.0,False,1848.0,0.00010580668220683265,True,0.004440798786494005,0.001829632856693215,0.0007005828647455574,rollover,2.0,16.0,0.0004918935094618849,iso10,HUST
HUST_10-4,1811,1811,0,False,1.1956806434602472,1.1792975931623932,True,0.31568064346024705,False,1811.0,1.1956806434602472,1811.0,False,1650.0,False,1811.0,0.019325626780630767,False,0.005538495324869016,0.002041576073976145,0.0010904803991309314,rollover,2.0,1.0,0.0005894755461576822,iso10,HUST
HUST_10-5,2030,2030,0,False,1.1973988891996932,1.180147335353535,True,0.31739888919969306,False,2030.0,1.1973988891996932,2030.0,False,1846.0,False,2030.0,0.020251699248903687,False,0.005335045628267943,0.0016728051314208092,0.0011157080560320392,rollover,2.0,1.0,0.0007097726708410969,iso10,HUST
HUST_10-6,2285,2285,0,False,1.2318836186480187,1.2318836186480187,False,0.35188361864801854,False,2285.0,1.2318836186480187,2285.0,False,1880.0,False,2285.0,0.00010416327376328027,True,0.004333719153681321,0.0036382064635724727,0.0008199959944094265,rollover,2.0,0.0,0.0010496813989533057,iso10,HUST
HUST_10-7,1783,1783,0,False,1.1974141228179267,1.1808558988344986,True,0.3174141228179266,False,1783.0,1.1974141228179267,1783.0,False,1610.0,False,1783.0,0.01936073411033834,False,0.0045553482397719105,0.0018498348765418316,0.0011038952206566947,rollover,2.0,1.0,0.0005162817481839776,iso10,HUST
HUST_10-8,1400,1400,0,False,1.1863510301476308,1.1863510301476308,False,0.30635103014763065,False,1400.0,1.1863510301476308,1400.0,False,1239.0,False,1400.0,0.00010737886557898868,True,0.003481714476974457,0.0026938112933968692,0.0007732145613744914,rollover,2.0,13.0,0.0006191034464174646,iso10,HUST
HUST_2-2,2651,2651,0,False,1.2212242557886563,1.2212242557886563,False,0.3412242557886562,False,2651.0,1.2212242557886563,2651.0,False,2286.0,False,2651.0,0.00011839808339808577,True,0.006556739858443381,0.002453797721064083,0.0011180180061857745,rollover,1.0,14.0,0.0007786341418870371,iso10,HUST
HUST_2-3,1751,1751,0,False,1.1844303394457434,1.166800254856255,True,0.30443033944574327,False,1751.0,1.1844303394457434,1751.0,False,1581.0,False,1751.0,0.022209645739449613,False,0.005082390105927401,0.004138850826236221,0.0018391900760430836,rollover,1.0,1.0,0.00144449564476976,iso10,HUST
HUST_2-4,1499,1499,0,False,1.1839517055167053,1.1839517055167053,False,0.30395170551670514,False,1499.0,1.1839517055167053,1499.0,False,1322.0,False,1499.0,0.00010137498057516403,True,0.002983542775301434,0.0017126169910831846,0.0007840824942766457,rollover,1.0,14.0,0.0006351249245177407,iso10,HUST
HUST_2-5,1386,1386,0,False,1.177056308987313,1.1578954442890443,True,0.29705630898731283,False,1386.0,1.177056308987313,1386.0,False,1256.0,False,1386.0,0.022204089873093746,False,0.0026182540969753513,0.0021181608598274115,0.0015354230197223684,rollover,4.0,1.0,0.0004209817828342284,iso10,HUST
HUST_2-6,1572,1572,0,False,1.192580784097388,1.1730249822843828,True,0.312580784097388,False,1572.0,1.192580784097388,1572.0,False,1437.0,False,1572.0,0.022599176689980238,False,0.005833187590299672,0.0024759003396534135,0.0016344818796724028,rollover,4.0,1.0,0.0010633144263456225,iso10,HUST
HUST_2-7,2202,2202,0,False,1.1984368495208537,1.1806023507381505,True,0.3184368495208536,False,2202.0,1.1984368495208537,2202.0,False,2004.0,False,2202.0,0.0201974065268109,False,0.0061047779148980805,0.002026580208906992,0.0011959884001253081,rollover,2.0,23.0,0.0006964628905548574,iso10,HUST
HUST_2-8,1481,1481,0,False,1.1785668376068377,1.1785668376068377,False,0.29856683760683755,False,1481.0,1.1785668376068377,1481.0,False,1328.0,False,1481.0,0.00010431546231526312,True,0.0038767516488012518,0.002126057612833884,0.0009600886557326741,rollover,1.0,0.0,0.0013084140943429754,iso10,HUST
HUST_3-1,1938,1938,0,False,1.1977781796425837,1.181669508313908,True,0.3177781796425836,False,1938.0,1.1977781796425837,1938.0,False,1752.0,False,1938.0,0.01870071577312027,False,0.0052357743294607784,0.0014752454288231964,0.001208657972915191,rollover,2.0,1.0,0.0012129277141371307,iso10,HUST
HUST_3-2,2283,2283,0,False,1.199377555037559,1.185415952447553,True,0.3193775550375588,False,2283.0,1.199377555037559,2283.0,False,2024.0,False,2283.0,0.015819955918159545,False,0.003949040561223084,0.001347818789247112,0.0010846076144455704,rollover,2.0,1.0,0.0009534177685352117,iso10,HUST
HUST_3-3,1649,1649,0,False,1.1889586590520629,1.1734822672882674,True,0.30895865905206277,False,1649.0,1.1889586590520629,1649.0,False,1510.0,False,1649.0,0.017042875783479516,False,0.006043516210271163,0.0016053159426928155,0.0011428108584699828,rollover,3.0,1.0,0.0007347452160448526,iso10,HUST
HUST_3-4,1766,1766,0,False,1.1735509308469312,1.1735509308469312,False,0.29355093084693107,False,1766.0,1.1735509308469312,1766.0,False,1592.0,False,1766.0,0.00010714763014796347,True,0.0033969198756294222,0.00173458247237894,0.0010435777024794112,rollover,2.0,1.0,0.0010441330715591393,iso10,HUST
HUST_3-5,2657,2657,0,False,1.2291144727272725,1.2291144727272725,False,0.34911447272727236,False,2657.0,1.2291144727272725,2657.0,False,2142.0,False,2657.0,0.0002641980315982728,True,0.004745149931591998,0.0038971952217785157,0.0012201802366653026,rollover,3.0,0.0,0.001657605372094037,iso10,HUST
HUST_3-6,2491,2491,0,False,1.1943579345247384,1.1792669003885003,True,0.31435793452473826,False,2491.0,1.1943579345247384,2491.0,False,2230.0,False,2491.0,0.017071739342143566,False,0.004872050423609852,0.0018516904725192507,0.0010648468437539464,rollover,2.0,1.0,0.0009679296041221224,iso10,HUST
HUST_3-7,2479,2479,0,False,1.170896992385392,1.170896992385392,False,0.2908969923853919,False,2479.0,1.170896992385392,2479.0,False,2155.0,False,2479.0,0.00013696156436138196,True,0.0036594831225226308,0.003351045526500221,0.0011445148444120387,rollover,1.0,0.0,0.0016013437258496153,iso10,HUST
HUST_3-8,2342,2342,0,False,1.2128649951825992,1.1982728158508156,True,0.33286499518259904,False,2342.0,1.2128649951825992,2342.0,False,2086.0,False,2342.0,0.01585685936286363,False,0.006064742691801188,0.0014081759510901639,0.001067228541662833,rollover,2.0,1.0,0.0009270181947284732,iso10,HUST
HUST_4-1,2217,2217,0,False,1.1820940974358976,1.1820940974358976,False,0.30209409743589744,False,2217.0,1.1820940974358976,2217.0,False,1996.0,False,2217.0,0.00010578186998166927,True,0.005571988412451025,0.0009247397770666484,0.0008766794804968303,rollover,1.0,0.0,0.0012179980110613648,iso10,HUST
HUST_4-2,1782,1782,0,False,1.1953833126133167,1.1797019522921528,True,0.31538331261331654,False,1782.0,1.1953833126133167,1782.0,False,1617.0,False,1782.0,0.01745830054390396,False,0.00501411592830164,0.0019356590154439193,0.0010530926486834078,rollover,2.0,1.0,0.0005848918380739981,iso10,HUST
HUST_4-3,1142,1142,0,False,1.1755608912198914,1.1755608912198914,False,0.29556089121989126,False,1142.0,1.1755608912198914,1142.0,False,1040.0,False,1142.0,0.00010366827246821586,True,0.0033895873522468093,0.0021212544547366432,0.0008134213992904227,rollover,2.0,0.0,0.0007494281729743244,iso10,HUST
HUST_4-4,1491,1491,0,False,1.1713454265734264,1.1713454265734264,False,0.2913454265734263,False,1491.0,1.1713454265734264,1491.0,False,1351.0,False,1491.0,0.00010793291893307355,True,0.0031875878912668906,0.00205985268408441,0.0007874464397215071,rollover,2.0,10.0,0.0005892468429648313,iso10,HUST
HUST_4-5,1561,1561,0,False,1.1944593763791764,1.1944593763791764,False,0.3144593763791763,False,1561.0,1.1944593763791764,1561.0,False,1372.0,False,1561.0,0.00011509230769291001,True,0.0037017801649690987,0.002507920697669106,0.0007497773699317827,rollover,1.0,9.0,0.0004932067870039833,iso10,HUST
HUST_4-6,1380,1380,0,False,1.1703703546231548,1.1703703546231548,False,0.29037035462315464,False,1380.0,1.1703703546231548,1380.0,False,1244.0,False,1380.0,9.907075887083394e-05,True,0.0030639465846759657,0.0018016925179186979,0.0007524791646664324,rollover,2.0,14.0,0.0005933687921985735,iso10,HUST
HUST_4-7,2216,2216,0,False,1.2279596658896657,1.2279596658896657,False,0.34795966588966554,False,2216.0,1.2279596658896657,2216.0,False,1805.0,False,2216.0,0.00010496348096356023,True,0.003926709264001348,0.0036980423778623156,0.0009743417997182521,rollover,1.0,0.0,0.0014271762435735863,iso10,HUST
HUST_4-8,1706,1706,0,False,1.1990569747733786,1.180763662004662,True,0.31905697477337847,False,1706.0,1.1990569747733786,1706.0,False,1542.0,False,1706.0,0.02147210002590416,False,0.004622436782478222,0.0022521176067018295,0.0014270729680419894,rollover,5.0,1.0,0.0010422649026162933,iso10,HUST
HUST_5-1,2507,2507,0,False,1.2056354057498062,1.2056354057498062,False,0.3256354057498061,False,2507.0,1.2056354057498062,2507.0,False,2104.0,False,2507.0,0.00019157984977979936,True,0.003986639488101447,0.0020814662085844758,0.0011685793650375623,rollover,1.0,0.0,0.0017391297514726836,iso10,HUST
HUST_5-2,1926,1926,0,False,1.1866618963481002,1.169755575757576,True,0.30666189634810004,False,1926.0,1.1866618963481002,1926.0,False,1752.0,False,1926.0,0.022885064832948387,False,0.004462202447373381,0.0023459719625461466,0.0014794174627124558,rollover,4.0,1.0,0.0007440499940933416,iso10,HUST
HUST_5-3,2689,2689,0,False,1.2017634859362858,1.2017634859362858,False,0.3217634859362857,False,2689.0,1.2017634859362858,2689.0,False,2306.0,False,2689.0,0.00037398010877987,True,0.00512988442739173,0.002114372914223176,0.0010618847926295194,rollover,1.0,0.0,0.0012987964649308864,iso10,HUST
HUST_5-4,1962,1962,0,False,1.179970822843823,1.179970822843823,False,0.2999708228438229,False,1962.0,1.179970822843823,1962.0,False,1715.0,False,1962.0,0.0002352814814809978,True,0.0035683018718740216,0.003271856982946947,0.0012147934143881592,rollover,1.0,0.0,0.0018272834202797033,iso10,HUST
HUST_5-5,1583,1583,0,False,1.1865113972028012,1.1715438983682986,True,0.3065113972028011,False,1583.0,1.1865113972028012,1583.0,False,1416.0,False,1583.0,0.01985691841492221,False,0.0027472989315013787,0.0021505880648765366,0.0014001667712583254,rollover,2.0,11.0,0.00036050345510225024,iso10,HUST
HUST_5-6,2460,2460,0,False,1.2032417255633254,1.2032417255633254,False,0.3232417255633253,False,2460.0,1.2032417255633254,2460.0,False,2069.0,False,2460.0,0.00010938741258748053,True,0.004171990973151257,0.0024197708840336804,0.0010157981332071533,rollover,1.0,0.0,0.0014486246183775583,iso10,HUST
HUST_5-7,1448,1448,0,False,1.1768484141414142,1.1768484141414142,False,0.29684841414141405,False,1448.0,1.1768484141414142,1448.0,False,1311.0,False,1448.0,0.00010441688681672723,True,0.0035325386678197036,0.002040169740180231,0.0008429149695304144,rollover,1.0,0.0,0.0007877903815497554,iso10,HUST
HUST_6-1,1609,1609,0,False,1.17404611981352,1.17404611981352,False,0.2940461198135198,False,1609.0,1.17404611981352,1609.0,False,1425.0,False,1609.0,0.00013384542864547377,True,0.002905489490969291,0.00189416842018054,0.0008745559350200061,rollover,1.0,0.0,0.001034709466579236,iso10,HUST
HUST_6-2,1908,1908,0,False,1.1987315846153885,1.1819873560217562,True,0.3187315846153884,False,1908.0,1.1987315846153885,1908.0,False,1694.0,False,1908.0,0.023327896762500577,False,0.0034533277880954122,0.0025405698245267675,0.001457637883781195,rollover,4.0,2.0,0.00041932125303910394,iso10,HUST
HUST_6-3,1804,1804,0,False,1.194666576793581,1.1791560001554002,True,0.3146665767935808,False,1804.0,1.194666576793581,1804.0,False,1605.0,False,1804.0,0.018911816835020856,False,0.004734815687212177,0.0030416761288935617,0.001506502971980534,rollover,1.0,1.0,0.001414310309781967,iso10,HUST
HUST_6-4,1717,1717,0,False,1.1777274068376067,1.1777274068376067,False,0.29772740683760657,False,1717.0,1.1777274068376067,1717.0,False,1521.0,False,1717.0,0.00010546117586129888,True,0.002690640242753236,0.0017599738994803628,0.0007792321635935192,rollover,1.0,7.0,0.00047997853696612466,iso10,HUST
HUST_6-5,2178,2178,0,False,1.1853468556332556,1.1853468556332556,False,0.3053468556332555,False,2178.0,1.1853468556332556,2178.0,False,1915.0,False,2178.0,0.00015767645687647658,True,0.0039979750478264554,0.0017784006876101009,0.0005525350287244196,rollover,2.0,7.0,0.0004099760851147328,iso10,HUST
HUST_6-6,2468,2468,0,False,1.1848687725459766,1.1712826786324784,True,0.30486877254597644,False,2468.0,1.1848687725459766,2468.0,False,2197.0,False,2468.0,0.021440608712772535,False,0.0033193023667187297,0.001979044185810051,0.0013767635356486192,rollover,2.0,1.0,0.0006812515175212979,iso10,HUST
HUST_6-8,2450,2450,0,False,1.2062976310800315,1.2062976310800315,False,0.3262976310800314,False,2450.0,1.2062976310800315,2450.0,False,1992.0,False,2450.0,0.00010263791763787111,True,0.004406734785321862,0.00356547325641721,0.0011669059161651652,rollover,2.0,16.0,0.000912375656802864,iso10,HUST
HUST_7-1,1690,1690,0,False,1.1825962915306916,1.1825962915306916,False,0.30259629153069145,False,1690.0,1.1825962915306916,1690.0,False,1494.0,False,1690.0,0.00010325366485353094,True,0.0031897492384779513,0.0017266298778930264,0.0007821018868214416,rollover,2.0,0.0,0.0007851643330912674,iso10,HUST
HUST_7-2,2030,2030,0,False,1.2004356013986055,1.190936596114996,False,0.3204356013986054,False,2030.0,1.2004356013986055,2030.0,False,1845.0,False,2030.0,0.009499005283609474,True,0.0067148717834883895,0.001015820248541752,0.0010089782302815813,rollover,2.0,1.0,0.001004672269090676,iso10,HUST
HUST_7-3,1295,1295,0,False,1.170555916550117,1.170555916550117,False,0.2905559165501168,False,1295.0,1.170555916550117,1295.0,False,1177.0,False,1295.0,0.00011200000000011201,True,0.0033293975250438543,0.0019823476966253878,0.0008104534584352484,rollover,2.0,0.0,0.000971957482646361,iso10,HUST
HUST_7-4,1393,1393,0,False,1.172528566122766,1.172528566122766,False,0.2925285661227659,False,1393.0,1.172528566122766,1393.0,False,1270.0,False,1393.0,0.00011011893291912322,True,0.0032730743526004093,0.00198502579775977,0.0008186765009008835,rollover,2.0,0.0,0.0009896802380444508,iso10,HUST
HUST_7-5,1873,1873,0,False,1.1975136004144047,1.183109502874903,True,0.3175136004144046,False,1873.0,1.1975136004144047,1873.0,False,1709.0,False,1873.0,0.0157702706552747,False,0.0056135560260329185,0.0014950684578073793,0.0007959786153722773,rollover,3.0,9.0,0.00045580807801418825,iso10,HUST
HUST_7-6,1419,1419,0,False,1.174396781973582,1.174396781973582,False,0.294396781973582,False,1419.0,1.174396781973582,1419.0,False,1293.0,False,1419.0,0.00011099740999753749,True,0.003712058574638722,0.0024414663674964454,0.0007087281961693946,rollover,2.0,10.0,0.000565667605148234,iso10,HUST
HUST_7-7,1685,1685,0,False,1.174172407770008,1.174172407770008,False,0.29417240777000786,False,1685.0,1.174172407770008,1685.0,False,1528.0,False,1685.0,0.00010763242683231589,True,0.0035901084758494864,0.001905621055686896,0.0007070187484508603,rollover,2.0,9.0,0.0005202523859257138,iso10,HUST
HUST_7-8,1938,1938,0,False,1.1975598337218376,1.1805525227661233,True,0.3175598337218375,False,1938.0,1.1975598337218376,1938.0,False,1754.0,False,1938.0,0.019969630044033515,False,0.003963941405769886,0.0018146751215064004,0.0011202831351315014,rollover,2.0,1.0,0.0007721573123817625,iso10,HUST
HUST_8-1,1308,1308,0,False,1.1758087916083915,1.1758087916083915,False,0.29580879160839135,False,1308.0,1.1758087916083915,1308.0,False,1182.0,False,1308.0,0.00010655006475013273,True,0.0031584180196300242,0.0022111604590713276,0.0006734985301753084,rollover,2.0,8.0,0.0006056750192503354,iso10,HUST
HUST_8-2,2041,2041,0,False,1.2005362913752917,1.2005362913752917,False,0.3205362913752916,False,2041.0,1.2005362913752917,2041.0,False,1760.0,False,2041.0,0.00011262833462843957,True,0.005708441672705648,0.0033064035421917965,0.0009110576057371732,rollover,2.0,0.0,0.0011791976109855433,iso10,HUST
HUST_8-3,2290,2290,0,False,1.19608527588708,1.1845108371406374,True,0.3160852758870798,False,2290.0,1.19608527588708,2290.0,False,2062.0,False,2290.0,0.014730436850560746,False,0.004735566231493343,0.0014922035089388933,0.0009769049656314865,rollover,3.0,5.0,0.0006611186315472783,iso10,HUST
HUST_8-4,1885,1885,0,False,1.17896295959596,1.17896295959596,False,0.29896295959596,False,1885.0,1.17896295959596,1885.0,False,1691.0,False,1885.0,0.00011374524734542035,True,0.003712348897723697,0.002186661501705967,0.000768678031165097,rollover,1.0,0.0,0.0009097867228754578,iso10,HUST
HUST_8-5,1348,1348,0,False,1.171830412898213,1.171830412898213,False,0.291830412898213,False,1348.0,1.171830412898213,1348.0,False,1217.0,False,1348.0,0.00010896301476281955,True,0.0027923606885220872,0.0022723242157649355,0.0007711696998210732,rollover,1.0,0.0,0.0008158683238064702,iso10,HUST
HUST_8-6,2365,2365,0,False,1.2207024501942507,1.2207024501942507,False,0.3407024501942506,False,2365.0,1.2207024501942507,2365.0,False,1970.0,False,2365.0,0.00018270681170684533,True,0.004964537164916856,0.0034590044033321805,0.0010623884765791544,rollover,1.0,0.0,0.0016001686729939077,iso10,HUST
HUST_8-7,2047,2047,0,False,1.1807953165501168,1.1807953165501168,False,0.3007953165501167,False,2047.0,1.1807953165501168,2047.0,False,1792.0,False,2047.0,0.00012685350945362828,True,0.003228429184820905,0.002927625633339308,0.0011815038762875384,rollover,2.0,0.0,0.00144258888938703,iso10,HUST
HUST_8-8,1679,1679,0,False,1.20080077601658,1.1872464024864025,True,0.32080077601657986,False,1679.0,1.20080077601658,1679.0,False,1505.0,False,1679.0,0.01638101642062062,False,0.00442676003005149,0.0018030252726569057,0.0011467968951967692,rollover,2.0,1.0,0.0007342639573658494,iso10,HUST
HUST_9-1,2057,2057,0,False,1.210493996840201,1.1973466943278943,True,0.330493996840201,False,2057.0,1.210493996840201,2057.0,False,1846.0,False,2057.0,0.01362588847449242,False,0.005760309709782732,0.0011444434257645397,0.001103673275946368,rollover,1.0,1.0,0.0012612734371865988,iso10,HUST
HUST_9-2,2143,2143,0,False,1.2036551231287271,1.1899124775446772,True,0.323655123128727,False,2143.0,1.2036551231287271,2143.0,False,1906.0,False,2143.0,0.01564824553224975,False,0.004216292285030969,0.0017519498337329686,0.0009496641477746207,rollover,2.0,1.0,0.0007545902439622376,iso10,HUST
HUST_9-3,1905,1905,0,False,1.2056246012432053,1.1907210705516704,True,0.32562460124320514,False,1905.0,1.2056246012432053,1905.0,False,1710.0,False,1905.0,0.01644829292929706,False,0.0047047918106980086,0.0013996293273192007,0.0009990323274328675,rollover,2.0,1.0,0.0009495021125690899,iso10,HUST
HUST_9-4,1975,1975,0,False,1.2069192724682765,1.1924181549339548,True,0.32691927246827635,False,1975.0,1.2069192724682765,1975.0,False,1772.0,False,1975.0,0.015909227920232194,False,0.00556879126157543,0.0015055462605043444,0.0009386551552351353,rollover,1.0,1.0,0.0008869414541354234,iso10,HUST
HUST_9-5,2168,2168,0,False,1.197905511991716,1.1864769376845377,True,0.3179055119917158,False,2168.0,1.197905511991716,2168.0,False,1937.0,False,2168.0,0.01210776083916465,False,0.00469905179742106,0.001794001515505479,0.0009683964175894777,rollover,1.0,3.0,0.0007653438347119145,iso10,HUST
HUST_9-6,1742,1742,0,False,1.204779244910649,1.1913861625485627,True,0.3247792449106488,False,1742.0,1.204779244910649,1742.0,False,1553.0,False,1742.0,0.013899579590783695,False,0.006072174220244278,0.0016566713074402581,0.0009346320858822827,rollover,2.0,1.0,0.0007303003980474276,iso10,HUST
HUST_9-7,2012,2012,0,False,1.1996065325045364,1.1850706040404042,True,0.3196065325045363,False,2012.0,1.1996065325045364,2012.0,False,1812.0,False,2012.0,0.015543369386173067,False,0.005064865913799916,0.0015195923062039784,0.0009689528226429501,rollover,2.0,1.0,0.0007855154707654598,iso10,HUST
HUST_9-8,2308,2308,0,False,1.1913103932141973,1.172632321056721,True,0.3113103932141972,False,2308.0,1.1913103932141973,2308.0,False,2088.0,False,2308.0,0.02060164330484726,False,0.004079916691909936,0.002057251716071069,0.0010300508258069409,rollover,4.0,1.0,0.0007294514652102437,iso10,HUST
HUST_1-1,1504,1504,0,False,1.1740283473193478,1.1740283473193478,False,0.2940283473193477,False,1504.0,1.1740283473193478,1504.0,False,1348.0,False,1504.0,0.00011768443408444185,True,0.0031110560779734646,0.0022605028631307155,0.0008093494449010704,rollover,2.0,0.0,0.000830922256103786,iso05_rc,HUST
HUST_1-2,2678,2678,0,False,1.2053069067599071,1.2053069067599071,False,0.32530690675990703,False,2678.0,1.2053069067599071,2678.0,False,2246.0,False,2678.0,0.00011287334887333245,True,0.004374327866014931,0.0026230733016414072,0.0013429915963960493,rollover,1.0,0.0,0.0020887007127626087,iso05_rc,HUST
HUST_1-3,1858,1858,0,False,1.1827078635068675,1.163728174980576,True,0.3027078635068674,False,1858.0,1.1827078635068675,1858.0,False,1693.0,False,1858.0,0.023812598497801485,False,0.0050613037339029094,0.0032854430565665855,0.0015490557390979934,rollover,3.0,1.0,0.0010297028129047973,iso05_rc,HUST
HUST_1-4,1500,1500,0,False,1.1819039394457433,1.1642979376845377,True,0.30190393944574323,False,1500.0,1.1819039394457433,1500.0,False,1356.0,False,1500.0,0.022797525097129068,False,0.00559647313473896,0.0045620400290957465,0.002065043452896572,rollover,2.0,1.0,0.0014397623222747909,iso05_rc,HUST
HUST_1-5,1971,1971,0,False,1.175808510075114,1.1572136085470088,True,0.295808510075114,False,1971.0,1.175808510075114,1971.0,False,1799.0,False,1971.0,0.023469072830876403,False,0.0023156402245399113,0.0015803458784318042,0.001594872166946353,two_term_exponential,2.0,1.0,0.0013272736899553785,iso05_rc,HUST
HUST_1-6,1143,1143,0,False,1.2031721841491843,1.2031721841491843,False,0.32317218414918414,False,1143.0,1.2031721841491843,1143.0,False,963.0,False,1143.0,0.0,True,0.004244644705223111,0.0020721737432034815,0.001106858020008766,rollover,1.0,0.0,0.000968801548381975,iso05_rc,HUST
HUST_1-7,1678,1678,0,False,1.1857813594405595,1.1857813594405595,False,0.3057813594405594,False,1678.0,1.1857813594405595,1678.0,False,1481.0,False,1678.0,0.00010537663817666854,True,0.003653662858037124,0.002363957474558733,0.0007775025243240545,rollover,2.0,0.0,0.0008234893293110246,iso05_rc,HUST
HUST_1-8,2285,2285,0,False,1.190939220823621,1.190939220823621,False,0.3109392208236208,False,2285.0,1.190939220823621,2285.0,False,1976.0,False,2285.0,0.0027153061383060617,True,0.003047721216732706,0.001569478033762113,0.0007684805442853117,rollover,2.0,0.0,0.0008691852032407983,iso05_rc,HUST
HUST_10-1,1702,1702,0,False,1.174714499300699,1.174714499300699,False,0.29471449930069893,False,1702.0,1.174714499300699,1702.0,False,1538.0,False,1702.0,0.00010840326340333384,True,0.003978773218251691,0.002089369305053742,0.0007729923474831308,rollover,2.0,0.0,0.0008256476443682517,iso05_rc,HUST
HUST_10-2,1697,1697,0,False,1.1999069484071525,1.1851868362082365,True,0.3199069484071524,False,1697.0,1.1999069484071525,1697.0,False,1540.0,False,1697.0,0.015762449210052987,False,0.00601252510109419,0.0011833202922932543,0.0009487409671569683,rollover,1.0,1.0,0.0008209307759795678,iso05_rc,HUST
HUST_10-3,1848,1848,0,False,1.181921724320124,1.181921724320124,False,0.301921724320124,False,1848.0,1.181921724320124,1848.0,False,1662.0,False,1848.0,0.00010580668220683265,True,0.004440798786494005,0.001829632856693215,0.0007005828647455574,rollover,2.0,16.0,0.0004918935094618849,iso05_rc,HUST
HUST_10-4,1811,1811,0,False,1.1956806434602472,1.1792975931623932,True,0.31568064346024705,False,1811.0,1.1956806434602472,1811.0,False,1650.0,False,1811.0,0.019325626780630767,False,0.005538495324869016,0.002041576073976145,0.0010904803991309314,rollover,2.0,1.0,0.0005894755461576822,iso05_rc,HUST
HUST_10-5,2030,2030,0,False,1.1973988891996932,1.180147335353535,True,0.31739888919969306,False,2030.0,1.1973988891996932,2030.0,False,1846.0,False,2030.0,0.020251699248903687,False,0.005335045628267943,0.0016728051314208092,0.0011157080560320392,rollover,2.0,1.0,0.0007097726708410969,iso05_rc,HUST
HUST_10-6,2285,2285,0,False,1.2318836186480187,1.2318836186480187,False,0.35188361864801854,False,2285.0,1.2318836186480187,2285.0,False,1880.0,False,2285.0,0.00010416327376328027,True,0.004333719153681321,0.0036382064635724727,0.0008199959944094265,rollover,2.0,0.0,0.0010496813989533057,iso05_rc,HUST
HUST_10-7,1783,1783,0,False,1.1974141228179267,1.1808558988344986,True,0.3174141228179266,False,1783.0,1.1974141228179267,1783.0,False,1610.0,False,1783.0,0.01936073411033834,False,0.0045553482397719105,0.0018498348765418316,0.0011038952206566947,rollover,2.0,1.0,0.0005162817481839776,iso05_rc,HUST
HUST_10-8,1400,1400,0,False,1.1863510301476308,1.1863510301476308,False,0.30635103014763065,False,1400.0,1.1863510301476308,1400.0,False,1239.0,False,1400.0,0.00010737886557898868,True,0.003481714476974457,0.0026938112933968692,0.0007732145613744914,rollover,2.0,13.0,0.0006191034464174646,iso05_rc,HUST
HUST_2-2,2651,2651,0,False,1.2212242557886563,1.2212242557886563,False,0.3412242557886562,False,2651.0,1.2212242557886563,2651.0,False,2286.0,False,2651.0,0.00011839808339808577,True,0.006556739858443381,0.002453797721064083,0.0011180180061857745,rollover,1.0,14.0,0.0007786341418870371,iso05_rc,HUST
HUST_2-3,1751,1751,0,False,1.1844303394457434,1.166800254856255,True,0.30443033944574327,False,1751.0,1.1844303394457434,1751.0,False,1581.0,False,1751.0,0.022209645739449613,False,0.005082390105927401,0.004138850826236221,0.0018391900760430836,rollover,1.0,1.0,0.00144449564476976,iso05_rc,HUST
HUST_2-4,1499,1499,0,False,1.1839517055167053,1.1839517055167053,False,0.30395170551670514,False,1499.0,1.1839517055167053,1499.0,False,1322.0,False,1499.0,0.00010137498057516403,True,0.002983542775301434,0.0017126169910831846,0.0007840824942766457,rollover,1.0,14.0,0.0006351249245177407,iso05_rc,HUST
HUST_2-5,1386,1386,0,False,1.177056308987313,1.1578954442890443,True,0.29705630898731283,False,1386.0,1.177056308987313,1386.0,False,1256.0,False,1386.0,0.022204089873093746,False,0.0026182540969753513,0.0021181608598274115,0.0015354230197223684,rollover,4.0,1.0,0.0004209817828342284,iso05_rc,HUST
HUST_2-6,1572,1572,0,False,1.192580784097388,1.1730249822843828,True,0.312580784097388,False,1572.0,1.192580784097388,1572.0,False,1437.0,False,1572.0,0.022599176689980238,False,0.005833187590299672,0.0024759003396534135,0.0016344818796724028,rollover,4.0,1.0,0.0010633144263456225,iso05_rc,HUST
HUST_2-7,2202,2202,0,False,1.1984368495208537,1.1806023507381505,True,0.3184368495208536,False,2202.0,1.1984368495208537,2202.0,False,2004.0,False,2202.0,0.0201974065268109,False,0.0061047779148980805,0.002026580208906992,0.0011959884001253081,rollover,2.0,23.0,0.0006964628905548574,iso05_rc,HUST
HUST_2-8,1481,1481,0,False,1.1785668376068377,1.1785668376068377,False,0.29856683760683755,False,1481.0,1.1785668376068377,1481.0,False,1328.0,False,1481.0,0.00010431546231526312,True,0.0038767516488012518,0.002126057612833884,0.0009600886557326741,rollover,1.0,0.0,0.0013084140943429754,iso05_rc,HUST
HUST_3-1,1938,1938,0,False,1.1977781796425837,1.181669508313908,True,0.3177781796425836,False,1938.0,1.1977781796425837,1938.0,False,1752.0,False,1938.0,0.01870071577312027,False,0.0052357743294607784,0.0014752454288231964,0.001208657972915191,rollover,2.0,1.0,0.0012129277141371307,iso05_rc,HUST
HUST_3-2,2283,2283,0,False,1.199377555037559,1.185415952447553,True,0.3193775550375588,False,2283.0,1.199377555037559,2283.0,False,2024.0,False,2283.0,0.015819955918159545,False,0.003949040561223084,0.001347818789247112,0.0010846076144455704,rollover,2.0,1.0,0.0009534177685352117,iso05_rc,HUST
HUST_3-3,1649,1649,0,False,1.1889586590520629,1.1734822672882674,True,0.30895865905206277,False,1649.0,1.1889586590520629,1649.0,False,1510.0,False,1649.0,0.017042875783479516,False,0.006043516210271163,0.0016053159426928155,0.0011428108584699828,rollover,3.0,1.0,0.0007347452160448526,iso05_rc,HUST
HUST_3-4,1766,1766,0,False,1.1735509308469312,1.1735509308469312,False,0.29355093084693107,False,1766.0,1.1735509308469312,1766.0,False,1592.0,False,1766.0,0.00010714763014796347,True,0.0033969198756294222,0.00173458247237894,0.0010435777024794112,rollover,2.0,1.0,0.0010441330715591393,iso05_rc,HUST
HUST_3-5,2657,2657,0,False,1.2291144727272725,1.2291144727272725,False,0.34911447272727236,False,2657.0,1.2291144727272725,2657.0,False,2142.0,False,2657.0,0.0002641980315982728,True,0.004745149931591998,0.0038971952217785157,0.0012201802366653026,rollover,3.0,0.0,0.001657605372094037,iso05_rc,HUST
HUST_3-6,2491,2491,0,False,1.1943579345247384,1.1792669003885003,True,0.31435793452473826,False,2491.0,1.1943579345247384,2491.0,False,2230.0,False,2491.0,0.017071739342143566,False,0.004872050423609852,0.0018516904725192507,0.0010648468437539464,rollover,2.0,1.0,0.0009679296041221224,iso05_rc,HUST
HUST_3-7,2479,2479,0,False,1.170896992385392,1.170896992385392,False,0.2908969923853919,False,2479.0,1.170896992385392,2479.0,False,2155.0,False,2479.0,0.00013696156436138196,True,0.0036594831225226308,0.003351045526500221,0.0011445148444120387,rollover,1.0,0.0,0.0016013437258496153,iso05_rc,HUST
HUST_3-8,2342,2342,0,False,1.2128649951825992,1.1982728158508156,True,0.33286499518259904,False,2342.0,1.2128649951825992,2342.0,False,2086.0,False,2342.0,0.01585685936286363,False,0.006064742691801188,0.0014081759510901639,0.001067228541662833,rollover,2.0,1.0,0.0009270181947284732,iso05_rc,HUST
HUST_4-1,2217,2217,0,False,1.1820940974358976,1.1820940974358976,False,0.30209409743589744,False,2217.0,1.1820940974358976,2217.0,False,1996.0,False,2217.0,0.00010578186998166927,True,0.005571988412451025,0.0009247397770666484,0.0008766794804968303,rollover,1.0,0.0,0.0012179980110613648,iso05_rc,HUST
HUST_4-2,1782,1782,0,False,1.1953833126133167,1.1797019522921528,True,0.31538331261331654,False,1782.0,1.1953833126133167,1782.0,False,1617.0,False,1782.0,0.01745830054390396,False,0.00501411592830164,0.0019356590154439193,0.0010530926486834078,rollover,2.0,1.0,0.0005848918380739981,iso05_rc,HUST
HUST_4-3,1142,1142,0,False,1.1755608912198914,1.1755608912198914,False,0.29556089121989126,False,1142.0,1.1755608912198914,1142.0,False,1040.0,False,1142.0,0.00010366827246821586,True,0.0033895873522468093,0.0021212544547366432,0.0008134213992904227,rollover,2.0,0.0,0.0007494281729743244,iso05_rc,HUST
HUST_4-4,1491,1491,0,False,1.1713454265734264,1.1713454265734264,False,0.2913454265734263,False,1491.0,1.1713454265734264,1491.0,False,1351.0,False,1491.0,0.00010793291893307355,True,0.0031875878912668906,0.00205985268408441,0.0007874464397215071,rollover,2.0,10.0,0.0005892468429648313,iso05_rc,HUST
HUST_4-5,1561,1561,0,False,1.1944593763791764,1.1944593763791764,False,0.3144593763791763,False,1561.0,1.1944593763791764,1561.0,False,1372.0,False,1561.0,0.00011509230769291001,True,0.0037017801649690987,0.002507920697669106,0.0007497773699317827,rollover,1.0,9.0,0.0004932067870039833,iso05_rc,HUST
HUST_4-6,1380,1380,0,False,1.1703703546231548,1.1703703546231548,False,0.29037035462315464,False,1380.0,1.1703703546231548,1380.0,False,1244.0,False,1380.0,9.907075887083394e-05,True,0.0030639465846759657,0.0018016925179186979,0.0007524791646664324,rollover,2.0,14.0,0.0005933687921985735,iso05_rc,HUST
HUST_4-7,2216,2216,0,False,1.2279596658896657,1.2279596658896657,False,0.34795966588966554,False,2216.0,1.2279596658896657,2216.0,False,1805.0,False,2216.0,0.00010496348096356023,True,0.003926709264001348,0.0036980423778623156,0.0009743417997182521,rollover,1.0,0.0,0.0014271762435735863,iso05_rc,HUST
HUST_4-8,1706,1706,0,False,1.1990569747733786,1.180763662004662,True,0.31905697477337847,False,1706.0,1.1990569747733786,1706.0,False,1542.0,False,1706.0,0.02147210002590416,False,0.004622436782478222,0.0022521176067018295,0.0014270729680419894,rollover,5.0,1.0,0.0010422649026162933,iso05_rc,HUST
HUST_5-1,2507,2507,0,False,1.2056354057498062,1.2056354057498062,False,0.3256354057498061,False,2507.0,1.2056354057498062,2507.0,False,2104.0,False,2507.0,0.00019157984977979936,True,0.003986639488101447,0.0020814662085844758,0.0011685793650375623,rollover,1.0,0.0,0.0017391297514726836,iso05_rc,HUST
HUST_5-2,1926,1926,0,False,1.1866618963481002,1.169755575757576,True,0.30666189634810004,False,1926.0,1.1866618963481002,1926.0,False,1752.0,False,1926.0,0.022885064832948387,False,0.004462202447373381,0.0023459719625461466,0.0014794174627124558,rollover,4.0,1.0,0.0007440499940933416,iso05_rc,HUST
HUST_5-3,2689,2689,0,False,1.2017634859362858,1.2017634859362858,False,0.3217634859362857,False,2689.0,1.2017634859362858,2689.0,False,2306.0,False,2689.0,0.00037398010877987,True,0.00512988442739173,0.002114372914223176,0.0010618847926295194,rollover,1.0,0.0,0.0012987964649308864,iso05_rc,HUST
HUST_5-4,1962,1962,0,False,1.179970822843823,1.179970822843823,False,0.2999708228438229,False,1962.0,1.179970822843823,1962.0,False,1715.0,False,1962.0,0.0002352814814809978,True,0.0035683018718740216,0.003271856982946947,0.0012147934143881592,rollover,1.0,0.0,0.0018272834202797033,iso05_rc,HUST
HUST_5-5,1583,1583,0,False,1.1865113972028012,1.1715438983682986,True,0.3065113972028011,False,1583.0,1.1865113972028012,1583.0,False,1416.0,False,1583.0,0.01985691841492221,False,0.0027472989315013787,0.0021505880648765366,0.0014001667712583254,rollover,2.0,11.0,0.00036050345510225024,iso05_rc,HUST
HUST_5-6,2460,2460,0,False,1.2032417255633254,1.2032417255633254,False,0.3232417255633253,False,2460.0,1.2032417255633254,2460.0,False,2069.0,False,2460.0,0.00010938741258748053,True,0.004171990973151257,0.0024197708840336804,0.0010157981332071533,rollover,1.0,0.0,0.0014486246183775583,iso05_rc,HUST
HUST_5-7,1448,1448,0,False,1.1768484141414142,1.1768484141414142,False,0.29684841414141405,False,1448.0,1.1768484141414142,1448.0,False,1311.0,False,1448.0,0.00010441688681672723,True,0.0035325386678197036,0.002040169740180231,0.0008429149695304144,rollover,1.0,0.0,0.0007877903815497554,iso05_rc,HUST
HUST_6-1,1609,1609,0,False,1.17404611981352,1.17404611981352,False,0.2940461198135198,False,1609.0,1.17404611981352,1609.0,False,1425.0,False,1609.0,0.00013384542864547377,True,0.002905489490969291,0.00189416842018054,0.0008745559350200061,rollover,1.0,0.0,0.001034709466579236,iso05_rc,HUST
HUST_6-2,1908,1908,0,False,1.1987315846153885,1.1819873560217562,True,0.3187315846153884,False,1908.0,1.1987315846153885,1908.0,False,1694.0,False,1908.0,0.023327896762500577,False,0.0034533277880954122,0.0025405698245267675,0.001457637883781195,rollover,4.0,2.0,0.00041932125303910394,iso05_rc,HUST
HUST_6-3,1804,1804,0,False,1.194666576793581,1.1791560001554002,True,0.3146665767935808,False,1804.0,1.194666576793581,1804.0,False,1605.0,False,1804.0,0.018911816835020856,False,0.004734815687212177,0.0030416761288935617,0.001506502971980534,rollover,1.0,1.0,0.001414310309781967,iso05_rc,HUST
HUST_6-4,1717,1717,0,False,1.1777274068376067,1.1777274068376067,False,0.29772740683760657,False,1717.0,1.1777274068376067,1717.0,False,1521.0,False,1717.0,0.00010546117586129888,True,0.002690640242753236,0.0017599738994803628,0.0007792321635935192,rollover,1.0,7.0,0.00047997853696612466,iso05_rc,HUST
HUST_6-5,2178,2178,0,False,1.1853468556332556,1.1853468556332556,False,0.3053468556332555,False,2178.0,1.1853468556332556,2178.0,False,1915.0,False,2178.0,0.00015767645687647658,True,0.0039979750478264554,0.0017784006876101009,0.0005525350287244196,rollover,2.0,7.0,0.0004099760851147328,iso05_rc,HUST
HUST_6-6,2468,2468,0,False,1.1848687725459766,1.1712826786324784,True,0.30486877254597644,False,2468.0,1.1848687725459766,2468.0,False,2197.0,False,2468.0,0.021440608712772535,False,0.0033193023667187297,0.001979044185810051,0.0013767635356486192,rollover,2.0,1.0,0.0006812515175212979,iso05_rc,HUST
HUST_6-8,2450,2450,0,False,1.2062976310800315,1.2062976310800315,False,0.3262976310800314,False,2450.0,1.2062976310800315,2450.0,False,1992.0,False,2450.0,0.00010263791763787111,True,0.004406734785321862,0.00356547325641721,0.0011669059161651652,rollover,2.0,16.0,0.000912375656802864,iso05_rc,HUST
HUST_7-1,1690,1690,0,False,1.1825962915306916,1.1825962915306916,False,0.30259629153069145,False,1690.0,1.1825962915306916,1690.0,False,1494.0,False,1690.0,0.00010325366485353094,True,0.0031897492384779513,0.0017266298778930264,0.0007821018868214416,rollover,2.0,0.0,0.0007851643330912674,iso05_rc,HUST
HUST_7-2,2030,2030,0,False,1.2004356013986055,1.190936596114996,False,0.3204356013986054,False,2030.0,1.2004356013986055,2030.0,False,1845.0,False,2030.0,0.009499005283609474,True,0.0067148717834883895,0.001015820248541752,0.0010089782302815813,rollover,2.0,1.0,0.001004672269090676,iso05_rc,HUST
HUST_7-3,1295,1295,0,False,1.170555916550117,1.170555916550117,False,0.2905559165501168,False,1295.0,1.170555916550117,1295.0,False,1177.0,False,1295.0,0.00011200000000011201,True,0.0033293975250438543,0.0019823476966253878,0.0008104534584352484,rollover,2.0,0.0,0.000971957482646361,iso05_rc,HUST
HUST_7-4,1393,1393,0,False,1.172528566122766,1.172528566122766,False,0.2925285661227659,False,1393.0,1.172528566122766,1393.0,False,1270.0,False,1393.0,0.00011011893291912322,True,0.0032730743526004093,0.00198502579775977,0.0008186765009008835,rollover,2.0,0.0,0.0009896802380444508,iso05_rc,HUST
HUST_7-5,1873,1873,0,False,1.1975136004144047,1.183109502874903,True,0.3175136004144046,False,1873.0,1.1975136004144047,1873.0,False,1709.0,False,1873.0,0.0157702706552747,False,0.0056135560260329185,0.0014950684578073793,0.0007959786153722773,rollover,3.0,9.0,0.00045580807801418825,iso05_rc,HUST
HUST_7-6,1419,1419,0,False,1.174396781973582,1.174396781973582,False,0.294396781973582,False,1419.0,1.174396781973582,1419.0,False,1293.0,False,1419.0,0.00011099740999753749,True,0.003712058574638722,0.0024414663674964454,0.0007087281961693946,rollover,2.0,10.0,0.000565667605148234,iso05_rc,HUST
HUST_7-7,1685,1685,0,False,1.174172407770008,1.174172407770008,False,0.29417240777000786,False,1685.0,1.174172407770008,1685.0,False,1528.0,False,1685.0,0.00010763242683231589,True,0.0035901084758494864,0.001905621055686896,0.0007070187484508603,rollover,2.0,9.0,0.0005202523859257138,iso05_rc,HUST
HUST_7-8,1938,1938,0,False,1.1975598337218376,1.1805525227661233,True,0.3175598337218375,False,1938.0,1.1975598337218376,1938.0,False,1754.0,False,1938.0,0.019969630044033515,False,0.003963941405769886,0.0018146751215064004,0.0011202831351315014,rollover,2.0,1.0,0.0007721573123817625,iso05_rc,HUST
HUST_8-1,1308,1308,0,False,1.1758087916083915,1.1758087916083915,False,0.29580879160839135,False,1308.0,1.1758087916083915,1308.0,False,1182.0,False,1308.0,0.00010655006475013273,True,0.0031584180196300242,0.0022111604590713276,0.0006734985301753084,rollover,2.0,8.0,0.0006056750192503354,iso05_rc,HUST
HUST_8-2,2041,2041,0,False,1.2005362913752917,1.2005362913752917,False,0.3205362913752916,False,2041.0,1.2005362913752917,2041.0,False,1760.0,False,2041.0,0.00011262833462843957,True,0.005708441672705648,0.0033064035421917965,0.0009110576057371732,rollover,2.0,0.0,0.0011791976109855433,iso05_rc,HUST
HUST_8-3,2290,2290,0,False,1.19608527588708,1.1845108371406374,True,0.3160852758870798,False,2290.0,1.19608527588708,2290.0,False,2062.0,False,2290.0,0.014730436850560746,False,0.004735566231493343,0.0014922035089388933,0.0009769049656314865,rollover,3.0,5.0,0.0006611186315472783,iso05_rc,HUST
HUST_8-4,1885,1885,0,False,1.17896295959596,1.17896295959596,False,0.29896295959596,False,1885.0,1.17896295959596,1885.0,False,1691.0,False,1885.0,0.00011374524734542035,True,0.003712348897723697,0.002186661501705967,0.000768678031165097,rollover,1.0,0.0,0.0009097867228754578,iso05_rc,HUST
HUST_8-5,1348,1348,0,False,1.171830412898213,1.171830412898213,False,0.291830412898213,False,1348.0,1.171830412898213,1348.0,False,1217.0,False,1348.0,0.00010896301476281955,True,0.0027923606885220872,0.0022723242157649355,0.0007711696998210732,rollover,1.0,0.0,0.0008158683238064702,iso05_rc,HUST
HUST_8-6,2365,2365,0,False,1.2207024501942507,1.2207024501942507,False,0.3407024501942506,False,2365.0,1.2207024501942507,2365.0,False,1970.0,False,2365.0,0.00018270681170684533,True,0.004964537164916856,0.0034590044033321805,0.0010623884765791544,rollover,1.0,0.0,0.0016001686729939077,iso05_rc,HUST
HUST_8-7,2047,2047,0,False,1.1807953165501168,1.1807953165501168,False,0.3007953165501167,False,2047.0,1.1807953165501168,2047.0,False,1792.0,False,2047.0,0.00012685350945362828,True,0.003228429184820905,0.002927625633339308,0.0011815038762875384,rollover,2.0,0.0,0.00144258888938703,iso05_rc,HUST
HUST_8-8,1679,1679,0,False,1.20080077601658,1.1872464024864025,True,0.32080077601657986,False,1679.0,1.20080077601658,1679.0,False,1505.0,False,1679.0,0.01638101642062062,False,0.00442676003005149,0.0018030252726569057,0.0011467968951967692,rollover,2.0,1.0,0.0007342639573658494,iso05_rc,HUST
HUST_9-1,2057,2057,0,False,1.210493996840201,1.1973466943278943,True,0.330493996840201,False,2057.0,1.210493996840201,2057.0,False,1846.0,False,2057.0,0.01362588847449242,False,0.005760309709782732,0.0011444434257645397,0.001103673275946368,rollover,1.0,1.0,0.0012612734371865988,iso05_rc,HUST
HUST_9-2,2143,2143,0,False,1.2036551231287271,1.1899124775446772,True,0.323655123128727,False,2143.0,1.2036551231287271,2143.0,False,1906.0,False,2143.0,0.01564824553224975,False,0.004216292285030969,0.0017519498337329686,0.0009496641477746207,rollover,2.0,1.0,0.0007545902439622376,iso05_rc,HUST
HUST_9-3,1905,1905,0,False,1.2056246012432053,1.1907210705516704,True,0.32562460124320514,False,1905.0,1.2056246012432053,1905.0,False,1710.0,False,1905.0,0.01644829292929706,False,0.0047047918106980086,0.0013996293273192007,0.0009990323274328675,rollover,2.0,1.0,0.0009495021125690899,iso05_rc,HUST
HUST_9-4,1975,1975,0,False,1.2069192724682765,1.1924181549339548,True,0.32691927246827635,False,1975.0,1.2069192724682765,1975.0,False,1772.0,False,1975.0,0.015909227920232194,False,0.00556879126157543,0.0015055462605043444,0.0009386551552351353,rollover,1.0,1.0,0.0008869414541354234,iso05_rc,HUST
HUST_9-5,2168,2168,0,False,1.197905511991716,1.1864769376845377,True,0.3179055119917158,False,2168.0,1.197905511991716,2168.0,False,1937.0,False,2168.0,0.01210776083916465,False,0.00469905179742106,0.001794001515505479,0.0009683964175894777,rollover,1.0,3.0,0.0007653438347119145,iso05_rc,HUST
HUST_9-6,1742,1742,0,False,1.204779244910649,1.1913861625485627,True,0.3247792449106488,False,1742.0,1.204779244910649,1742.0,False,1553.0,False,1742.0,0.013899579590783695,False,0.006072174220244278,0.0016566713074402581,0.0009346320858822827,rollover,2.0,1.0,0.0007303003980474276,iso05_rc,HUST
HUST_9-7,2012,2012,0,False,1.1996065325045364,1.1850706040404042,True,0.3196065325045363,False,2012.0,1.1996065325045364,2012.0,False,1812.0,False,2012.0,0.015543369386173067,False,0.005064865913799916,0.0015195923062039784,0.0009689528226429501,rollover,2.0,1.0,0.0007855154707654598,iso05_rc,HUST
HUST_9-8,2308,2308,0,False,1.1913103932141973,1.172632321056721,True,0.3113103932141972,False,2308.0,1.1913103932141973,2308.0,False,2088.0,False,2308.0,0.02060164330484726,False,0.004079916691909936,0.002057251716071069,0.0010300508258069409,rollover,4.0,1.0,0.0007294514652102437,iso05_rc,HUST
NASA_B0005,168,168,0,False,1.8519394283960056,1.8519394283960056,False,0.25193942839600547,False,74.0,1.8519394283960056,74.0,False,104.0,False,74.0,0.03421128049537825,False,0.007679168259053688,0.007735509740341963,0.007564812491947885,rollover,1.0,0.0,0.010875101343592694,none,NASA_PCoE
NASA_B0006,168,168,0,False,2.0290099826055994,2.0290099826055994,False,0.4290099826055993,False,63.0,2.0290099826055994,63.0,False,61.0,False,63.0,0.06267989653328954,False,0.01656198032315258,0.016236207039869974,0.015879255669401536,rollover,1.0,0.0,0.027520830367902163,none,NASA_PCoE
NASA_B0007,168,168,0,False,1.8859121048815188,1.8859121048815188,False,0.28591210488151875,False,85.0,1.8859121048815188,85.0,False,125.0,False,85.0,0.02474358987636971,False,0.006219171179701215,0.006501021659417279,0.0053395035289216285,rollover,1.0,0.0,0.007804552981911683,none,NASA_PCoE
NASA_B0018,132,132,0,False,1.8534402570613984,1.8534402570613984,False,0.2534402570613983,False,60.0,1.8534402570613984,60.0,False,76.0,False,60.0,0.06695138982065307,False,0.015528466064111263,0.014645747781479762,0.014058686480074679,rollover,1.0,0.0,0.020425943541093023,none,NASA_PCoE
NASA_B0025,28,28,0,False,1.849106698589152,1.849106698589152,False,0.2491066985891519,False,,1.849106698589152,,False,,False,28.0,0.0008501929518163198,True,0.00408130496967631,0.00407777384438866,0.0040445497342621005,rollover,0.0,0.0,0.005552146655117247,none,NASA_PCoE
NASA_B0026,28,28,0,False,1.8384128306893113,1.8384128306893113,False,0.23841283068931118,False,,1.8384128306893113,,False,,False,28.0,0.0985306949516691,False,0.04375778801800457,0.04369852719420064,0.04375824662018116,two_term_exponential,0.0,0.0,0.023120491129109938,none,NASA_PCoE
NASA_B0027,28,28,0,False,1.818239968977594,1.818239968977594,False,0.218239968977594,False,,1.818239968977594,,False,,False,28.0,0.002192095324405452,True,0.004444567556594367,0.004580633124079622,0.0043576180383654555,rollover,0.0,0.0,0.005984614604821613,none,NASA_PCoE
NASA_B0028,28,28,0,False,1.805977662571386,1.805977662571386,False,0.20597766257138583,False,,1.805977662571386,,False,,False,28.0,5.6339909302094426e-05,True,0.0039941429308135625,0.0039399071890882376,0.0038412349653687084,rollover,0.0,0.0,0.0036220783118899665,none,NASA_PCoE
NASA_B0029,40,40,0,False,1.8229717160770944,1.7592014965450875,True,0.22297171607709432,False,,1.8229717160770944,,False,,False,40.0,0.0637702195320069,False,0.011768505781571797,0.012000808367513141,0.011664138440592369,rollover,0.0,0.0,0.013881333065650408,none,NASA_PCoE
NASA_B0030,40,40,0,False,1.7513167844616742,1.710700863600158,True,0.15131678446167407,False,32.0,1.7513167844616742,32.0,False,,False,32.0,0.04061592086151622,False,0.012607486409726405,0.012749547498387732,0.012589381095562503,rollover,0.0,0.0,0.01763650843815489,none,NASA_PCoE
NASA_B0031,40,40,0,False,1.8110219556377347,1.737528905942216,True,0.21102195563773463,False,,1.8110219556377347,,False,,False,40.0,0.07349304969551862,False,0.013125752715242378,0.013238579376749698,0.013074100396754766,rollover,0.0,0.0,0.011372802446929741,none,NASA_PCoE
NASA_B0032,40,40,0,False,1.8615919504121532,1.7890829648073552,True,0.2615919504121531,False,,1.8615919504121532,,False,,False,40.0,0.07250898560479802,False,0.014599221786216702,0.014791139391837608,0.014498879947371864,rollover,1.0,0.0,0.014994193465354105,none,NASA_PCoE
NASA_B0033,197,197,0,False,1.6432558996659425,0.29835697694088165,True,0.043255899665942454,True,,1.6432558996659425,,True,143.0,False,197.0,1.3864681776212986,False,0.16015373117106654,0.1606088867049353,0.15827706044484105,rollover,1.0,2.0,0.07306030916650265,none,NASA_PCoE
NASA_B0034,197,197,0,False,1.609132668865795,1.1611500209045031,True,0.00913266886579489,True,,1.609132668865795,,True,,False,197.0,0.44798264796129184,False,0.05198276175130595,0.05184688755172806,0.051587637906083846,rollover,4.0,0.0,0.04371241311654941,none,NASA_PCoE
NASA_B0036,197,197,0,False,1.8624737896888082,1.3399499530147052,True,0.2624737896888081,False,1.0,1.8624737896888082,1.0,False,,False,1.0,0.0,True,1.866062859789963e-12,0.0,1.7119483608496466e-10,two_term_exponential,0.0,0.0,0.0,none,NASA_PCoE
NASA_B0038,47,47,0,False,1.8467042772311622,0.9842943111528104,True,0.24670427723116206,False,1.0,1.8467042772311622,1.0,False,,False,1.0,0.0,True,1.0120950189040911e-09,1.1102230246251565e-15,2.1218798940125794e-10,two_term_exponential,0.0,0.0,0.0,none,NASA_PCoE
NASA_B0039,47,47,0,False,1.8831557649690467,0.20152562614851324,True,0.2831557649690466,False,1.0,1.8831557649690467,1.0,False,,False,1.0,0.0,True,1.1879386363489175e-14,8.991474231834218e-12,7.687053632521312e-10,power_law,0.0,0.0,0.0,none,NASA_PCoE
NASA_B0040,47,47,0,False,1.8162996634397202,0.7246596903363739,True,0.21629966343972007,False,1.0,1.8162996634397202,1.0,False,47.0,False,1.0,0.0,True,1.5071807690780759e-09,1.6264767310758543e-14,1.4608262932647165e-09,two_term_exponential,0.0,0.0,0.0,none,NASA_PCoE
NASA_B0041,67,64,3,False,0.0557894049959584,0.05560860078183386,False,-1.5442105950040417,True,,0.0557894049959584,,True,13.0,False,64.0,1.2139342984741983,False,9.814873758248929,5.90475570488953,9.81487375824693,two_term_exponential,0.0,0.0,0.2573006731774353,none,NASA_PCoE
NASA_B0042,112,109,3,False,1.8754917295823137,1.8754917295823137,False,0.2754917295823136,False,3.0,1.8754917295823137,3.0,False,4.0,False,3.0,0.0,True,0.0006510957118806892,0.0007048504225939609,0.0007474047007478392,power_law,0.0,0.0,0.0017498454118104688,none,NASA_PCoE
NASA_B0043,112,109,3,False,1.8479332909279642,1.8479332909279642,False,0.24793329092796412,False,3.0,1.8479332909279642,3.0,False,4.0,False,3.0,0.0,True,1.888863440868332e-09,0.0004410950304082309,0.0002814634613508001,power_law,0.0,0.0,5.190740915884646e-10,none,NASA_PCoE
NASA_B0044,112,109,3,False,1.8165930085332274,1.8165930085332274,False,0.21659300853322727,False,3.0,1.8165930085332274,3.0,False,4.0,False,3.0,0.0,True,0.0008452130345739953,0.001860402800764626,0.0016892010461908877,power_law,0.0,0.0,0.0007858240262088866,none,NASA_PCoE
NASA_B0045,72,72,0,False,1.0275991980352135,1.0275991980352135,False,-0.5724008019647866,True,,1.0275991980352135,,True,6.0,False,72.0,0.1959390973100864,False,0.11103253759893823,0.11420642130637709,0.11014738194801368,rollover,3.0,1.0,0.012233794292761762,none,NASA_PCoE
NASA_B0046,72,72,0,False,1.6442206419448486,1.6442206419448486,False,0.04422064194484854,True,,1.6442206419448486,,True,17.0,False,72.0,0.3574403964517472,False,0.15017484103242668,0.1506707229459286,0.1502042153116756,power_law,2.0,0.0,0.039803898455147396,none,NASA_PCoE
NASA_B0047,72,72,0,False,1.6187143754688555,1.6187143754688555,False,0.01871437546885546,True,,1.6187143754688555,,True,17.0,False,72.0,0.377857196698264,False,0.14952500572945016,0.1500065935343912,0.14934345001143165,rollover,1.0,0.0,0.05017973378295856,none,NASA_PCoE
NASA_B0048,72,72,0,False,1.6000732437681433,1.6000732437681433,False,7.324376814321631e-05,True,,1.6000732437681433,,True,17.0,False,72.0,0.40843620819729765,False,0.15784926774923325,0.15826719095854574,0.15768079450949593,rollover,1.0,0.0,0.0469227922872478,none,NASA_PCoE
NASA_B0049,25,25,0,False,1.4231120329900029,1.1413926798792715,True,-0.1768879670099972,True,,1.4231120329900029,,True,10.0,False,25.0,0.2817193531107314,False,0.22219214198747173,0.22066885533543854,0.21529743957008365,rollover,0.0,0.0,0.08095649093805252,none,NASA_PCoE
NASA_B0050,25,21,4,False,1.5403239021724529,1.0607481226149602,True,-0.059676097827547236,True,,1.5403239021724529,,True,13.0,False,21.0,0.47957577955749264,False,0.3642399555975639,0.3707779292287723,0.3640287859582547,rollover,0.0,0.0,0.43447817934971156,none,NASA_PCoE
NASA_B0051,25,25,0,False,1.3408261028019275,0.9394806222991334,True,-0.2591738971980726,True,,1.3408261028019275,,True,14.0,False,25.0,0.40134548050279406,False,0.23960434340868422,0.238377005136674,0.23560575278219642,rollover,0.0,0.0,0.08155854071661235,none,NASA_PCoE
NASA_B0052,25,4,21,True,,,,,,,,,,,,,,,,,,,,,,none,NASA_PCoE
NASA_B0053,56,55,1,False,1.1224429052637999,1.113757484210841,False,-0.4775570947362002,True,,1.1224429052637999,,True,,False,55.0,0.08241572777893325,False,0.027344163253821097,0.025320756519075602,0.025490393592813645,two_term_exponential,1.0,0.0,0.026133852570162836,none,NASA_PCoE
NASA_B0054,103,102,1,False,1.101463755013821,0.9234780336768332,True,-0.498536244986179,True,,1.101463755013821,,True,,False,102.0,0.17798572133698787,False,0.03750604998364155,0.03747772473643834,0.03735231831096771,rollover,2.0,0.0,0.02103048216367214,none,NASA_PCoE
NASA_B0055,102,102,0,False,1.2544009301390688,1.0285693561948521,True,-0.34559906986093125,True,,1.2544009301390688,,True,,False,102.0,0.2258315739442167,False,0.04003484353145219,0.03958013552813679,0.03956575271239261,rollover,2.0,0.0,0.023384034446785572,none,NASA_PCoE
NASA_B0056,102,102,0,False,1.3159143026264886,1.027079278808311,True,-0.2840856973735115,True,,1.3159143026264886,,True,,False,102.0,0.2888350238181776,False,0.044833113965852996,0.04482504409484811,0.044643558136941486,rollover,2.0,0.0,0.03019557016122328,none,NASA_PCoE
NASA_B0005,168,168,0,False,1.8519394283960056,1.8519394283960056,False,0.25193942839600547,False,74.0,1.8519394283960056,74.0,False,104.0,False,74.0,0.03421128049537825,False,0.007679168259053688,0.007735509740341963,0.007564812491947885,rollover,1.0,0.0,0.010875101343592694,iso05,NASA_PCoE
NASA_B0006,168,167,1,False,2.0290099826055994,2.0290099826055994,False,0.4290099826055993,False,63.0,2.0290099826055994,63.0,False,61.0,False,63.0,0.06267989653328954,False,0.01656198032315258,0.016236207039869974,0.015879255669401536,rollover,1.0,0.0,0.027520830367902163,iso05,NASA_PCoE
NASA_B0007,168,168,0,False,1.8859121048815188,1.8859121048815188,False,0.28591210488151875,False,85.0,1.8859121048815188,85.0,False,125.0,False,85.0,0.02474358987636971,False,0.006219171179701215,0.006501021659417279,0.0053395035289216285,rollover,1.0,0.0,0.007804552981911683,iso05,NASA_PCoE
NASA_B0018,132,132,0,False,1.8534402570613984,1.8534402570613984,False,0.2534402570613983,False,60.0,1.8534402570613984,60.0,False,76.0,False,60.0,0.06695138982065307,False,0.015528466064111263,0.014645747781479762,0.014058686480074679,rollover,1.0,0.0,0.020425943541093023,iso05,NASA_PCoE
NASA_B0025,28,28,0,False,1.849106698589152,1.849106698589152,False,0.2491066985891519,False,,1.849106698589152,,False,,False,28.0,0.0008501929518163198,True,0.00408130496967631,0.00407777384438866,0.0040445497342621005,rollover,0.0,0.0,0.005552146655117247,iso05,NASA_PCoE
NASA_B0026,28,26,2,False,1.816222225612228,1.8139607353588765,False,0.21622222561222793,False,,1.816222225612228,,False,,False,26.0,0.017836227376179847,True,0.009659934666416051,0.00966973347645083,0.009644695544592016,rollover,0.0,0.0,0.00939369262373982,iso05,NASA_PCoE
NASA_B0027,28,28,0,False,1.818239968977594,1.818239968977594,False,0.218239968977594,False,,1.818239968977594,,False,,False,28.0,0.002192095324405452,True,0.004444567556594367,0.004580633124079622,0.0043576180383654555,rollover,0.0,0.0,0.005984614604821613,iso05,NASA_PCoE
NASA_B0028,28,28,0,False,1.805977662571386,1.805977662571386,False,0.20597766257138583,False,,1.805977662571386,,False,,False,28.0,5.6339909302094426e-05,True,0.0039941429308135625,0.0039399071890882376,0.0038412349653687084,rollover,0.0,0.0,0.0036220783118899665,iso05,NASA_PCoE
NASA_B0029,40,39,1,False,1.8369500418982991,1.8369500418982991,False,0.23695004189829905,False,,1.8369500418982991,,False,,False,39.0,0.0,True,0.005182025251002815,0.005152791989358662,0.005121782425192226,rollover,0.0,0.0,0.00772594273427867,iso05,NASA_PCoE
NASA_B0030,40,40,0,False,1.7513167844616742,1.710700863600158,True,0.15131678446167407,False,32.0,1.7513167844616742,32.0,False,,False,32.0,0.04061592086151622,False,0.012607486409726405,0.012749547498387732,0.012589381095562503,rollover,0.0,0.0,0.01763650843815489,iso05,NASA_PCoE
NASA_B0031,40,39,1,False,1.8248716900414725,1.8248716900414725,False,0.22487169004147245,False,,1.8248716900414725,,False,,False,39.0,0.0022538069973823127,True,0.0059168704837774385,0.005898395691061962,0.005873514658728232,rollover,0.0,0.0,0.009058505364335768,iso05,NASA_PCoE
NASA_B0032,40,39,1,False,1.8906440940050562,1.8906440940050562,False,0.2906440940050561,False,,1.8906440940050562,,False,,False,39.0,0.0,True,0.005962739010510586,0.006133736028583456,0.005834840720906291,rollover,0.0,0.0,0.009931920646675134,iso05,NASA_PCoE
NASA_B0033,197,192,5,False,1.6386070220646656,0.30905417513184474,True,0.038607022064665486,True,,1.6386070220646656,,True,139.0,False,192.0,1.3631518745649316,False,0.16018250935280304,0.1606505845060281,0.1583064787628068,rollover,1.0,2.0,0.07174710926761024,iso05,NASA_PCoE
NASA_B0034,197,193,4,False,1.687059774064263,1.687059774064263,False,0.08705977406426291,True,,1.687059774064263,,True,76.0,False,193.0,0.13703071144072254,False,0.028982335169557595,0.029063919148100876,0.028375773390026907,rollover,3.0,0.0,0.042451803771972746,iso05,NASA_PCoE
NASA_B0036,197,194,3,False,1.8051011164587945,1.8051011164587945,False,0.20510111645879436,False,183.0,1.8051011164587945,183.0,False,,False,183.0,0.06314355670803984,False,0.007161286808966744,0.007087994181070801,0.0069182039037739285,rollover,2.0,1.0,0.011296721700258252,iso05,NASA_PCoE
NASA_B0038,47,46,1,False,1.8467042772311622,1.0897228263412844,True,0.24670427723116206,False,1.0,1.8467042772311622,1.0,False,,False,1.0,0.0,True,2.6001508723894062e-09,1.1102230246251565e-16,1.5371481865145142e-10,two_term_exponential,0.0,0.0,0.0,iso05,NASA_PCoE
NASA_B0039,47,45,2,False,1.8831557649690467,0.6412319522528497,True,0.2831557649690466,False,1.0,1.8831557649690467,1.0,False,2.0,False,1.0,0.0,True,4.336608738775283e-09,2.653433028854124e-13,6.285355569346507e-11,two_term_exponential,0.0,0.0,0.0,iso05,NASA_PCoE
NASA_B0040,47,47,0,False,1.8162996634397202,0.7246596903363739,True,0.21629966343972007,False,1.0,1.8162996634397202,1.0,False,47.0,False,1.0,0.0,True,1.5071807690780759e-09,1.6264767310758543e-14,1.4608262932647165e-09,two_term_exponential,0.0,0.0,0.0,iso05,NASA_PCoE
NASA_B0041,67,63,4,False,0.0557894049959584,0.05560860078183386,False,-1.5442105950040417,True,,0.0557894049959584,,True,13.0,False,63.0,1.1745242372424844,False,9.556472880423392,5.801836442852562,9.556472880423522,two_term_exponential,0.0,0.0,0.24911514831680392,iso05,NASA_PCoE
NASA_B0042,112,108,4,False,1.7332554361893322,1.7332554361893322,False,0.1332554361893321,False,35.0,1.7332554361893322,35.0,False,39.0,False,35.0,0.002433670839523394,True,0.004824748354419834,0.004869515907928098,0.004736305325010607,rollover,1.0,0.0,0.006166540452528454,iso05,NASA_PCoE
NASA_B0043,112,108,4,False,1.7100642339880905,1.7100642339880905,False,0.1100642339880904,False,15.0,1.7100642339880905,15.0,False,39.0,False,15.0,0.0,True,0.0012063481930304318,0.0014869130395878311,0.0013764762247736387,power_law,0.0,0.0,0.0026906760860069974,iso05,NASA_PCoE
NASA_B0044,112,108,4,False,1.6816032175914586,1.6816032175914586,False,0.0816032175914585,True,,1.6816032175914586,,True,39.0,False,108.0,1.643024267419865,False,0.3731543114731664,0.33808535495207376,0.3286043964106666,rollover,0.0,0.0,0.7250963874475694,iso05,NASA_PCoE
NASA_B0045,72,69,3,False,0.9172421844459612,0.9172421844459612,False,-0.6827578155540389,True,,0.9172421844459612,,True,19.0,False,69.0,0.013554851437912574,False,0.012861028919621473,0.01670792022172551,0.01412617495190023,power_law,1.0,0.0,0.009556530001985936,iso05,NASA_PCoE
NASA_B0046,72,68,4,False,1.511932307718117,1.511932307718117,False,-0.08806769228188305,True,,1.511932307718117,,True,40.0,False,68.0,0.04830251402679364,False,0.021593658781596373,0.017252350557134716,0.016403358474315566,rollover,0.0,0.0,0.021674707146484284,iso05,NASA_PCoE
NASA_B0047,72,68,4,False,1.5207764415670204,1.5207764415670204,False,-0.07922355843297968,True,,1.5207764415670204,,True,27.0,False,68.0,0.06298571405531495,False,0.02349873458968654,0.016719665292193597,0.01738643524199679,two_term_exponential,0.0,0.0,0.02471134320572806,iso05,NASA_PCoE
NASA_B0048,72,68,4,False,1.5050038334537565,1.5050038334537565,False,-0.09499616654624354,True,,1.5050038334537565,,True,44.0,False,68.0,0.07367012788267058,False,0.023123477177273526,0.016689801929811742,0.017732305129990102,two_term_exponential,0.0,0.0,0.024025117181315968,iso05,NASA_PCoE
NASA_B0049,25,23,2,False,1.565104125276807,1.565104125276807,False,-0.03489587472319311,True,,1.565104125276807,,True,6.0,False,23.0,0.07889578423920884,False,0.15819432555204954,0.1627253742321681,0.15117114835580397,rollover,0.0,0.0,0.06619938480273833,iso05,NASA_PCoE
NASA_B0050,25,18,7,True,,,,,,,,,,,,,,,,,,,,,,iso05,NASA_PCoE
NASA_B0051,25,23,2,False,1.4110687888889974,1.4110687888889974,False,-0.18893121111100264,True,,1.4110687888889974,,True,7.0,False,23.0,0.08644836782109067,False,0.1776663200398176,0.17988334427250072,0.1723552704966823,rollover,0.0,0.0,0.06789157984230454,iso05,NASA_PCoE
NASA_B0052,25,3,22,True,,,,,,,,,,,,,,,,,,,,,,iso05,NASA_PCoE
NASA_B0053,56,55,1,False,1.1224429052637999,1.113757484210841,False,-0.4775570947362002,True,,1.1224429052637999,,True,,False,55.0,0.08241572777893325,False,0.027344163253821097,0.025320756519075602,0.025490393592813645,two_term_exponential,1.0,0.0,0.026133852570162836,iso05,NASA_PCoE
NASA_B0054,103,101,2,False,1.1504531232642043,1.1504531232642043,False,-0.44954687673579574,True,,1.1504531232642043,,True,60.0,False,101.0,0.0544831248670854,False,0.021467996584735624,0.022017248163218178,0.021121595660850968,rollover,1.0,0.0,0.017855876337576265,iso05,NASA_PCoE
NASA_B0055,102,102,0,False,1.2544009301390688,1.0285693561948521,True,-0.34559906986093125,True,,1.2544009301390688,,True,,False,102.0,0.2258315739442167,False,0.04003484353145219,0.03958013552813679,0.03956575271239261,rollover,2.0,0.0,0.023384034446785572,iso05,NASA_PCoE
NASA_B0056,102,101,1,False,1.3369488331300579,1.3369488331300579,False,-0.26305116686994223,True,,1.3369488331300579,,True,,False,101.0,0.09714707352406249,False,0.02675608390999103,0.02769115204680325,0.02655599370177466,rollover,1.0,0.0,0.028015006591833085,iso05,NASA_PCoE
NASA_B0005,168,168,0,False,1.8519394283960056,1.8519394283960056,False,0.25193942839600547,False,74.0,1.8519394283960056,74.0,False,104.0,False,74.0,0.03421128049537825,False,0.007679168259053688,0.007735509740341963,0.007564812491947885,rollover,1.0,0.0,0.010875101343592694,iso10,NASA_PCoE
NASA_B0006,168,168,0,False,2.0290099826055994,2.0290099826055994,False,0.4290099826055993,False,63.0,2.0290099826055994,63.0,False,61.0,False,63.0,0.06267989653328954,False,0.01656198032315258,0.016236207039869974,0.015879255669401536,rollover,1.0,0.0,0.027520830367902163,iso10,NASA_PCoE
NASA_B0007,168,168,0,False,1.8859121048815188,1.8859121048815188,False,0.28591210488151875,False,85.0,1.8859121048815188,85.0,False,125.0,False,85.0,0.02474358987636971,False,0.006219171179701215,0.006501021659417279,0.0053395035289216285,rollover,1.0,0.0,0.007804552981911683,iso10,NASA_PCoE
NASA_B0018,132,132,0,False,1.8534402570613984,1.8534402570613984,False,0.2534402570613983,False,60.0,1.8534402570613984,60.0,False,76.0,False,60.0,0.06695138982065307,False,0.015528466064111263,0.014645747781479762,0.014058686480074679,rollover,1.0,0.0,0.020425943541093023,iso10,NASA_PCoE
NASA_B0025,28,28,0,False,1.849106698589152,1.849106698589152,False,0.2491066985891519,False,,1.849106698589152,,False,,False,28.0,0.0008501929518163198,True,0.00408130496967631,0.00407777384438866,0.0040445497342621005,rollover,0.0,0.0,0.005552146655117247,iso10,NASA_PCoE
NASA_B0026,28,27,1,False,1.816222225612228,1.8139607353588765,False,0.21622222561222793,False,,1.816222225612228,,False,,False,27.0,0.028321356493862027,False,0.014698932933906124,0.014615001317360122,0.014578462082666308,rollover,0.0,0.0,0.01150562954827399,iso10,NASA_PCoE
NASA_B0027,28,28,0,False,1.818239968977594,1.818239968977594,False,0.218239968977594,False,,1.818239968977594,,False,,False,28.0,0.002192095324405452,True,0.004444567556594367,0.004580633124079622,0.0043576180383654555,rollover,0.0,0.0,0.005984614604821613,iso10,NASA_PCoE
NASA_B0028,28,28,0,False,1.805977662571386,1.805977662571386,False,0.20597766257138583,False,,1.805977662571386,,False,,False,28.0,5.6339909302094426e-05,True,0.0039941429308135625,0.0039399071890882376,0.0038412349653687084,rollover,0.0,0.0,0.0036220783118899665,iso10,NASA_PCoE
NASA_B0029,40,40,0,False,1.8229717160770944,1.7592014965450875,True,0.22297171607709432,False,,1.8229717160770944,,False,,False,40.0,0.0637702195320069,False,0.011768505781571797,0.012000808367513141,0.011664138440592369,rollover,0.0,0.0,0.013881333065650408,iso10,NASA_PCoE
NASA_B0030,40,40,0,False,1.7513167844616742,1.710700863600158,True,0.15131678446167407,False,32.0,1.7513167844616742,32.0,False,,False,32.0,0.04061592086151622,False,0.012607486409726405,0.012749547498387732,0.012589381095562503,rollover,0.0,0.0,0.01763650843815489,iso10,NASA_PCoE
NASA_B0031,40,40,0,False,1.8110219556377347,1.737528905942216,True,0.21102195563773463,False,,1.8110219556377347,,False,,False,40.0,0.07349304969551862,False,0.013125752715242378,0.013238579376749698,0.013074100396754766,rollover,0.0,0.0,0.011372802446929741,iso10,NASA_PCoE
NASA_B0032,40,40,0,False,1.8615919504121532,1.7890829648073552,True,0.2615919504121531,False,,1.8615919504121532,,False,,False,40.0,0.07250898560479802,False,0.014599221786216702,0.014791139391837608,0.014498879947371864,rollover,1.0,0.0,0.014994193465354105,iso10,NASA_PCoE
NASA_B0033,197,195,2,False,1.6432558996659425,0.29835697694088165,True,0.043255899665942454,True,,1.6432558996659425,,True,141.0,False,195.0,1.3733880188022982,False,0.1591938519798321,0.1594392513549328,0.15729109544514291,rollover,8.0,2.0,0.04240297773817032,iso10,NASA_PCoE
NASA_B0034,197,194,3,False,1.687059774064263,1.687059774064263,False,0.08705977406426291,True,,1.687059774064263,,True,77.0,False,194.0,0.13703071144072254,False,0.029691660512207986,0.02968102427045293,0.028972651073312008,rollover,3.0,0.0,0.04195228579446578,iso10,NASA_PCoE
NASA_B0036,197,194,3,False,1.8051011164587945,1.8051011164587945,False,0.20510111645879436,False,183.0,1.8051011164587945,183.0,False,,False,183.0,0.06314355670803984,False,0.007161286808966744,0.007087994181070801,0.0069182039037739285,rollover,2.0,1.0,0.011296721700258252,iso10,NASA_PCoE
NASA_B0038,47,46,1,False,1.8467042772311622,0.9842943111528104,True,0.24670427723116206,False,1.0,1.8467042772311622,1.0,False,,False,1.0,0.0,True,1.0120950189040911e-09,1.1102230246251565e-15,2.1218798940125794e-10,two_term_exponential,0.0,0.0,0.0,iso10,NASA_PCoE
NASA_B0039,47,45,2,False,1.8831557649690467,0.6412319522528497,True,0.2831557649690466,False,1.0,1.8831557649690467,1.0,False,2.0,False,1.0,0.0,True,4.336608738775283e-09,2.653433028854124e-13,6.285355569346507e-11,two_term_exponential,0.0,0.0,0.0,iso10,NASA_PCoE
NASA_B0040,47,47,0,False,1.8162996634397202,0.7246596903363739,True,0.21629966343972007,False,1.0,1.8162996634397202,1.0,False,47.0,False,1.0,0.0,True,1.5071807690780759e-09,1.6264767310758543e-14,1.4608262932647165e-09,two_term_exponential,0.0,0.0,0.0,iso10,NASA_PCoE
NASA_B0041,67,64,3,False,0.0557894049959584,0.05560860078183386,False,-1.5442105950040417,True,,0.0557894049959584,,True,13.0,False,64.0,1.2139342984741983,False,9.814873758248929,5.90475570488953,9.81487375824693,two_term_exponential,0.0,0.0,0.2573006731774353,iso10,NASA_PCoE
NASA_B0042,112,108,4,False,1.7332554361893322,1.7332554361893322,False,0.1332554361893321,False,35.0,1.7332554361893322,35.0,False,39.0,False,35.0,0.002433670839523394,True,0.004824748354419834,0.004869515907928098,0.004736305325010607,rollover,1.0,0.0,0.006166540452528454,iso10,NASA_PCoE
NASA_B0043,112,108,4,False,1.7100642339880905,1.7100642339880905,False,0.1100642339880904,False,15.0,1.7100642339880905,15.0,False,39.0,False,15.0,0.0,True,0.0012063481930304318,0.0014869130395878311,0.0013764762247736387,power_law,0.0,0.0,0.0026906760860069974,iso10,NASA_PCoE
NASA_B0044,112,108,4,False,1.6816032175914586,1.6816032175914586,False,0.0816032175914585,True,,1.6816032175914586,,True,39.0,False,108.0,1.643024267419865,False,0.3731543114731664,0.33808535495207376,0.3286043964106666,rollover,0.0,0.0,0.7250963874475694,iso10,NASA_PCoE
NASA_B0045,72,69,3,False,0.9172421844459612,0.9172421844459612,False,-0.6827578155540389,True,,0.9172421844459612,,True,19.0,False,69.0,0.013554851437912574,False,0.012861028919621473,0.01670792022172551,0.01412617495190023,power_law,1.0,0.0,0.009556530001985936,iso10,NASA_PCoE
NASA_B0046,72,68,4,False,1.511932307718117,1.511932307718117,False,-0.08806769228188305,True,,1.511932307718117,,True,40.0,False,68.0,0.04830251402679364,False,0.021593658781596373,0.017252350557134716,0.016403358474315566,rollover,0.0,0.0,0.021674707146484284,iso10,NASA_PCoE
NASA_B0047,72,69,3,False,1.6187143754688555,1.6187143754688555,False,0.01871437546885546,True,,1.6187143754688555,,True,22.0,False,69.0,0.06298571405531495,False,0.021707597218711485,0.018226692420702913,0.019110641080183188,two_term_exponential,0.0,0.0,0.0244784053583716,iso10,NASA_PCoE
NASA_B0048,72,69,3,False,1.6000732437681433,1.6000732437681433,False,7.324376814321631e-05,True,,1.6000732437681433,,True,26.0,False,69.0,0.07367012788267058,False,0.02166006861346042,0.0182101205755093,0.019340018216686874,two_term_exponential,0.0,0.0,0.026962876142635747,iso10,NASA_PCoE
NASA_B0049,25,23,2,False,1.565104125276807,1.565104125276807,False,-0.03489587472319311,True,,1.565104125276807,,True,6.0,False,23.0,0.07889578423920884,False,0.15819432555204954,0.1627253742321681,0.15117114835580397,rollover,0.0,0.0,0.06619938480273833,iso10,NASA_PCoE
NASA_B0050,25,17,8,True,,,,,,,,,,,,,,,,,,,,,,iso10,NASA_PCoE
NASA_B0051,25,22,3,False,1.3205408588319105,1.3205408588319105,False,-0.27945914116808956,True,,1.3205408588319105,,True,4.0,False,22.0,0.0,True,0.02920705340067438,0.05123732846827916,0.024162676239895355,rollover,0.0,0.0,0.02974601451304891,iso10,NASA_PCoE
NASA_B0052,25,3,22,True,,,,,,,,,,,,,,,,,,,,,,iso10,NASA_PCoE
NASA_B0053,56,55,1,False,1.1224429052637999,1.113757484210841,False,-0.4775570947362002,True,,1.1224429052637999,,True,,False,55.0,0.08241572777893325,False,0.027344163253821097,0.025320756519075602,0.025490393592813645,two_term_exponential,1.0,0.0,0.026133852570162836,iso10,NASA_PCoE
NASA_B0054,103,101,2,False,1.1504531232642043,1.1504531232642043,False,-0.44954687673579574,True,,1.1504531232642043,,True,60.0,False,101.0,0.0544831248670854,False,0.021467996584735624,0.022017248163218178,0.021121595660850968,rollover,1.0,0.0,0.017855876337576265,iso10,NASA_PCoE
NASA_B0055,102,101,1,False,1.3093590200479694,1.3093590200479694,False,-0.29064097995203064,True,,1.3093590200479694,,True,56.0,False,101.0,0.05420155613000843,False,0.019722917948583787,0.022778903940536537,0.01928691391947489,rollover,3.0,0.0,0.018276643980513648,iso10,NASA_PCoE
NASA_B0056,102,101,1,False,1.3369488331300579,1.3369488331300579,False,-0.26305116686994223,True,,1.3369488331300579,,True,,False,101.0,0.09714707352406249,False,0.02675608390999103,0.02769115204680325,0.02655599370177466,rollover,1.0,0.0,0.028015006591833085,iso10,NASA_PCoE
NASA_B0005,168,168,0,False,1.8519394283960056,1.8519394283960056,False,0.25193942839600547,False,74.0,1.8519394283960056,74.0,False,104.0,False,74.0,0.03421128049537825,False,0.007679168259053688,0.007735509740341963,0.007564812491947885,rollover,1.0,0.0,0.010875101343592694,iso05_rc,NASA_PCoE
NASA_B0006,168,167,1,False,2.0290099826055994,2.0290099826055994,False,0.4290099826055993,False,63.0,2.0290099826055994,63.0,False,61.0,False,63.0,0.06267989653328954,False,0.01656198032315258,0.016236207039869974,0.015879255669401536,rollover,1.0,0.0,0.027520830367902163,iso05_rc,NASA_PCoE
NASA_B0007,168,168,0,False,1.8859121048815188,1.8859121048815188,False,0.28591210488151875,False,85.0,1.8859121048815188,85.0,False,125.0,False,85.0,0.02474358987636971,False,0.006219171179701215,0.006501021659417279,0.0053395035289216285,rollover,1.0,0.0,0.007804552981911683,iso05_rc,NASA_PCoE
NASA_B0018,132,132,0,False,1.8534402570613984,1.8534402570613984,False,0.2534402570613983,False,60.0,1.8534402570613984,60.0,False,76.0,False,60.0,0.06695138982065307,False,0.015528466064111263,0.014645747781479762,0.014058686480074679,rollover,1.0,0.0,0.020425943541093023,iso05_rc,NASA_PCoE
NASA_B0025,28,28,0,False,1.849106698589152,1.849106698589152,False,0.2491066985891519,False,,1.849106698589152,,False,,False,28.0,0.0008501929518163198,True,0.00408130496967631,0.00407777384438866,0.0040445497342621005,rollover,0.0,0.0,0.005552146655117247,iso05_rc,NASA_PCoE
NASA_B0026,28,26,2,False,1.816222225612228,1.8139607353588765,False,0.21622222561222793,False,,1.816222225612228,,False,,False,26.0,0.017836227376179847,True,0.009659934666416051,0.00966973347645083,0.009644695544592016,rollover,0.0,0.0,0.00939369262373982,iso05_rc,NASA_PCoE
NASA_B0027,28,28,0,False,1.818239968977594,1.818239968977594,False,0.218239968977594,False,,1.818239968977594,,False,,False,28.0,0.002192095324405452,True,0.004444567556594367,0.004580633124079622,0.0043576180383654555,rollover,0.0,0.0,0.005984614604821613,iso05_rc,NASA_PCoE
NASA_B0028,28,28,0,False,1.805977662571386,1.805977662571386,False,0.20597766257138583,False,,1.805977662571386,,False,,False,28.0,5.6339909302094426e-05,True,0.0039941429308135625,0.0039399071890882376,0.0038412349653687084,rollover,0.0,0.0,0.0036220783118899665,iso05_rc,NASA_PCoE
NASA_B0029,40,39,1,False,1.8369500418982991,1.8369500418982991,False,0.23695004189829905,False,,1.8369500418982991,,False,,False,39.0,0.0,True,0.005182025251002815,0.005152791989358662,0.005121782425192226,rollover,0.0,0.0,0.00772594273427867,iso05_rc,NASA_PCoE
NASA_B0030,40,40,0,False,1.7513167844616742,1.710700863600158,True,0.15131678446167407,False,32.0,1.7513167844616742,32.0,False,,False,32.0,0.04061592086151622,False,0.012607486409726405,0.012749547498387732,0.012589381095562503,rollover,0.0,0.0,0.01763650843815489,iso05_rc,NASA_PCoE
NASA_B0031,40,39,1,False,1.8248716900414725,1.8248716900414725,False,0.22487169004147245,False,,1.8248716900414725,,False,,False,39.0,0.0022538069973823127,True,0.0059168704837774385,0.005898395691061962,0.005873514658728232,rollover,0.0,0.0,0.009058505364335768,iso05_rc,NASA_PCoE
NASA_B0032,40,39,1,False,1.8906440940050562,1.8906440940050562,False,0.2906440940050561,False,,1.8906440940050562,,False,,False,39.0,0.0,True,0.005962739010510586,0.006133736028583456,0.005834840720906291,rollover,0.0,0.0,0.009931920646675134,iso05_rc,NASA_PCoE
NASA_B0033,197,190,7,False,1.6466436872907007,1.1892575156591594,True,0.046643687290700564,True,,1.6466436872907007,,True,134.0,False,190.0,1.3631518745649316,False,0.13892792196036166,0.13677645807975972,0.13436640771495337,rollover,5.0,2.0,0.038694090884855634,iso05_rc,NASA_PCoE
NASA_B0034,197,192,5,False,1.6816300176492887,1.6816300176492887,False,0.08163001764928857,True,,1.6816300176492887,,True,75.0,False,192.0,0.13703071144072254,False,0.02917791166733309,0.02910796809921399,0.028398083479588648,rollover,3.0,0.0,0.04214033082391202,iso05_rc,NASA_PCoE
NASA_B0036,197,194,3,False,1.8051011164587945,1.8051011164587945,False,0.20510111645879436,False,183.0,1.8051011164587945,183.0,False,,False,183.0,0.06314355670803984,False,0.007161286808966744,0.007087994181070801,0.0069182039037739285,rollover,2.0,1.0,0.011296721700258252,iso05_rc,NASA_PCoE
NASA_B0038,47,46,1,False,1.8467042772311622,1.0897228263412844,True,0.24670427723116206,False,1.0,1.8467042772311622,1.0,False,,False,1.0,0.0,True,2.6001508723894062e-09,1.1102230246251565e-16,1.5371481865145142e-10,two_term_exponential,0.0,0.0,0.0,iso05_rc,NASA_PCoE
NASA_B0039,47,35,12,False,1.7716448235120288,1.7562250377160928,False,0.1716448235120287,False,32.0,1.7716448235120288,32.0,False,35.0,False,32.0,0.015419785795935947,True,0.008327344575684533,0.01075163094147659,0.00816087018812892,rollover,1.0,1.0,0.004522999720504951,iso05_rc,NASA_PCoE
NASA_B0040,47,35,12,False,1.7338527278063545,1.7183264847539734,False,0.13385272780635438,False,31.0,1.7338527278063545,31.0,False,33.0,False,31.0,0.08704825147702655,False,0.00643298644844577,0.006611856799602666,0.006169205757367085,rollover,1.0,1.0,0.0037637885453942876,iso05_rc,NASA_PCoE
NASA_B0041,67,63,4,False,0.0557894049959584,0.05560860078183386,False,-1.5442105950040417,True,,0.0557894049959584,,True,13.0,False,63.0,1.1745242372424844,False,9.556472880423392,5.801836442852562,9.556472880423522,two_term_exponential,0.0,0.0,0.24911514831680392,iso05_rc,NASA_PCoE
NASA_B0042,112,108,4,False,1.7332554361893322,1.7332554361893322,False,0.1332554361893321,False,35.0,1.7332554361893322,35.0,False,39.0,False,35.0,0.002433670839523394,True,0.004824748354419834,0.004869515907928098,0.004736305325010607,rollover,1.0,0.0,0.006166540452528454,iso05_rc,NASA_PCoE
NASA_B0043,112,108,4,False,1.7100642339880905,1.7100642339880905,False,0.1100642339880904,False,15.0,1.7100642339880905,15.0,False,39.0,False,15.0,0.0,True,0.0012063481930304318,0.0014869130395878311,0.0013764762247736387,power_law,0.0,0.0,0.0026906760860069974,iso05_rc,NASA_PCoE
NASA_B0044,112,108,4,False,1.6816032175914586,1.6816032175914586,False,0.0816032175914585,True,,1.6816032175914586,,True,39.0,False,108.0,1.643024267419865,False,0.3731543114731664,0.33808535495207376,0.3286043964106666,rollover,0.0,0.0,0.7250963874475694,iso05_rc,NASA_PCoE
NASA_B0045,72,69,3,False,0.9172421844459612,0.9172421844459612,False,-0.6827578155540389,True,,0.9172421844459612,,True,19.0,False,69.0,0.013554851437912574,False,0.012861028919621473,0.01670792022172551,0.01412617495190023,power_law,1.0,0.0,0.009556530001985936,iso05_rc,NASA_PCoE
NASA_B0046,72,68,4,False,1.511932307718117,1.511932307718117,False,-0.08806769228188305,True,,1.511932307718117,,True,40.0,False,68.0,0.04830251402679364,False,0.021593658781596373,0.017252350557134716,0.016403358474315566,rollover,0.0,0.0,0.021674707146484284,iso05_rc,NASA_PCoE
NASA_B0047,72,68,4,False,1.5207764415670204,1.5207764415670204,False,-0.07922355843297968,True,,1.5207764415670204,,True,27.0,False,68.0,0.06298571405531495,False,0.02349873458968654,0.016719665292193597,0.01738643524199679,two_term_exponential,0.0,0.0,0.02471134320572806,iso05_rc,NASA_PCoE
NASA_B0048,72,68,4,False,1.5050038334537565,1.5050038334537565,False,-0.09499616654624354,True,,1.5050038334537565,,True,44.0,False,68.0,0.07367012788267058,False,0.023123477177273526,0.016689801929811742,0.017732305129990102,two_term_exponential,0.0,0.0,0.024025117181315968,iso05_rc,NASA_PCoE
NASA_B0049,25,23,2,False,1.565104125276807,1.565104125276807,False,-0.03489587472319311,True,,1.565104125276807,,True,6.0,False,23.0,0.07889578423920884,False,0.15819432555204954,0.1627253742321681,0.15117114835580397,rollover,0.0,0.0,0.06619938480273833,iso05_rc,NASA_PCoE
NASA_B0050,25,16,9,True,,,,,,,,,,,,,,,,,,,,,,iso05_rc,NASA_PCoE
NASA_B0051,25,22,3,False,1.3205408588319105,1.3205408588319105,False,-0.27945914116808956,True,,1.3205408588319105,,True,4.0,False,22.0,0.0,True,0.02920705340067438,0.05123732846827916,0.024162676239895355,rollover,0.0,0.0,0.02974601451304891,iso05_rc,NASA_PCoE
NASA_B0052,25,3,22,True,,,,,,,,,,,,,,,,,,,,,,iso05_rc,NASA_PCoE
NASA_B0053,56,55,1,False,1.1224429052637999,1.113757484210841,False,-0.4775570947362002,True,,1.1224429052637999,,True,,False,55.0,0.08241572777893325,False,0.027344163253821097,0.025320756519075602,0.025490393592813645,two_term_exponential,1.0,0.0,0.026133852570162836,iso05_rc,NASA_PCoE
NASA_B0054,103,101,2,False,1.1504531232642043,1.1504531232642043,False,-0.44954687673579574,True,,1.1504531232642043,,True,60.0,False,101.0,0.0544831248670854,False,0.021467996584735624,0.022017248163218178,0.021121595660850968,rollover,1.0,0.0,0.017855876337576265,iso05_rc,NASA_PCoE
NASA_B0055,102,102,0,False,1.2544009301390688,1.0285693561948521,True,-0.34559906986093125,True,,1.2544009301390688,,True,,False,102.0,0.2258315739442167,False,0.04003484353145219,0.03958013552813679,0.03956575271239261,rollover,2.0,0.0,0.023384034446785572,iso05_rc,NASA_PCoE
NASA_B0056,102,101,1,False,1.3369488331300579,1.3369488331300579,False,-0.26305116686994223,True,,1.3369488331300579,,True,,False,101.0,0.09714707352406249,False,0.02675608390999103,0.02769115204680325,0.02655599370177466,rollover,1.0,0.0,0.028015006591833085,iso05_rc,NASA_PCoE
